"DateTime","FSC-Gain","SSC-Gain","SSC-B-Gain","V1-Gain","V2-Gain","V3-Gain","V4-Gain","V5-Gain","V6-Gain","V7-Gain","V8-Gain","V9-Gain","V10-Gain","V11-Gain","V12-Gain","V13-Gain","V14-Gain","V15-Gain","V16-Gain","B1-Gain","B2-Gain","B3-Gain","B4-Gain","B5-Gain","B6-Gain","B7-Gain","B8-Gain","B9-Gain","B10-Gain","B11-Gain","B12-Gain","B13-Gain","B14-Gain","R1-Gain","R2-Gain","R3-Gain","R4-Gain","R5-Gain","R6-Gain","R7-Gain","R8-Gain","Flag-FSC-Gain","Flag-SSC-Gain","Flag-SSC-B-Gain","Flag-V1-Gain","Flag-V2-Gain","Flag-V3-Gain","Flag-V4-Gain","Flag-V5-Gain","Flag-V6-Gain","Flag-V7-Gain","Flag-V8-Gain","Flag-V9-Gain","Flag-V10-Gain","Flag-V11-Gain","Flag-V12-Gain","Flag-V13-Gain","Flag-V14-Gain","Flag-V15-Gain","Flag-V16-Gain","Flag-B1-Gain","Flag-B2-Gain","Flag-B3-Gain","Flag-B4-Gain","Flag-B5-Gain","Flag-B6-Gain","Flag-B7-Gain","Flag-B8-Gain","Flag-B9-Gain","Flag-B10-Gain","Flag-B11-Gain","Flag-B12-Gain","Flag-B13-Gain","Flag-B14-Gain","Flag-R1-Gain","Flag-R2-Gain","Flag-R3-Gain","Flag-R4-Gain","Flag-R5-Gain","Flag-R6-Gain","Flag-R7-Gain","Flag-R8-Gain","FSC-% rCV","SSC-% rCV","SSC-B-% rCV","V1-% rCV","V2-% rCV","V3-% rCV","V4-% rCV","V5-% rCV","V6-% rCV","V7-% rCV","V8-% rCV","V9-% rCV","V10-% rCV","V11-% rCV","V12-% rCV","V13-% rCV","V14-% rCV","V15-% rCV","V16-% rCV","B1-% rCV","B2-% rCV","B3-% rCV","B4-% rCV","B5-% rCV","B6-% rCV","B7-% rCV","B8-% rCV","B9-% rCV","B10-% rCV","B11-% rCV","B12-% rCV","B13-% rCV","B14-% rCV","R1-% rCV","R2-% rCV","R3-% rCV","R4-% rCV","R5-% rCV","R6-% rCV","R7-% rCV","R8-% rCV","Flag-FSC-% rCV","Flag-SSC-% rCV","Flag-SSC-B-% rCV","Flag-V1-% rCV","Flag-V2-% rCV","Flag-V3-% rCV","Flag-V4-% rCV","Flag-V5-% rCV","Flag-V6-% rCV","Flag-V7-% rCV","Flag-V8-% rCV","Flag-V9-% rCV","Flag-V10-% rCV","Flag-V11-% rCV","Flag-V12-% rCV","Flag-V13-% rCV","Flag-V14-% rCV","Flag-V15-% rCV","Flag-V16-% rCV","Flag-B1-% rCV","Flag-B2-% rCV","Flag-B3-% rCV","Flag-B4-% rCV","Flag-B5-% rCV","Flag-B6-% rCV","Flag-B7-% rCV","Flag-B8-% rCV","Flag-B9-% rCV","Flag-B10-% rCV","Flag-B11-% rCV","Flag-B12-% rCV","Flag-B13-% rCV","Flag-B14-% rCV","Flag-R1-% rCV","Flag-R2-% rCV","Flag-R3-% rCV","Flag-R4-% rCV","Flag-R5-% rCV","Flag-R6-% rCV","Flag-R7-% rCV","Flag-R8-% rCV","Violet-Laser Delay","Blue-Laser Delay","Red-Laser Delay","Flag-Violet-Laser Delay","Flag-Blue-Laser Delay","Flag-Red-Laser Delay","Violet-Area Scaling Factor","Blue-Area Scaling Factor","Red-Area Scaling Factor","Flag-Violet-Area Scaling Factor","Flag-Blue-Area Scaling Factor","Flag-Red-Area Scaling Factor","Violet-Laser Power","Blue-Laser Power","Red-Laser Power","Flag-Violet-Laser Power","Flag-Blue-Laser Power","Flag-Red-Laser Power","FSCAreaScalingFactor","Flag-FSCAreaScalingFactor","FlowRate","Flag-FlowRate","Temperature","Flag-Temperature"
2026-06-10 09:53:01,361,13,87,213,341,305,184,194,203,264,334,275,314,265,200,206,270,332,303,662,380,348,464,284,246,492,502,576,436,264,475,499,474,542,366,405,364,268,219,522,332,FALSE,FALSE,FALSE,FALSE,FALSE,FALSE,FALSE,FALSE,FALSE,FALSE,FALSE,FALSE,FALSE,FALSE,FALSE,FALSE,FALSE,FALSE,FALSE,FALSE,FALSE,FALSE,FALSE,FALSE,FALSE,FALSE,FALSE,FALSE,FALSE,FALSE,FALSE,FALSE,FALSE,FALSE,FALSE,FALSE,FALSE,FALSE,FALSE,FALSE,FALSE,1.6293168,2.6278243,2.9384477,2.9836695,2.748885,2.7046058,2.6756065,2.7162786,2.530224,2.7737024,2.9416583,2.9549844,2.8563404,2.9141736,2.9867473,3.0562828,3.0771189,3.0266333,3.200674,2.0246773,2.032697,1.9764361,1.5345689,1.7959853,1.8048352,1.5974703,1.5739694,1.9437469,1.8811564,1.704585,1.7206529,2.1731386,1.9462308,2.0535073,1.8464962,1.8401986,1.9505669,1.9272504,1.9598577,2.3243144,2.203162,FALSE,FALSE,FALSE,FALSE,FALSE,FALSE,FALSE,FALSE,FALSE,FALSE,FALSE,FALSE,FALSE,FALSE,FALSE,FALSE,FALSE,FALSE,FALSE,FALSE,FALSE,FALSE,FALSE,FALSE,FALSE,FALSE,FALSE,FALSE,FALSE,FALSE,FALSE,FALSE,FALSE,FALSE,FALSE,FALSE,FALSE,FALSE,FALSE,FALSE,FALSE,-27.3,0,26.92,FALSE,FALSE,FALSE,1.18,1.09,1.2,FALSE,FALSE,FALSE,NA,NA,NA,NA,NA,NA,1.16,FALSE,10.73,FALSE,27,FALSE
2026-06-09 09:37:45,361,13,92,214,343,306,185,196,206,266,337,274,315,262,197,202,265,326,299,683,396,359,476,292,253,504,514,586,446,270,485,510,481,531,354,396,354,261,212,506,321,FALSE,FALSE,FALSE,FALSE,FALSE,FALSE,FALSE,FALSE,FALSE,FALSE,FALSE,FALSE,FALSE,FALSE,FALSE,FALSE,FALSE,FALSE,FALSE,FALSE,FALSE,FALSE,FALSE,FALSE,FALSE,FALSE,FALSE,FALSE,FALSE,FALSE,FALSE,FALSE,FALSE,FALSE,FALSE,FALSE,FALSE,FALSE,FALSE,FALSE,FALSE,1.8446431,3.1397696,3.3840797,3.6242452,3.368818,3.2964454,3.3116121,3.3709965,3.1611753,3.4044378,3.6459348,3.7047367,3.5833147,3.585424,3.7106707,3.7895641,3.8438063,3.7492254,4.0099154,2.1564438,2.174272,2.1398964,1.7148571,1.9891527,2.0096328,1.7439449,1.8050313,2.1593153,2.1189034,1.8798987,1.9702781,2.4512413,2.0957568,3.069576,2.840116,2.870598,3.0122046,2.9470725,3.079013,3.4069564,3.3690236,FALSE,FALSE,FALSE,FALSE,FALSE,FALSE,FALSE,FALSE,FALSE,FALSE,FALSE,FALSE,FALSE,FALSE,FALSE,FALSE,FALSE,FALSE,FALSE,FALSE,FALSE,FALSE,FALSE,FALSE,FALSE,FALSE,FALSE,FALSE,FALSE,FALSE,FALSE,FALSE,FALSE,FALSE,FALSE,FALSE,FALSE,FALSE,FALSE,FALSE,FALSE,-27.12,0,27.28,FALSE,FALSE,FALSE,1.18,1.07,1.19,FALSE,FALSE,FALSE,NA,NA,NA,NA,NA,NA,1.15,FALSE,10.95,FALSE,24.6,FALSE
2026-06-08 14:37:46,361,13,86,216,340,305,184,197,204,265,336,275,321,264,203,208,274,336,310,656,379,351,461,283,246,487,505,584,440,265,476,507,473,525,366,413,370,269,223,526,335,FALSE,FALSE,FALSE,FALSE,FALSE,FALSE,FALSE,FALSE,FALSE,FALSE,FALSE,FALSE,FALSE,FALSE,FALSE,FALSE,FALSE,FALSE,FALSE,FALSE,FALSE,FALSE,FALSE,FALSE,FALSE,FALSE,FALSE,FALSE,FALSE,FALSE,FALSE,FALSE,FALSE,FALSE,FALSE,FALSE,FALSE,FALSE,FALSE,FALSE,FALSE,3.5306287,3.3514886,3.1115694,3.8175154,3.6204615,3.5220788,3.5400088,3.5485346,3.423128,3.6176596,3.7756946,3.877265,3.8027167,3.7662644,3.880071,3.9613717,4.0003138,3.8880997,4.1263657,2.4902618,2.5673165,2.558179,1.9340796,2.322631,2.2059758,1.9495288,1.8601799,2.351019,2.3367705,1.9790034,1.9939218,2.5627944,2.3710988,2.4549525,2.1339984,2.1782544,2.2899654,2.2228138,2.2739415,2.75439,2.6406922,FALSE,FALSE,FALSE,FALSE,FALSE,FALSE,FALSE,FALSE,FALSE,FALSE,FALSE,FALSE,FALSE,FALSE,FALSE,FALSE,FALSE,FALSE,FALSE,FALSE,FALSE,FALSE,FALSE,FALSE,FALSE,FALSE,FALSE,FALSE,FALSE,FALSE,FALSE,FALSE,FALSE,FALSE,FALSE,FALSE,FALSE,FALSE,FALSE,FALSE,FALSE,-27.25,0,26.9,FALSE,FALSE,FALSE,1.18,1.09,1.2,FALSE,FALSE,FALSE,NA,NA,NA,NA,NA,NA,1.16,FALSE,10.61,FALSE,27.8,FALSE
2026-06-04 08:52:29,361,13,88,212,337,302,180,190,198,254,315,262,305,257,211,236,315,396,367,646,368,331,438,268,235,478,508,625,493,303,552,590,564,556,383,469,441,329,268,649,423,FALSE,FALSE,FALSE,FALSE,FALSE,FALSE,FALSE,FALSE,FALSE,FALSE,FALSE,FALSE,FALSE,FALSE,FALSE,FALSE,FALSE,FALSE,FALSE,FALSE,FALSE,FALSE,FALSE,FALSE,FALSE,FALSE,FALSE,FALSE,FALSE,FALSE,FALSE,FALSE,FALSE,FALSE,FALSE,FALSE,FALSE,FALSE,FALSE,FALSE,FALSE,1.596758,2.7102866,3.1216762,3.101259,2.8686645,2.8005514,2.793707,2.848908,2.6336625,2.8683455,3.0628812,3.108729,3.0251498,3.0780647,3.4835153,4.344519,4.6880083,4.8593855,5.0545692,2.095987,2.1131792,2.1444056,1.8136216,1.929673,1.8272711,1.5893381,1.6666591,2.66172,3.1833477,3.389044,3.6805444,4.058256,3.992423,2.3193574,2.3650115,3.630419,4.2383857,4.4467273,4.3226833,4.708355,4.7625566,FALSE,FALSE,FALSE,FALSE,FALSE,FALSE,FALSE,FALSE,FALSE,FALSE,FALSE,FALSE,FALSE,FALSE,FALSE,FALSE,FALSE,FALSE,FALSE,FALSE,FALSE,FALSE,FALSE,FALSE,FALSE,FALSE,FALSE,FALSE,FALSE,FALSE,FALSE,FALSE,FALSE,FALSE,FALSE,FALSE,FALSE,FALSE,FALSE,FALSE,FALSE,-27.3,0,27.08,FALSE,FALSE,FALSE,1.18,1.09,1.21,FALSE,FALSE,FALSE,NA,NA,NA,NA,NA,NA,1.17,FALSE,11.15,FALSE,26.1,FALSE
2026-06-03 09:12:08,361,13,90,210,333,301,181,192,201,261,330,267,311,255,193,200,262,322,294,674,387,356,471,286,248,495,515,581,442,267,482,504,480,516,348,392,350,259,210,503,321,FALSE,FALSE,FALSE,FALSE,FALSE,FALSE,FALSE,FALSE,FALSE,FALSE,FALSE,FALSE,FALSE,FALSE,FALSE,FALSE,FALSE,FALSE,FALSE,FALSE,FALSE,FALSE,FALSE,FALSE,FALSE,FALSE,FALSE,FALSE,FALSE,FALSE,FALSE,FALSE,FALSE,FALSE,FALSE,FALSE,FALSE,FALSE,FALSE,FALSE,FALSE,1.5677426,2.348215,3.0164587,2.7589886,2.4971077,2.4385967,2.4560313,2.5270517,2.3149955,2.5499337,2.7558787,2.7510755,2.6617715,2.7182264,2.7718496,2.8295298,2.8270028,2.8248928,3.0034585,1.9781595,1.9143397,1.8974142,1.4977865,1.7387036,1.7671757,1.5569859,1.5790627,1.8970662,1.8767897,1.727677,1.7285516,2.1981614,1.9050552,2.4522789,2.1970837,2.262604,2.3521976,2.335576,2.3984795,2.7261178,2.6228433,FALSE,FALSE,FALSE,FALSE,FALSE,FALSE,FALSE,FALSE,FALSE,FALSE,FALSE,FALSE,FALSE,FALSE,FALSE,FALSE,FALSE,FALSE,FALSE,FALSE,FALSE,FALSE,FALSE,FALSE,FALSE,FALSE,FALSE,FALSE,FALSE,FALSE,FALSE,FALSE,FALSE,FALSE,FALSE,FALSE,FALSE,FALSE,FALSE,FALSE,FALSE,-27.25,0,27.18,FALSE,FALSE,FALSE,1.18,1.08,1.2,FALSE,FALSE,FALSE,NA,NA,NA,NA,NA,NA,1.16,FALSE,10.69,FALSE,25.1,FALSE
2026-06-02 09:35:19,361,13,90,210,333,301,181,192,201,261,330,267,311,255,193,200,262,322,294,674,387,356,471,286,248,495,515,581,442,267,482,504,480,516,348,392,350,259,210,503,321,FALSE,FALSE,FALSE,FALSE,FALSE,FALSE,FALSE,FALSE,FALSE,FALSE,FALSE,FALSE,FALSE,FALSE,FALSE,FALSE,FALSE,FALSE,FALSE,FALSE,FALSE,FALSE,FALSE,FALSE,FALSE,FALSE,FALSE,FALSE,FALSE,FALSE,FALSE,FALSE,FALSE,FALSE,FALSE,FALSE,FALSE,FALSE,FALSE,FALSE,FALSE,1.8499033,2.5722046,3.2185295,3.0039408,2.7236662,2.6890223,2.6963353,2.7345362,2.4931898,2.789061,3.0145853,3.0443892,2.8856828,2.962916,3.035226,3.0828326,3.142761,3.090607,3.2895896,2.081553,2.0870504,2.054902,1.6035137,1.8937395,1.9254692,1.6972961,1.6964449,2.0717726,2.0450997,1.8316444,1.8163681,2.3901725,2.0508566,2.762274,2.582529,2.5936165,2.7235816,2.6783462,2.7916512,3.137011,3.0548468,FALSE,FALSE,FALSE,FALSE,FALSE,FALSE,FALSE,FALSE,FALSE,FALSE,FALSE,FALSE,FALSE,FALSE,FALSE,FALSE,FALSE,FALSE,FALSE,FALSE,FALSE,FALSE,FALSE,FALSE,FALSE,FALSE,FALSE,FALSE,FALSE,FALSE,FALSE,FALSE,FALSE,FALSE,FALSE,FALSE,FALSE,FALSE,FALSE,FALSE,FALSE,-27.2,0,27.25,FALSE,FALSE,FALSE,1.18,1.08,1.2,FALSE,FALSE,FALSE,NA,NA,NA,NA,NA,NA,1.16,FALSE,13.1,FALSE,25,FALSE
2026-06-01 08:58:26,361,13,88,211,334,301,181,192,200,260,327,268,308,256,196,201,261,323,298,659,386,354,462,284,247,492,510,586,441,267,481,506,476,543,364,406,364,266,219,517,330,FALSE,FALSE,FALSE,FALSE,FALSE,FALSE,FALSE,FALSE,FALSE,FALSE,FALSE,FALSE,FALSE,FALSE,FALSE,FALSE,FALSE,FALSE,FALSE,FALSE,FALSE,FALSE,FALSE,FALSE,FALSE,FALSE,FALSE,FALSE,FALSE,FALSE,FALSE,FALSE,FALSE,FALSE,FALSE,FALSE,FALSE,FALSE,FALSE,FALSE,FALSE,1.6367382,3.0075336,3.1915638,3.3819425,3.0709186,3.0286105,3.034783,3.090508,2.8567348,3.137124,3.3786938,3.4287114,3.289673,3.3346705,3.4386358,3.4891262,3.5188968,3.4334118,3.6397603,2.13629,2.1739538,2.1780205,1.5605843,1.9555258,1.9585233,1.6609063,1.633297,2.133791,2.132102,1.804542,1.8151041,2.425904,2.1155872,2.7840974,2.5292273,2.5931199,2.7653801,2.668647,2.81481,3.1884856,3.029951,FALSE,FALSE,FALSE,FALSE,FALSE,FALSE,FALSE,FALSE,FALSE,FALSE,FALSE,FALSE,FALSE,FALSE,FALSE,FALSE,FALSE,FALSE,FALSE,FALSE,FALSE,FALSE,FALSE,FALSE,FALSE,FALSE,FALSE,FALSE,FALSE,FALSE,FALSE,FALSE,FALSE,FALSE,FALSE,FALSE,FALSE,FALSE,FALSE,FALSE,FALSE,-27.22,0,27.05,FALSE,FALSE,FALSE,1.18,1.09,1.2,FALSE,FALSE,FALSE,NA,NA,NA,NA,NA,NA,1.17,FALSE,13.41,FALSE,26.2,FALSE
2026-05-29 09:08:11,361,13,88,211,334,301,181,192,200,260,327,268,308,256,196,201,261,323,298,659,386,354,462,284,247,492,510,586,441,267,481,506,476,543,364,406,364,266,219,517,330,FALSE,FALSE,FALSE,FALSE,FALSE,FALSE,FALSE,FALSE,FALSE,FALSE,FALSE,FALSE,FALSE,FALSE,FALSE,FALSE,FALSE,FALSE,FALSE,FALSE,FALSE,FALSE,FALSE,FALSE,FALSE,FALSE,FALSE,FALSE,FALSE,FALSE,FALSE,FALSE,FALSE,FALSE,FALSE,FALSE,FALSE,FALSE,FALSE,FALSE,FALSE,3.4245696,3.2281485,3.1078148,3.7227883,3.4655046,3.3931308,3.3876028,3.4382727,3.2356944,3.4995418,3.7478256,3.8343086,3.7131689,3.7179205,3.946595,4.306908,4.473432,4.3961415,4.650182,2.2777703,2.3543167,2.370513,1.6888523,2.1065488,2.0237803,1.6843406,1.6854335,2.3131468,2.4212008,2.2273092,2.339423,2.807127,2.711031,2.708117,2.3959048,2.6413608,2.8073602,2.8961613,2.8781404,3.254554,3.2687175,FALSE,FALSE,FALSE,FALSE,FALSE,FALSE,FALSE,FALSE,FALSE,FALSE,FALSE,FALSE,FALSE,FALSE,FALSE,FALSE,FALSE,FALSE,FALSE,FALSE,FALSE,FALSE,FALSE,FALSE,FALSE,FALSE,FALSE,FALSE,FALSE,FALSE,FALSE,FALSE,FALSE,FALSE,FALSE,FALSE,FALSE,FALSE,FALSE,FALSE,FALSE,-27.25,0,26.92,FALSE,FALSE,FALSE,1.18,1.09,1.21,FALSE,FALSE,FALSE,NA,NA,NA,NA,NA,NA,1.16,FALSE,12.79,FALSE,27,FALSE
2026-05-28 09:24:18,361,13,88,211,334,301,181,192,200,260,327,268,308,256,196,201,261,323,298,659,386,354,462,284,247,492,510,586,441,267,481,506,476,543,364,406,364,266,219,517,330,FALSE,FALSE,FALSE,FALSE,FALSE,FALSE,FALSE,FALSE,FALSE,FALSE,FALSE,FALSE,FALSE,FALSE,FALSE,FALSE,FALSE,FALSE,FALSE,FALSE,FALSE,FALSE,FALSE,FALSE,FALSE,FALSE,FALSE,FALSE,FALSE,FALSE,FALSE,FALSE,FALSE,FALSE,FALSE,FALSE,FALSE,FALSE,FALSE,FALSE,FALSE,2.960522,3.0697563,3.0258963,3.4540977,3.2790375,3.1923313,3.1846511,3.2092755,3.0618901,3.2715406,3.4932845,3.5288901,3.450827,3.4878862,3.5960143,3.6786094,3.6977377,3.612974,3.857163,2.1954784,2.2398505,2.275572,1.6822984,2.03844,1.9619249,1.6926806,1.7084247,2.147318,2.1365058,1.8141297,1.8788794,2.3685968,2.146472,2.3804095,2.1577625,2.195079,2.3161683,2.2830331,2.3094275,2.7702498,2.6597137,FALSE,FALSE,FALSE,FALSE,FALSE,FALSE,FALSE,FALSE,FALSE,FALSE,FALSE,FALSE,FALSE,FALSE,FALSE,FALSE,FALSE,FALSE,FALSE,FALSE,FALSE,FALSE,FALSE,FALSE,FALSE,FALSE,FALSE,FALSE,FALSE,FALSE,FALSE,FALSE,FALSE,FALSE,FALSE,FALSE,FALSE,FALSE,FALSE,FALSE,FALSE,-27.3,0,26.98,FALSE,FALSE,FALSE,1.18,1.09,1.21,FALSE,FALSE,FALSE,NA,NA,NA,NA,NA,NA,1.16,FALSE,9.95,FALSE,27.2,FALSE
2026-05-27 10:10:11,361,13,88,211,334,301,181,192,200,260,327,268,308,256,196,201,261,323,298,659,386,354,462,284,247,492,510,586,441,267,481,506,476,543,364,406,364,266,219,517,330,FALSE,FALSE,FALSE,FALSE,FALSE,FALSE,FALSE,FALSE,FALSE,FALSE,FALSE,FALSE,FALSE,FALSE,FALSE,FALSE,FALSE,FALSE,FALSE,FALSE,FALSE,FALSE,FALSE,FALSE,FALSE,FALSE,FALSE,FALSE,FALSE,FALSE,FALSE,FALSE,FALSE,FALSE,FALSE,FALSE,FALSE,FALSE,FALSE,FALSE,FALSE,3.0387702,3.0977032,3.0100188,3.5939276,3.3602126,3.2907848,3.2932744,3.3334606,3.1647627,3.3940983,3.608819,3.6571894,3.5477455,3.5755656,3.6925752,3.7760084,3.8000708,3.7065468,3.9233067,2.3239622,2.3863685,2.4069016,1.7217013,2.1234584,2.047701,1.7728176,1.7234783,2.223083,2.214652,1.843518,1.8952998,2.465579,2.2186947,2.470458,2.1967347,2.2541182,2.4007125,2.3304186,2.3926287,2.8553061,2.7230005,FALSE,FALSE,FALSE,FALSE,FALSE,FALSE,FALSE,FALSE,FALSE,FALSE,FALSE,FALSE,FALSE,FALSE,FALSE,FALSE,FALSE,FALSE,FALSE,FALSE,FALSE,FALSE,FALSE,FALSE,FALSE,FALSE,FALSE,FALSE,FALSE,FALSE,FALSE,FALSE,FALSE,FALSE,FALSE,FALSE,FALSE,FALSE,FALSE,FALSE,FALSE,-27.32,0,26.95,FALSE,FALSE,FALSE,1.18,1.09,1.21,FALSE,FALSE,FALSE,NA,NA,NA,NA,NA,NA,1.16,FALSE,10.2,FALSE,27.6,FALSE
2026-05-26 09:53:48,361,13,88,211,334,301,181,192,200,260,327,268,308,256,196,201,261,323,298,659,386,354,462,284,247,492,510,586,441,267,481,506,476,543,364,406,364,266,219,517,330,FALSE,FALSE,FALSE,FALSE,FALSE,FALSE,FALSE,FALSE,FALSE,FALSE,FALSE,FALSE,FALSE,FALSE,FALSE,FALSE,FALSE,FALSE,FALSE,FALSE,FALSE,FALSE,FALSE,FALSE,FALSE,FALSE,FALSE,FALSE,FALSE,FALSE,FALSE,FALSE,FALSE,FALSE,FALSE,FALSE,FALSE,FALSE,FALSE,FALSE,FALSE,2.0778265,2.8016994,3.085166,3.2679894,3.0190277,2.9461415,2.9393985,2.9993658,2.8305254,3.0496533,3.2611496,3.3384507,3.2534866,3.269893,3.370205,3.4862454,3.5009127,3.4409502,3.6196046,2.0622115,2.1213737,2.1234815,1.5607405,1.9060761,1.8513491,1.6210828,1.6737577,2.0577903,2.035677,1.7655227,1.8391037,2.335833,2.0272446,2.7326622,2.5414412,2.5796077,2.747045,2.6752324,2.7779222,3.1533577,3.0539412,FALSE,FALSE,FALSE,FALSE,FALSE,FALSE,FALSE,FALSE,FALSE,FALSE,FALSE,FALSE,FALSE,FALSE,FALSE,FALSE,FALSE,FALSE,FALSE,FALSE,FALSE,FALSE,FALSE,FALSE,FALSE,FALSE,FALSE,FALSE,FALSE,FALSE,FALSE,FALSE,FALSE,FALSE,FALSE,FALSE,FALSE,FALSE,FALSE,FALSE,FALSE,-27.2,0,27.1,FALSE,FALSE,FALSE,1.18,1.09,1.2,FALSE,FALSE,FALSE,NA,NA,NA,NA,NA,NA,1.16,FALSE,10.14,FALSE,25.9,FALSE
2026-05-25 08:56:52,361,13,88,211,334,301,181,192,200,260,327,268,308,256,196,201,261,323,298,659,386,354,462,284,247,492,510,586,441,267,481,506,476,543,364,406,364,266,219,517,330,FALSE,FALSE,FALSE,FALSE,FALSE,FALSE,FALSE,FALSE,FALSE,FALSE,FALSE,FALSE,FALSE,FALSE,FALSE,FALSE,FALSE,FALSE,FALSE,FALSE,FALSE,FALSE,FALSE,FALSE,FALSE,FALSE,FALSE,FALSE,FALSE,FALSE,FALSE,FALSE,FALSE,FALSE,FALSE,FALSE,FALSE,FALSE,FALSE,FALSE,FALSE,1.8246986,2.681303,3.433864,3.2066505,2.9032528,2.8265188,2.8266401,2.8961096,2.6478734,2.9532819,3.196676,3.2396727,3.137305,3.1836574,3.2689843,3.3617556,3.4206378,3.3126202,3.5013516,2.1882904,2.2162337,2.2422142,1.7692479,2.0616493,2.0781977,1.7955625,1.88176,2.2339559,2.1857479,1.9425372,2.0213122,2.5138137,2.1314623,3.1107469,2.915225,2.945478,3.079453,3.0391033,3.1825442,3.5322814,3.4328687,FALSE,FALSE,FALSE,FALSE,FALSE,FALSE,FALSE,FALSE,FALSE,FALSE,FALSE,FALSE,FALSE,FALSE,FALSE,FALSE,FALSE,FALSE,FALSE,FALSE,FALSE,FALSE,FALSE,FALSE,FALSE,FALSE,FALSE,FALSE,FALSE,FALSE,FALSE,FALSE,FALSE,FALSE,FALSE,FALSE,FALSE,FALSE,FALSE,FALSE,FALSE,-27.28,0,27.28,FALSE,FALSE,FALSE,1.18,1.08,1.2,FALSE,FALSE,FALSE,NA,NA,NA,NA,NA,NA,1.15,FALSE,10.79,FALSE,24.8,FALSE
2026-05-22 09:21:34,361,13,88,211,334,301,181,192,200,260,327,268,308,256,196,201,261,323,298,659,386,354,462,284,247,492,510,586,441,267,481,506,476,543,364,406,364,266,219,517,330,FALSE,FALSE,FALSE,FALSE,FALSE,FALSE,FALSE,FALSE,FALSE,FALSE,FALSE,FALSE,FALSE,FALSE,FALSE,FALSE,FALSE,FALSE,FALSE,FALSE,FALSE,FALSE,FALSE,FALSE,FALSE,FALSE,FALSE,FALSE,FALSE,FALSE,FALSE,FALSE,FALSE,FALSE,FALSE,FALSE,FALSE,FALSE,FALSE,FALSE,FALSE,2.4629247,2.457098,2.9189863,2.807809,2.5214036,2.4811528,2.483283,2.5249677,2.3042498,2.5693767,2.8033864,2.8437028,2.7387328,2.7589881,2.9088426,3.0265174,3.0257072,2.9671767,3.1353564,2.039277,2.1232007,2.100595,1.5266434,1.8450035,1.7989957,1.571646,1.5614655,1.9684062,1.9724257,1.7008089,1.7392161,2.2776325,1.9794021,2.6224675,2.4572978,2.5117571,2.6113098,2.5878835,2.6682534,3.0615478,2.9447768,FALSE,FALSE,FALSE,FALSE,FALSE,FALSE,FALSE,FALSE,FALSE,FALSE,FALSE,FALSE,FALSE,FALSE,FALSE,FALSE,FALSE,FALSE,FALSE,FALSE,FALSE,FALSE,FALSE,FALSE,FALSE,FALSE,FALSE,FALSE,FALSE,FALSE,FALSE,FALSE,FALSE,FALSE,FALSE,FALSE,FALSE,FALSE,FALSE,FALSE,FALSE,-27.25,0,27.08,FALSE,FALSE,FALSE,1.18,1.09,1.2,FALSE,FALSE,FALSE,NA,NA,NA,NA,NA,NA,1.16,FALSE,9.66,FALSE,26.4,FALSE
2026-05-21 17:09:08,361,13,86,210,334,300,178,189,196,254,318,266,309,254,207,220,295,367,339,654,374,345,458,282,245,485,517,614,477,288,529,559,531,515,375,453,416,303,250,599,386,FALSE,FALSE,FALSE,FALSE,FALSE,FALSE,FALSE,FALSE,FALSE,FALSE,FALSE,FALSE,FALSE,FALSE,FALSE,FALSE,FALSE,FALSE,FALSE,FALSE,FALSE,FALSE,FALSE,FALSE,FALSE,FALSE,FALSE,FALSE,FALSE,FALSE,FALSE,FALSE,FALSE,FALSE,FALSE,FALSE,FALSE,FALSE,FALSE,FALSE,FALSE,1.9142147,2.3205132,3.0916219,2.5166416,2.2377682,2.2543452,2.2082589,2.2513237,2.0733633,2.2904325,2.4682975,2.4603133,2.4170036,2.4270513,2.5528164,2.692332,2.7104475,2.6572762,2.8555431,2.3833475,2.4064796,2.39489,1.9039432,2.235405,2.148365,1.9177431,1.8396713,2.263584,2.234027,2.0966222,2.1486287,2.548136,2.4407372,1.9720992,1.8143365,1.9277426,2.0325253,2.0789623,2.0479395,2.4925654,2.3552065,FALSE,FALSE,FALSE,FALSE,FALSE,FALSE,FALSE,FALSE,FALSE,FALSE,FALSE,FALSE,FALSE,FALSE,FALSE,FALSE,FALSE,FALSE,FALSE,FALSE,FALSE,FALSE,FALSE,FALSE,FALSE,FALSE,FALSE,FALSE,FALSE,FALSE,FALSE,FALSE,FALSE,FALSE,FALSE,FALSE,FALSE,FALSE,FALSE,FALSE,FALSE,-27.32,0,26.75,FALSE,FALSE,FALSE,1.18,1.08,1.21,FALSE,FALSE,FALSE,NA,NA,NA,NA,NA,NA,1.14,FALSE,10.88,FALSE,29.2,FALSE
2026-05-21 15:40:33,361,13,87,211,332,298,179,190,197,255,322,269,311,257,201,208,274,339,309,659,381,346,464,283,247,486,516,597,456,273,495,520,494,520,366,423,379,278,228,546,348,FALSE,FALSE,FALSE,FALSE,FALSE,FALSE,FALSE,FALSE,FALSE,FALSE,FALSE,FALSE,FALSE,FALSE,FALSE,FALSE,FALSE,FALSE,FALSE,FALSE,FALSE,FALSE,FALSE,FALSE,FALSE,FALSE,FALSE,FALSE,FALSE,FALSE,FALSE,FALSE,FALSE,FALSE,FALSE,FALSE,FALSE,FALSE,FALSE,FALSE,FALSE,1.5659969,2.2226381,2.9129224,2.2821305,2.018293,2.0073771,1.9798149,2.0135689,1.8325558,2.0485568,2.2224336,2.2315288,2.1771948,2.189039,2.2936723,2.3668785,2.4189715,2.3127568,2.5145714,2.0045495,2.0159547,1.9951344,1.4983056,1.7915123,1.7479362,1.5734361,1.5398309,1.9088374,1.8886484,1.6794367,1.7043455,2.1984022,1.9423194,2.144407,1.9912137,2.032495,2.1399877,2.1452346,2.1559687,2.5443473,2.3659532,FALSE,FALSE,FALSE,FALSE,FALSE,FALSE,FALSE,FALSE,FALSE,FALSE,FALSE,FALSE,FALSE,FALSE,FALSE,FALSE,FALSE,FALSE,FALSE,FALSE,FALSE,FALSE,FALSE,FALSE,FALSE,FALSE,FALSE,FALSE,FALSE,FALSE,FALSE,FALSE,FALSE,FALSE,FALSE,FALSE,FALSE,FALSE,FALSE,FALSE,FALSE,-27.2,0,26.85,FALSE,FALSE,FALSE,1.18,1.09,1.21,FALSE,FALSE,FALSE,NA,NA,NA,NA,NA,NA,1.17,FALSE,11.16,FALSE,28,FALSE
2026-05-20 19:47:49,361,13,89,212,337,302,182,194,201,261,329,269,310,255,197,202,266,329,302,669,388,351,471,284,247,491,517,589,443,268,489,508,481,502,346,394,364,264,216,514,330,FALSE,FALSE,FALSE,FALSE,FALSE,FALSE,FALSE,FALSE,FALSE,FALSE,FALSE,FALSE,FALSE,FALSE,FALSE,FALSE,FALSE,FALSE,FALSE,FALSE,FALSE,FALSE,FALSE,FALSE,FALSE,FALSE,FALSE,FALSE,FALSE,FALSE,FALSE,FALSE,FALSE,FALSE,FALSE,FALSE,FALSE,FALSE,FALSE,FALSE,FALSE,1.5236562,3.0494866,3.141626,2.0618145,1.7127726,1.7541031,1.7195894,1.7919017,1.4715691,1.7245802,1.9862479,1.7928839,1.661307,1.8363048,1.8981211,1.909143,1.8575177,1.9713535,2.0861716,2.149228,2.188125,2.1358867,1.5549535,1.9013932,1.9081888,1.6592029,1.5831997,2.036174,2.079523,1.7523212,1.824275,2.3295577,2.1075704,2.539447,2.2679412,2.3051589,2.4964736,2.3669453,2.5313644,2.9984026,2.7955036,FALSE,FALSE,FALSE,FALSE,FALSE,FALSE,FALSE,FALSE,FALSE,FALSE,FALSE,FALSE,FALSE,FALSE,FALSE,FALSE,FALSE,FALSE,FALSE,FALSE,FALSE,FALSE,FALSE,FALSE,FALSE,FALSE,FALSE,FALSE,FALSE,FALSE,FALSE,FALSE,FALSE,FALSE,FALSE,FALSE,FALSE,FALSE,FALSE,FALSE,FALSE,-27.3,0,27.1,FALSE,FALSE,FALSE,1.18,1.07,1.19,FALSE,FALSE,FALSE,NA,NA,NA,NA,NA,NA,1.16,FALSE,13.77,FALSE,24,FALSE
2026-05-20 19:42:47,361,13,89,211,335,302,181,191,200,260,328,271,311,256,197,203,267,329,303,675,386,349,470,284,246,488,519,581,441,268,489,506,478,494,347,397,363,264,216,519,333,FALSE,FALSE,FALSE,FALSE,FALSE,FALSE,FALSE,FALSE,FALSE,FALSE,FALSE,FALSE,FALSE,FALSE,FALSE,FALSE,FALSE,FALSE,FALSE,FALSE,FALSE,FALSE,FALSE,FALSE,FALSE,FALSE,FALSE,FALSE,FALSE,FALSE,FALSE,FALSE,FALSE,FALSE,FALSE,FALSE,FALSE,FALSE,FALSE,FALSE,FALSE,1.5285913,4.2202644,3.1640952,2.2770615,1.9820342,2.106733,2.057016,2.1095967,1.9384506,2.0194721,2.095224,1.838793,1.7404735,1.907291,1.7983764,1.7499855,1.6395162,1.7684596,1.7749699,2.1183312,2.147679,2.1232507,1.563412,1.90227,1.9041566,1.6754357,1.5708244,2.0438206,2.0514987,1.7270416,1.7705882,2.3509908,2.055243,2.6140847,2.275899,2.2709496,2.4500518,2.3355188,2.489016,2.9926333,2.7307057,FALSE,FALSE,FALSE,FALSE,FALSE,FALSE,FALSE,FALSE,FALSE,FALSE,FALSE,FALSE,FALSE,FALSE,FALSE,FALSE,FALSE,FALSE,FALSE,FALSE,FALSE,FALSE,FALSE,FALSE,FALSE,FALSE,FALSE,FALSE,FALSE,FALSE,FALSE,FALSE,FALSE,FALSE,FALSE,FALSE,FALSE,FALSE,FALSE,FALSE,FALSE,-27.22,0,27.1,FALSE,FALSE,FALSE,1.17,1.07,1.19,FALSE,FALSE,FALSE,NA,NA,NA,NA,NA,NA,1.16,FALSE,14.39,FALSE,24,FALSE
2026-05-20 19:37:14,361,13,89,211,335,302,181,191,200,260,328,271,311,256,197,203,267,329,303,675,386,349,470,284,246,488,519,581,441,268,489,506,478,494,347,397,363,264,216,519,333,FALSE,FALSE,FALSE,FALSE,FALSE,FALSE,FALSE,FALSE,FALSE,FALSE,FALSE,FALSE,FALSE,FALSE,FALSE,FALSE,FALSE,FALSE,FALSE,FALSE,FALSE,FALSE,FALSE,FALSE,FALSE,FALSE,FALSE,FALSE,FALSE,FALSE,FALSE,FALSE,FALSE,FALSE,FALSE,FALSE,FALSE,FALSE,FALSE,FALSE,FALSE,1.5927559,3.7441797,3.10713,2.1910577,2.0318494,1.9809415,1.9835489,2.1232734,2.0008965,1.9827975,1.8856353,1.8408988,1.7546227,1.7439786,1.7297189,1.7000118,1.5461713,1.7221593,1.6825823,2.136982,2.1224623,2.0587866,1.550998,1.8636124,1.8532057,1.6418524,1.5747584,1.9928973,2.0126753,1.7277635,1.7873778,2.2094297,2.052683,2.3975897,2.158592,2.1934538,2.3407965,2.2490091,2.380706,2.7998888,2.6248453,FALSE,FALSE,FALSE,FALSE,FALSE,FALSE,FALSE,FALSE,FALSE,FALSE,FALSE,FALSE,FALSE,FALSE,FALSE,FALSE,FALSE,FALSE,FALSE,FALSE,FALSE,FALSE,FALSE,FALSE,FALSE,FALSE,FALSE,FALSE,FALSE,FALSE,FALSE,FALSE,FALSE,FALSE,FALSE,FALSE,FALSE,FALSE,FALSE,FALSE,FALSE,-28,0,27.12,FALSE,FALSE,FALSE,1.17,1.07,1.19,FALSE,FALSE,FALSE,NA,NA,NA,NA,NA,NA,1.16,FALSE,11.6,FALSE,24.1,FALSE
2026-05-20 19:31:52,361,13,89,211,335,302,181,191,200,260,328,271,311,256,197,203,267,329,303,675,386,349,470,284,246,488,519,581,441,268,489,506,478,494,347,397,363,264,216,519,333,FALSE,FALSE,FALSE,FALSE,FALSE,FALSE,FALSE,FALSE,FALSE,FALSE,FALSE,FALSE,FALSE,FALSE,FALSE,FALSE,FALSE,FALSE,FALSE,FALSE,FALSE,FALSE,FALSE,FALSE,FALSE,FALSE,FALSE,FALSE,FALSE,FALSE,FALSE,FALSE,FALSE,FALSE,FALSE,FALSE,FALSE,FALSE,FALSE,FALSE,FALSE,1.5888568,3.1502233,3.0990534,2.0364785,1.5330408,1.8176383,1.7024798,1.6941851,1.4353787,1.7306702,1.8418977,1.8150926,1.6544762,1.6715513,1.8660829,1.9841707,1.8727101,1.8543035,2.0078568,2.1194696,2.0974934,2.0768008,1.572399,1.8401603,1.8414354,1.6377965,1.5671757,2.007408,1.9741708,1.775291,1.8432947,2.2320065,2.0455084,2.4552996,2.164855,2.2075427,2.3811986,2.2873797,2.4065294,2.8715818,2.6677828,FALSE,FALSE,FALSE,FALSE,FALSE,FALSE,FALSE,FALSE,FALSE,FALSE,FALSE,FALSE,FALSE,FALSE,FALSE,FALSE,FALSE,FALSE,FALSE,FALSE,FALSE,FALSE,FALSE,FALSE,FALSE,FALSE,FALSE,FALSE,FALSE,FALSE,FALSE,FALSE,FALSE,FALSE,FALSE,FALSE,FALSE,FALSE,FALSE,FALSE,FALSE,-26.72,0,27.1,FALSE,FALSE,FALSE,1.18,1.07,1.19,FALSE,FALSE,FALSE,NA,NA,NA,NA,NA,NA,1.16,FALSE,11.43,FALSE,24.1,FALSE
2026-05-20 19:26:53,361,13,89,211,335,302,181,191,200,260,328,271,311,256,197,203,267,329,303,675,386,349,470,284,246,488,519,581,441,268,489,506,478,494,347,397,363,264,216,519,333,FALSE,FALSE,FALSE,FALSE,FALSE,FALSE,FALSE,FALSE,FALSE,FALSE,FALSE,FALSE,FALSE,FALSE,FALSE,FALSE,FALSE,FALSE,FALSE,FALSE,FALSE,FALSE,FALSE,FALSE,FALSE,FALSE,FALSE,FALSE,FALSE,FALSE,FALSE,FALSE,FALSE,FALSE,FALSE,FALSE,FALSE,FALSE,FALSE,FALSE,FALSE,1.5513233,3.236711,3.0386043,2.023383,1.568536,1.823204,1.7119159,1.7101314,1.4589708,1.7437255,1.8481016,1.8960027,1.6862382,1.6802722,1.8745981,2.002413,1.8969947,1.8585974,2.02628,2.1575048,2.1781602,2.1495636,1.5665578,1.9149892,1.9066374,1.6370907,1.5937425,2.030412,2.0622582,1.7493727,1.8286946,2.2960656,2.1137226,2.463013,2.2105386,2.1911943,2.4162087,2.1714444,2.2949839,2.6639082,2.592043,FALSE,FALSE,FALSE,FALSE,FALSE,FALSE,FALSE,FALSE,FALSE,FALSE,FALSE,FALSE,FALSE,FALSE,FALSE,FALSE,FALSE,FALSE,FALSE,FALSE,FALSE,FALSE,FALSE,FALSE,FALSE,FALSE,FALSE,FALSE,FALSE,FALSE,FALSE,FALSE,FALSE,FALSE,FALSE,FALSE,FALSE,FALSE,FALSE,FALSE,FALSE,-26.7,0,26.35,FALSE,FALSE,FALSE,1.18,1.07,1.2,FALSE,FALSE,FALSE,NA,NA,NA,NA,NA,NA,1.16,FALSE,12.01,FALSE,24,FALSE
2026-05-20 17:58:37,394,13,94,213,340,306,182,193,201,262,324,270,314,258,199,206,274,336,308,683,390,352,477,288,250,495,530,598,455,278,509,520,497,481,344,397,356,261,216,526,327,FALSE,FALSE,FALSE,FALSE,FALSE,FALSE,FALSE,FALSE,FALSE,FALSE,FALSE,FALSE,FALSE,FALSE,FALSE,FALSE,FALSE,FALSE,FALSE,FALSE,FALSE,FALSE,FALSE,FALSE,FALSE,FALSE,FALSE,FALSE,FALSE,FALSE,FALSE,FALSE,FALSE,FALSE,FALSE,FALSE,FALSE,FALSE,FALSE,FALSE,FALSE,1.5484385,2.7440534,2.948326,2.03944,1.5911825,1.6094934,1.6514583,1.8515047,1.453178,1.7868116,1.9591198,2.0711458,1.7980782,1.8486798,2.0337982,2.1263244,2.1532862,2.144016,2.3028874,1.9515647,1.8587443,1.8058072,1.4969944,1.6627667,1.7417037,1.5964203,1.5600896,1.8243352,1.8524617,1.7358465,1.6962245,2.1536913,1.9283308,2.8213947,2.5677528,2.6669855,2.7398195,2.5141695,2.7504492,2.8135014,2.813738,FALSE,FALSE,FALSE,FALSE,FALSE,FALSE,FALSE,FALSE,FALSE,FALSE,FALSE,FALSE,FALSE,FALSE,FALSE,FALSE,FALSE,FALSE,FALSE,FALSE,FALSE,FALSE,FALSE,FALSE,FALSE,FALSE,FALSE,FALSE,FALSE,FALSE,FALSE,FALSE,FALSE,FALSE,FALSE,FALSE,FALSE,FALSE,FALSE,FALSE,FALSE,-26.68,0,27.18,FALSE,FALSE,FALSE,1.18,1.06,1.19,FALSE,FALSE,FALSE,NA,NA,NA,NA,NA,NA,1.15,FALSE,12.26,FALSE,23.9,FALSE
2026-05-20 11:21:54,394,12,90,204,325,292,175,186,194,253,316,263,304,248,193,199,264,324,296,656,380,351,472,284,247,490,518,588,443,270,492,509,485,512,361,409,363,265,220,532,328,FALSE,FALSE,FALSE,FALSE,FALSE,FALSE,FALSE,FALSE,FALSE,FALSE,FALSE,FALSE,FALSE,FALSE,FALSE,FALSE,FALSE,FALSE,FALSE,FALSE,FALSE,FALSE,FALSE,FALSE,FALSE,FALSE,FALSE,FALSE,FALSE,FALSE,FALSE,FALSE,FALSE,FALSE,FALSE,FALSE,FALSE,FALSE,FALSE,FALSE,FALSE,2.1637008,2.3549654,3.0004632,2.0118892,1.8072824,1.7644165,1.7439613,1.816296,1.6817771,1.8507378,1.9552879,1.9875662,1.9556453,1.9582374,2.0417058,2.106981,2.1675038,2.186946,2.2820966,2.2905183,2.251985,2.1947873,1.9406137,2.0853124,2.0790884,1.9581368,1.9308544,2.1357656,2.0580904,2.057581,2.0589576,2.2736087,2.21118,1.9482764,1.8191153,1.8287655,1.839952,1.8358396,1.8862616,2.0355468,2.0357182,FALSE,FALSE,FALSE,FALSE,FALSE,FALSE,FALSE,FALSE,FALSE,FALSE,FALSE,FALSE,FALSE,FALSE,FALSE,FALSE,FALSE,FALSE,FALSE,FALSE,FALSE,FALSE,FALSE,FALSE,FALSE,FALSE,FALSE,FALSE,FALSE,FALSE,FALSE,FALSE,FALSE,FALSE,FALSE,FALSE,FALSE,FALSE,FALSE,FALSE,FALSE,-26.8,0,26.65,FALSE,FALSE,FALSE,1.18,1.09,1.2,FALSE,FALSE,FALSE,NA,NA,NA,NA,NA,NA,1.15,FALSE,7,FALSE,28.2,FALSE
2026-05-20 08:59:51,394,12,90,204,325,292,175,186,194,253,316,263,304,248,193,199,264,324,296,656,380,351,472,284,247,490,518,588,443,270,492,509,485,512,361,409,363,265,220,532,328,FALSE,FALSE,FALSE,FALSE,FALSE,FALSE,FALSE,FALSE,FALSE,FALSE,FALSE,FALSE,FALSE,FALSE,FALSE,FALSE,FALSE,FALSE,FALSE,FALSE,FALSE,FALSE,FALSE,FALSE,FALSE,FALSE,FALSE,FALSE,FALSE,FALSE,FALSE,FALSE,FALSE,FALSE,FALSE,FALSE,FALSE,FALSE,FALSE,FALSE,FALSE,1.5819775,2.319391,2.8055577,1.9447691,1.7053267,1.6549617,1.6623838,1.7583601,1.584092,1.7637153,1.9051204,1.9862818,1.9120014,1.9237635,2.0533497,2.0986168,2.1662908,2.201579,2.287564,1.9838866,1.8671182,1.8037853,1.5682197,1.6581519,1.7086327,1.5877141,1.639988,1.8100468,1.7571204,1.7486267,1.794311,2.0262637,1.9018975,2.2370112,2.0235994,2.01427,2.0036592,1.9215945,1.9978011,2.0730073,2.0590494,FALSE,FALSE,FALSE,FALSE,FALSE,FALSE,FALSE,FALSE,FALSE,FALSE,FALSE,FALSE,FALSE,FALSE,FALSE,FALSE,FALSE,FALSE,FALSE,FALSE,FALSE,FALSE,FALSE,FALSE,FALSE,FALSE,FALSE,FALSE,FALSE,FALSE,FALSE,FALSE,FALSE,FALSE,FALSE,FALSE,FALSE,FALSE,FALSE,FALSE,FALSE,-26.7,0,27.02,FALSE,FALSE,FALSE,1.18,1.08,1.18,FALSE,FALSE,FALSE,NA,NA,NA,NA,NA,NA,1.16,FALSE,5.6,FALSE,25.1,FALSE
2026-05-19 08:44:45,394,12,90,204,325,292,175,186,194,253,316,263,304,248,193,199,264,324,296,656,380,351,472,284,247,490,518,588,443,270,492,509,485,512,361,409,363,265,220,532,328,FALSE,FALSE,FALSE,FALSE,FALSE,FALSE,FALSE,FALSE,FALSE,FALSE,FALSE,FALSE,FALSE,FALSE,FALSE,FALSE,FALSE,FALSE,FALSE,FALSE,FALSE,FALSE,FALSE,FALSE,FALSE,FALSE,FALSE,FALSE,FALSE,FALSE,FALSE,FALSE,FALSE,FALSE,FALSE,FALSE,FALSE,FALSE,FALSE,FALSE,FALSE,1.6479237,2.3976204,2.8560176,1.9950198,1.7349458,1.6760105,1.7118907,1.7963493,1.6065409,1.8126204,1.9699985,2.0355177,1.9540159,1.9982059,2.1117816,2.1676354,2.2503905,2.260532,2.3824182,2.0630941,1.9719973,1.9270086,1.6277423,1.7651044,1.7998599,1.6804453,1.695716,1.9059932,1.8637327,1.8518586,1.8530627,2.1583407,2.0026934,2.0275016,1.7403315,1.7252605,1.7464634,1.6397065,1.7683824,1.8876214,1.806933,FALSE,FALSE,FALSE,FALSE,FALSE,FALSE,FALSE,FALSE,FALSE,FALSE,FALSE,FALSE,FALSE,FALSE,FALSE,FALSE,FALSE,FALSE,FALSE,FALSE,FALSE,FALSE,FALSE,FALSE,FALSE,FALSE,FALSE,FALSE,FALSE,FALSE,FALSE,FALSE,FALSE,FALSE,FALSE,FALSE,FALSE,FALSE,FALSE,FALSE,FALSE,-26.78,0,27,FALSE,FALSE,FALSE,1.18,1.09,1.19,FALSE,FALSE,FALSE,NA,NA,NA,NA,NA,NA,1.17,FALSE,5.91,FALSE,25.9,FALSE
2026-05-18 09:15:13,394,13,90,205,328,294,176,188,195,253,319,264,307,251,192,200,264,323,295,653,380,350,471,282,246,494,512,579,439,267,487,503,479,523,358,405,357,262,216,524,323,FALSE,FALSE,FALSE,FALSE,FALSE,FALSE,FALSE,FALSE,FALSE,FALSE,FALSE,FALSE,FALSE,FALSE,FALSE,FALSE,FALSE,FALSE,FALSE,FALSE,FALSE,FALSE,FALSE,FALSE,FALSE,FALSE,FALSE,FALSE,FALSE,FALSE,FALSE,FALSE,FALSE,FALSE,FALSE,FALSE,FALSE,FALSE,FALSE,FALSE,FALSE,1.811506,2.8255453,2.90656,2.3748395,2.1064754,2.0277383,2.0431986,2.176187,1.9325558,2.1989212,2.3546767,2.5315497,2.375015,2.399205,2.5908492,2.682894,2.7659943,2.8034427,2.9081588,2.3501856,2.2772565,2.2332733,1.8609356,2.043953,2.0426993,1.9024163,1.8698,2.1363537,2.1231425,2.039999,2.103972,2.3247476,2.275668,2.4115736,2.0296042,2.028446,2.1528103,1.9174626,2.1483371,2.2073002,2.166378,FALSE,FALSE,FALSE,FALSE,FALSE,FALSE,FALSE,FALSE,FALSE,FALSE,FALSE,FALSE,FALSE,FALSE,FALSE,FALSE,FALSE,FALSE,FALSE,FALSE,FALSE,FALSE,FALSE,FALSE,FALSE,FALSE,FALSE,FALSE,FALSE,FALSE,FALSE,FALSE,FALSE,FALSE,FALSE,FALSE,FALSE,FALSE,FALSE,FALSE,FALSE,-26.78,0,26.92,FALSE,FALSE,FALSE,1.18,1.09,1.19,FALSE,FALSE,FALSE,NA,NA,NA,NA,NA,NA,1.17,FALSE,9.53,FALSE,26.4,FALSE
2026-05-15 09:02:41,394,13,90,204,326,294,174,185,193,248,306,251,296,249,204,226,304,380,357,649,372,337,445,271,237,477,518,617,487,303,558,588,559,541,380,467,435,319,265,642,405,FALSE,FALSE,FALSE,FALSE,FALSE,FALSE,FALSE,FALSE,FALSE,FALSE,FALSE,FALSE,FALSE,FALSE,FALSE,FALSE,FALSE,FALSE,FALSE,FALSE,FALSE,FALSE,FALSE,FALSE,FALSE,FALSE,FALSE,FALSE,FALSE,FALSE,FALSE,FALSE,FALSE,FALSE,FALSE,FALSE,FALSE,FALSE,FALSE,FALSE,FALSE,1.7753283,2.6587293,2.8787212,2.4189992,2.1733868,2.0855086,2.1130874,2.2175257,2.011054,2.2502954,2.504133,2.55264,2.4515276,2.525571,3.6194224,4.9188313,5.314837,5.6956134,5.8538523,2.251877,2.2752135,2.3565662,2.096682,2.071476,2.0008008,1.8334087,1.9745748,3.095727,3.852445,4.1216807,4.4434166,4.9046893,4.872505,2.6300323,2.7301602,4.692324,5.5157366,5.718923,5.620758,6.005074,6.1423388,FALSE,FALSE,FALSE,FALSE,FALSE,FALSE,FALSE,FALSE,FALSE,FALSE,FALSE,FALSE,FALSE,FALSE,FALSE,FALSE,FALSE,FALSE,FALSE,FALSE,FALSE,FALSE,FALSE,FALSE,FALSE,FALSE,FALSE,FALSE,FALSE,FALSE,FALSE,FALSE,FALSE,FALSE,FALSE,FALSE,FALSE,FALSE,FALSE,TRUE,TRUE,-26.72,0,26.82,FALSE,FALSE,FALSE,1.18,1.09,1.19,FALSE,FALSE,FALSE,NA,NA,NA,NA,NA,NA,1.17,FALSE,8.89,FALSE,26,FALSE
2026-05-14 09:03:55,394,12,90,204,326,291,174,186,194,254,315,257,301,248,191,196,259,317,292,654,383,350,469,280,245,492,511,582,438,267,487,499,478,533,361,404,357,263,217,524,326,FALSE,FALSE,FALSE,FALSE,FALSE,FALSE,FALSE,FALSE,FALSE,FALSE,FALSE,FALSE,FALSE,FALSE,FALSE,FALSE,FALSE,FALSE,FALSE,FALSE,FALSE,FALSE,FALSE,FALSE,FALSE,FALSE,FALSE,FALSE,FALSE,FALSE,FALSE,FALSE,FALSE,FALSE,FALSE,FALSE,FALSE,FALSE,FALSE,FALSE,FALSE,2.2284002,2.580071,3.0250468,2.381481,2.1856341,2.1158154,2.136184,2.2073567,2.0473323,2.2295213,2.3827872,2.4892037,2.4071395,2.4250548,2.5320525,2.583972,2.6788142,2.6959465,2.8018308,2.6514595,2.6055372,2.5862126,2.1894147,2.4096262,2.356925,2.2368112,2.178901,2.4143386,2.381764,2.3087692,2.3305333,2.5580568,2.4688792,2.4264357,2.267862,2.2602558,2.290412,2.3021345,2.3579726,2.50701,2.5283453,FALSE,FALSE,FALSE,FALSE,FALSE,FALSE,FALSE,FALSE,FALSE,FALSE,FALSE,FALSE,FALSE,FALSE,FALSE,FALSE,FALSE,FALSE,FALSE,FALSE,FALSE,FALSE,FALSE,FALSE,FALSE,FALSE,FALSE,FALSE,FALSE,FALSE,FALSE,FALSE,FALSE,FALSE,FALSE,FALSE,FALSE,FALSE,FALSE,FALSE,FALSE,-26.85,0,26.65,FALSE,FALSE,FALSE,1.18,1.09,1.2,FALSE,FALSE,FALSE,NA,NA,NA,NA,NA,NA,1.16,FALSE,7.06,FALSE,28.1,FALSE
2026-05-13 09:14:32,394,12,90,204,326,291,174,186,194,254,315,257,301,248,191,196,259,317,292,654,383,350,469,280,245,492,511,582,438,267,487,499,478,533,361,404,357,263,217,524,326,FALSE,FALSE,FALSE,FALSE,FALSE,FALSE,FALSE,FALSE,FALSE,FALSE,FALSE,FALSE,FALSE,FALSE,FALSE,FALSE,FALSE,FALSE,FALSE,FALSE,FALSE,FALSE,FALSE,FALSE,FALSE,FALSE,FALSE,FALSE,FALSE,FALSE,FALSE,FALSE,FALSE,FALSE,FALSE,FALSE,FALSE,FALSE,FALSE,FALSE,FALSE,1.8342459,2.5605948,2.8870625,2.285995,2.0568113,1.9869444,2.0128078,2.1143188,1.9129763,2.1282916,2.28094,2.399888,2.3099153,2.3267033,2.4671655,2.6065779,2.7011523,2.708896,2.8635097,2.2874103,2.2013443,2.1393738,1.7897768,1.9342061,1.9373904,1.8340816,1.7919109,2.1241617,2.0998993,2.0530128,2.0544252,2.4196203,2.3167427,2.162319,1.9284546,1.9765748,2.0051794,1.9474547,2.048258,2.1876743,2.1905913,FALSE,FALSE,FALSE,FALSE,FALSE,FALSE,FALSE,FALSE,FALSE,FALSE,FALSE,FALSE,FALSE,FALSE,FALSE,FALSE,FALSE,FALSE,FALSE,FALSE,FALSE,FALSE,FALSE,FALSE,FALSE,FALSE,FALSE,FALSE,FALSE,FALSE,FALSE,FALSE,FALSE,FALSE,FALSE,FALSE,FALSE,FALSE,FALSE,FALSE,FALSE,-26.8,0,26.92,FALSE,FALSE,FALSE,1.18,1.09,1.19,FALSE,FALSE,FALSE,NA,NA,NA,NA,NA,NA,1.17,FALSE,6.71,FALSE,26.6,FALSE
2026-05-12 09:47:59,394,12,94,204,326,293,176,188,196,254,316,256,298,248,186,192,255,311,285,684,394,357,477,288,248,502,522,581,443,271,491,507,481,575,377,416,373,274,225,545,336,FALSE,FALSE,FALSE,FALSE,FALSE,FALSE,FALSE,FALSE,FALSE,FALSE,FALSE,FALSE,FALSE,FALSE,FALSE,FALSE,FALSE,FALSE,FALSE,FALSE,FALSE,FALSE,FALSE,FALSE,FALSE,FALSE,FALSE,FALSE,FALSE,FALSE,FALSE,FALSE,FALSE,FALSE,FALSE,FALSE,FALSE,FALSE,FALSE,FALSE,FALSE,1.6594993,2.534865,2.8156528,2.3017106,1.9928018,1.9145744,1.9562076,2.1066952,1.8337499,2.0824683,2.258309,2.420562,2.2622607,2.2493784,2.4471195,2.5193877,2.5920832,2.6023164,2.7400317,1.9623014,1.8971499,1.8336296,1.520233,1.6827705,1.7381957,1.5675409,1.614243,1.8188294,1.8117805,1.7191803,1.78834,2.0605712,1.8691334,4.2189355,4.0932817,4.0291395,4.014265,3.9344072,3.9557714,3.9256942,3.9185963,FALSE,FALSE,FALSE,FALSE,FALSE,FALSE,FALSE,FALSE,FALSE,FALSE,FALSE,FALSE,FALSE,FALSE,FALSE,FALSE,FALSE,FALSE,FALSE,FALSE,FALSE,FALSE,FALSE,FALSE,FALSE,FALSE,FALSE,FALSE,FALSE,FALSE,FALSE,FALSE,FALSE,FALSE,FALSE,FALSE,FALSE,FALSE,FALSE,FALSE,FALSE,-26.65,0,27.15,FALSE,FALSE,FALSE,1.18,1.07,1.18,FALSE,FALSE,FALSE,NA,NA,NA,NA,NA,NA,1.15,FALSE,8.71,FALSE,24.4,FALSE
2026-05-11 09:21:26,394,13,90,205,325,294,175,187,195,255,315,263,305,252,193,200,265,324,296,660,383,351,472,286,247,494,516,585,441,270,492,507,482,526,361,408,358,265,219,527,326,FALSE,FALSE,FALSE,FALSE,FALSE,FALSE,FALSE,FALSE,FALSE,FALSE,FALSE,FALSE,FALSE,FALSE,FALSE,FALSE,FALSE,FALSE,FALSE,FALSE,FALSE,FALSE,FALSE,FALSE,FALSE,FALSE,FALSE,FALSE,FALSE,FALSE,FALSE,FALSE,FALSE,FALSE,FALSE,FALSE,FALSE,FALSE,FALSE,FALSE,FALSE,1.8522991,2.6487916,2.9305253,2.3490715,2.121417,2.0361369,2.0464005,2.1641624,1.959099,2.1702206,2.3498049,2.4689329,2.329114,2.3351226,2.5411587,2.6255639,2.7034788,2.7057283,2.841105,2.291688,2.2790341,2.1756463,1.8498232,2.0380354,2.0046055,1.8855596,1.8635174,2.118179,2.1263015,2.0509815,2.112983,2.341181,2.252963,2.2497334,1.935277,1.9668704,2.0528977,1.8934743,2.0579064,2.1653223,2.2202547,FALSE,FALSE,FALSE,FALSE,FALSE,FALSE,FALSE,FALSE,FALSE,FALSE,FALSE,FALSE,FALSE,FALSE,FALSE,FALSE,FALSE,FALSE,FALSE,FALSE,FALSE,FALSE,FALSE,FALSE,FALSE,FALSE,FALSE,FALSE,FALSE,FALSE,FALSE,FALSE,FALSE,FALSE,FALSE,FALSE,FALSE,FALSE,FALSE,FALSE,FALSE,-26.72,0,26.8,FALSE,FALSE,FALSE,1.18,1.09,1.19,FALSE,FALSE,FALSE,NA,NA,NA,NA,NA,NA,1.17,FALSE,7.92,FALSE,26.4,FALSE
2026-05-08 09:06:34,394,12,89,202,322,289,172,185,191,249,308,250,295,248,194,208,279,345,324,651,379,342,452,276,240,485,516,594,461,284,521,545,520,539,368,427,390,287,240,578,367,FALSE,FALSE,FALSE,FALSE,FALSE,FALSE,FALSE,FALSE,FALSE,FALSE,FALSE,FALSE,FALSE,FALSE,FALSE,FALSE,FALSE,FALSE,FALSE,FALSE,FALSE,FALSE,FALSE,FALSE,FALSE,FALSE,FALSE,FALSE,FALSE,FALSE,FALSE,FALSE,FALSE,FALSE,FALSE,FALSE,FALSE,FALSE,FALSE,FALSE,FALSE,2.207617,2.9478796,3.1354237,2.6994576,2.4383721,2.3512976,2.3588903,2.467152,2.2279649,2.5023525,2.7633226,2.8743253,2.7257316,2.698266,3.4084756,4.3015075,4.6457286,4.912989,5.179324,2.7896647,2.8320138,2.8790326,2.5588536,2.6323147,2.5058696,2.3454823,2.248384,3.1873353,3.5850935,3.7546213,3.917349,4.4023647,4.4007936,2.7440507,2.794864,3.946487,4.5556784,4.905305,4.8861375,5.2189217,5.450745,FALSE,FALSE,FALSE,FALSE,FALSE,FALSE,FALSE,FALSE,FALSE,FALSE,FALSE,FALSE,FALSE,FALSE,FALSE,FALSE,FALSE,FALSE,FALSE,FALSE,FALSE,FALSE,FALSE,FALSE,FALSE,FALSE,FALSE,FALSE,FALSE,FALSE,FALSE,FALSE,FALSE,FALSE,FALSE,FALSE,FALSE,FALSE,FALSE,FALSE,FALSE,-26.65,0,26.68,FALSE,FALSE,FALSE,1.19,1.09,1.2,FALSE,FALSE,FALSE,NA,NA,NA,NA,NA,NA,1.17,FALSE,9.72,FALSE,26.9,FALSE
2026-05-07 09:14:53,394,12,89,202,319,288,172,184,191,248,308,256,298,247,193,205,274,338,313,650,375,344,458,279,243,486,517,592,452,278,511,529,502,519,360,419,373,277,230,555,348,FALSE,FALSE,FALSE,FALSE,FALSE,FALSE,FALSE,FALSE,FALSE,FALSE,FALSE,FALSE,FALSE,FALSE,FALSE,FALSE,FALSE,FALSE,FALSE,FALSE,FALSE,FALSE,FALSE,FALSE,FALSE,FALSE,FALSE,FALSE,FALSE,FALSE,FALSE,FALSE,FALSE,FALSE,FALSE,FALSE,FALSE,FALSE,FALSE,FALSE,FALSE,1.8734893,2.841496,3.0085428,2.4934223,2.240718,2.1504567,2.167856,2.2880728,2.0472662,2.3071465,2.5261815,2.651185,2.459951,2.4684932,3.148661,3.9247134,4.3094196,4.5964727,4.7618494,2.4071965,2.443301,2.4490416,2.0327756,2.2565198,2.1726668,1.9736832,1.9623863,2.741321,3.1021585,3.4009495,3.5599556,3.8287864,3.8740401,2.3316114,2.236071,3.1611614,3.639071,3.965997,3.9331782,4.1751504,4.368538,FALSE,FALSE,FALSE,FALSE,FALSE,FALSE,FALSE,FALSE,FALSE,FALSE,FALSE,FALSE,FALSE,FALSE,FALSE,FALSE,FALSE,FALSE,FALSE,FALSE,FALSE,FALSE,FALSE,FALSE,FALSE,FALSE,FALSE,FALSE,FALSE,FALSE,FALSE,FALSE,FALSE,FALSE,FALSE,FALSE,FALSE,FALSE,FALSE,FALSE,FALSE,-26.8,0,26.9,FALSE,FALSE,FALSE,1.18,1.09,1.19,FALSE,FALSE,FALSE,NA,NA,NA,NA,NA,NA,1.17,FALSE,9.34,FALSE,26.2,FALSE
2026-05-06 09:05:23,394,12,89,200,319,287,169,178,185,236,284,242,290,244,220,262,359,458,428,627,355,316,416,257,230,469,521,667,546,345,655,689,664,561,413,567,543,404,334,827,526,FALSE,FALSE,FALSE,FALSE,FALSE,FALSE,FALSE,FALSE,FALSE,FALSE,FALSE,FALSE,FALSE,FALSE,FALSE,FALSE,FALSE,FALSE,FALSE,FALSE,FALSE,FALSE,FALSE,FALSE,FALSE,FALSE,FALSE,FALSE,FALSE,FALSE,FALSE,FALSE,FALSE,FALSE,FALSE,FALSE,FALSE,FALSE,FALSE,FALSE,FALSE,1.9982485,2.8289092,3.0436974,2.5335655,2.274533,2.1612816,2.1779923,2.3127573,2.0425897,2.3664305,2.6627276,2.6464245,2.4971933,2.6309962,3.9664671,5.2330604,5.6769204,6.135443,6.2351832,2.5825994,2.6418145,2.7537692,2.4243782,2.343256,2.1793697,2.0233335,2.2456617,3.5102935,4.1598406,4.498411,4.834481,5.2611284,5.2017903,2.9416916,3.087951,4.999968,5.8080235,5.929306,5.874197,6.3103805,6.3681865,FALSE,FALSE,FALSE,FALSE,FALSE,FALSE,FALSE,FALSE,FALSE,FALSE,FALSE,FALSE,FALSE,FALSE,FALSE,FALSE,FALSE,TRUE,TRUE,FALSE,FALSE,FALSE,FALSE,FALSE,FALSE,FALSE,FALSE,FALSE,FALSE,FALSE,FALSE,FALSE,FALSE,FALSE,FALSE,FALSE,FALSE,FALSE,FALSE,TRUE,TRUE,-26.85,0,26.85,FALSE,FALSE,FALSE,1.18,1.09,1.19,FALSE,FALSE,FALSE,NA,NA,NA,NA,NA,NA,1.17,FALSE,9.49,FALSE,26.5,FALSE
2026-05-05 09:50:25,394,12,91,203,321,292,173,185,193,253,315,258,299,249,188,196,259,318,292,660,383,350,472,284,246,493,514,586,438,269,488,504,477,538,364,406,362,265,219,528,326,FALSE,FALSE,FALSE,FALSE,FALSE,FALSE,FALSE,FALSE,FALSE,FALSE,FALSE,FALSE,FALSE,FALSE,FALSE,FALSE,FALSE,FALSE,FALSE,FALSE,FALSE,FALSE,FALSE,FALSE,FALSE,FALSE,FALSE,FALSE,FALSE,FALSE,FALSE,FALSE,FALSE,FALSE,FALSE,FALSE,FALSE,FALSE,FALSE,FALSE,FALSE,1.8368177,2.5192494,2.886182,2.2156625,1.986552,1.9120017,1.9156771,2.025425,1.8307859,2.0215611,2.1356628,2.2313855,2.1624746,2.183238,2.2813392,2.3566399,2.45343,2.466546,2.572037,2.2042608,2.1663942,2.1374342,1.7990198,1.9749069,1.953627,1.8185921,1.8275394,2.063745,1.9727721,1.9587822,1.9710504,2.24289,2.1293917,2.0149958,1.7255759,1.7277095,1.7775811,1.6926739,1.7877614,1.9230257,1.914674,FALSE,FALSE,FALSE,FALSE,FALSE,FALSE,FALSE,FALSE,FALSE,FALSE,FALSE,FALSE,FALSE,FALSE,FALSE,FALSE,FALSE,FALSE,FALSE,FALSE,FALSE,FALSE,FALSE,FALSE,FALSE,FALSE,FALSE,FALSE,FALSE,FALSE,FALSE,FALSE,FALSE,FALSE,FALSE,FALSE,FALSE,FALSE,FALSE,FALSE,FALSE,-26.85,0,26.87,FALSE,FALSE,FALSE,1.18,1.09,1.19,FALSE,FALSE,FALSE,NA,NA,NA,NA,NA,NA,1.16,FALSE,5.81,FALSE,26.9,FALSE
2026-05-04 10:12:48,394,12,91,203,321,292,173,185,193,253,315,258,299,249,188,196,259,318,292,660,383,350,472,284,246,493,514,586,438,269,488,504,477,538,364,406,362,265,219,528,326,FALSE,FALSE,FALSE,FALSE,FALSE,FALSE,FALSE,FALSE,FALSE,FALSE,FALSE,FALSE,FALSE,FALSE,FALSE,FALSE,FALSE,FALSE,FALSE,FALSE,FALSE,FALSE,FALSE,FALSE,FALSE,FALSE,FALSE,FALSE,FALSE,FALSE,FALSE,FALSE,FALSE,FALSE,FALSE,FALSE,FALSE,FALSE,FALSE,FALSE,FALSE,1.6931818,2.5625489,2.8897314,2.2550225,2.0313215,1.9693596,1.9631635,2.0692124,1.8897967,2.071805,2.2001815,2.3105917,2.2052903,2.2155862,2.3609972,2.4320018,2.4870791,2.5130422,2.6471875,2.1018083,2.0376186,1.9581304,1.6714619,1.8304745,1.8607423,1.7425755,1.748634,1.9586258,1.9503113,1.9083252,1.9370923,2.2101953,2.0727675,2.3515391,2.1256428,2.1339414,2.2204604,2.0787857,2.2143543,2.2791452,2.3619995,FALSE,FALSE,FALSE,FALSE,FALSE,FALSE,FALSE,FALSE,FALSE,FALSE,FALSE,FALSE,FALSE,FALSE,FALSE,FALSE,FALSE,FALSE,FALSE,FALSE,FALSE,FALSE,FALSE,FALSE,FALSE,FALSE,FALSE,FALSE,FALSE,FALSE,FALSE,FALSE,FALSE,FALSE,FALSE,FALSE,FALSE,FALSE,FALSE,FALSE,FALSE,-26.85,0,27.05,FALSE,FALSE,FALSE,1.18,1.08,1.19,FALSE,FALSE,FALSE,NA,NA,NA,NA,NA,NA,1.16,FALSE,6.43,FALSE,25.5,FALSE
2026-05-01 10:10:50,394,12,90,202,323,289,174,185,193,251,312,257,300,247,196,204,273,335,311,666,381,348,464,283,245,487,519,594,454,279,512,526,508,515,365,420,372,276,229,555,346,FALSE,FALSE,FALSE,FALSE,FALSE,FALSE,FALSE,FALSE,FALSE,FALSE,FALSE,FALSE,FALSE,FALSE,FALSE,FALSE,FALSE,FALSE,FALSE,FALSE,FALSE,FALSE,FALSE,FALSE,FALSE,FALSE,FALSE,FALSE,FALSE,FALSE,FALSE,FALSE,FALSE,FALSE,FALSE,FALSE,FALSE,FALSE,FALSE,FALSE,FALSE,1.8030154,2.46696,2.9515922,2.1749783,1.9732313,1.8978722,1.8882025,1.9624863,1.7982595,1.9528614,2.0963686,2.2173371,2.1444643,2.1723013,2.4020948,2.672478,2.8612976,2.9722984,3.107213,2.1717942,2.1423643,2.0892797,1.8357174,1.9197974,1.9148873,1.8212557,1.8344121,2.1940782,2.3185036,2.40425,2.4910293,2.7559316,2.737161,2.000707,1.8752692,2.217561,2.3693318,2.437006,2.489508,2.6608553,2.885394,FALSE,FALSE,FALSE,FALSE,FALSE,FALSE,FALSE,FALSE,FALSE,FALSE,FALSE,FALSE,FALSE,FALSE,FALSE,FALSE,FALSE,FALSE,FALSE,FALSE,FALSE,FALSE,FALSE,FALSE,FALSE,FALSE,FALSE,FALSE,FALSE,FALSE,FALSE,FALSE,FALSE,FALSE,FALSE,FALSE,FALSE,FALSE,FALSE,FALSE,FALSE,-26.8,0,26.75,FALSE,FALSE,FALSE,1.18,1.09,1.19,FALSE,FALSE,FALSE,NA,NA,NA,NA,NA,NA,1.17,FALSE,6.33,FALSE,26.6,FALSE
2026-05-01 10:06:04,394,12,90,202,323,289,174,185,193,251,312,257,300,247,196,204,273,335,311,666,381,348,464,283,245,487,519,594,454,279,512,526,508,515,365,420,372,276,229,555,346,FALSE,FALSE,FALSE,FALSE,FALSE,FALSE,FALSE,FALSE,FALSE,FALSE,FALSE,FALSE,FALSE,FALSE,FALSE,FALSE,FALSE,FALSE,FALSE,FALSE,FALSE,FALSE,FALSE,FALSE,FALSE,FALSE,FALSE,FALSE,FALSE,FALSE,FALSE,FALSE,FALSE,FALSE,FALSE,FALSE,FALSE,FALSE,FALSE,FALSE,FALSE,1.8697413,2.3990436,2.895021,2.236771,2.0706644,1.9666297,1.9519203,2.0177443,1.8979933,2.0433733,2.180667,2.2307718,2.1703587,2.20483,2.5460536,3.096364,3.4078348,3.587026,3.759559,2.24875,2.1532536,2.1303675,1.9024528,1.9972941,1.9780629,1.866239,1.8633173,2.359293,2.5927062,2.7904336,2.9285443,3.1647635,3.1961598,2.0260227,1.9182705,2.5473807,2.8888416,3.0794601,3.102498,3.3057678,3.5605018,FALSE,FALSE,FALSE,FALSE,FALSE,FALSE,FALSE,FALSE,FALSE,FALSE,FALSE,FALSE,FALSE,FALSE,FALSE,FALSE,FALSE,FALSE,FALSE,FALSE,FALSE,FALSE,FALSE,FALSE,FALSE,FALSE,FALSE,FALSE,FALSE,FALSE,FALSE,FALSE,FALSE,FALSE,FALSE,FALSE,FALSE,FALSE,FALSE,FALSE,FALSE,-26.8,0,26.82,FALSE,FALSE,FALSE,1.18,1.09,1.19,FALSE,FALSE,FALSE,NA,NA,NA,NA,NA,NA,1.17,FALSE,5.56,FALSE,26.4,FALSE
2026-04-30 08:54:02,394,12,93,201,321,287,172,184,192,249,309,252,294,245,185,190,251,307,282,673,391,357,480,286,248,500,527,587,439,271,494,505,484,577,379,418,375,276,227,550,337,FALSE,FALSE,FALSE,FALSE,FALSE,FALSE,FALSE,FALSE,FALSE,FALSE,FALSE,FALSE,FALSE,FALSE,FALSE,FALSE,FALSE,FALSE,FALSE,FALSE,FALSE,FALSE,FALSE,FALSE,FALSE,FALSE,FALSE,FALSE,FALSE,FALSE,FALSE,FALSE,FALSE,FALSE,FALSE,FALSE,FALSE,FALSE,FALSE,FALSE,FALSE,1.5927556,2.2357457,2.7618878,1.971911,1.7176101,1.647273,1.6700696,1.7989023,1.5694096,1.8069916,1.9130223,2.0142941,1.9136198,1.9234939,2.0619652,2.1475608,2.2245922,2.2342794,2.3370438,1.8706666,1.7588668,1.6933767,1.5133731,1.5768871,1.6519464,1.5493819,1.5938528,1.7196683,1.7025732,1.7123351,1.7650415,1.9965278,1.8273189,3.7397714,3.7085884,3.6977432,3.6405492,3.6093585,3.6375635,3.677855,3.6215293,FALSE,FALSE,FALSE,FALSE,FALSE,FALSE,FALSE,FALSE,FALSE,FALSE,FALSE,FALSE,FALSE,FALSE,FALSE,FALSE,FALSE,FALSE,FALSE,FALSE,FALSE,FALSE,FALSE,FALSE,FALSE,FALSE,FALSE,FALSE,FALSE,FALSE,FALSE,FALSE,FALSE,FALSE,FALSE,FALSE,FALSE,FALSE,FALSE,FALSE,FALSE,-26.72,0,27.1,FALSE,FALSE,FALSE,1.18,1.07,1.18,FALSE,FALSE,FALSE,NA,NA,NA,NA,NA,NA,1.16,FALSE,6.34,FALSE,24.4,FALSE
2026-04-29 08:59:38,394,12,91,200,318,287,172,184,191,250,313,255,295,245,188,193,256,314,289,664,385,355,475,284,247,492,521,591,444,272,496,510,483,538,370,420,372,273,226,543,337,FALSE,FALSE,FALSE,FALSE,FALSE,FALSE,FALSE,FALSE,FALSE,FALSE,FALSE,FALSE,FALSE,FALSE,FALSE,FALSE,FALSE,FALSE,FALSE,FALSE,FALSE,FALSE,FALSE,FALSE,FALSE,FALSE,FALSE,FALSE,FALSE,FALSE,FALSE,FALSE,FALSE,FALSE,FALSE,FALSE,FALSE,FALSE,FALSE,FALSE,FALSE,1.525266,2.0561173,2.758369,1.791244,1.5453665,1.4868177,1.4950656,1.602711,1.4036161,1.5883857,1.7271171,1.7917467,1.69708,1.6997771,1.8289552,1.8642496,1.9428428,1.9653761,2.0411658,1.8761442,1.7789826,1.6742777,1.5168865,1.5840096,1.6493198,1.526813,1.5820453,1.7336094,1.6986705,1.7165766,1.7302012,1.9744506,1.8392859,2.5609226,2.4517243,2.44203,2.4042475,2.3736963,2.4364913,2.4624958,2.4586897,FALSE,FALSE,FALSE,FALSE,FALSE,FALSE,FALSE,FALSE,FALSE,FALSE,FALSE,FALSE,FALSE,FALSE,FALSE,FALSE,FALSE,FALSE,FALSE,FALSE,FALSE,FALSE,FALSE,FALSE,FALSE,FALSE,FALSE,FALSE,FALSE,FALSE,FALSE,FALSE,FALSE,FALSE,FALSE,FALSE,FALSE,FALSE,FALSE,FALSE,FALSE,-26.75,0,27.08,FALSE,FALSE,FALSE,1.18,1.08,1.18,FALSE,FALSE,FALSE,NA,NA,NA,NA,NA,NA,1.16,FALSE,5.53,FALSE,24.9,FALSE
2026-04-28 09:05:31,394,12,91,200,318,287,172,184,191,250,313,255,295,245,188,193,256,314,289,664,385,355,475,284,247,492,521,591,444,272,496,510,483,538,370,420,372,273,226,543,337,FALSE,FALSE,FALSE,FALSE,FALSE,FALSE,FALSE,FALSE,FALSE,FALSE,FALSE,FALSE,FALSE,FALSE,FALSE,FALSE,FALSE,FALSE,FALSE,FALSE,FALSE,FALSE,FALSE,FALSE,FALSE,FALSE,FALSE,FALSE,FALSE,FALSE,FALSE,FALSE,FALSE,FALSE,FALSE,FALSE,FALSE,FALSE,FALSE,FALSE,FALSE,1.5322897,2.3429706,2.767703,1.96849,1.7078336,1.6576862,1.6615678,1.7570212,1.5706172,1.7786272,1.9136386,1.9766738,1.8939627,1.9075686,2.0398664,2.0938907,2.2051866,2.172418,2.3544836,1.9681183,1.8528975,1.7771546,1.535576,1.6456789,1.688131,1.5423675,1.635604,1.7926214,1.7603812,1.7681469,1.8165231,2.0412679,1.925223,2.384768,2.1690407,2.1626463,2.16604,2.0537486,2.1494653,2.2125037,2.2052274,FALSE,FALSE,FALSE,FALSE,FALSE,FALSE,FALSE,FALSE,FALSE,FALSE,FALSE,FALSE,FALSE,FALSE,FALSE,FALSE,FALSE,FALSE,FALSE,FALSE,FALSE,FALSE,FALSE,FALSE,FALSE,FALSE,FALSE,FALSE,FALSE,FALSE,FALSE,FALSE,FALSE,FALSE,FALSE,FALSE,FALSE,FALSE,FALSE,FALSE,FALSE,-26.78,0,26.95,FALSE,FALSE,FALSE,1.18,1.09,1.19,FALSE,FALSE,FALSE,NA,NA,NA,NA,NA,NA,1.17,FALSE,5.91,FALSE,25.8,FALSE
2026-04-24 09:26:17,394,12,91,200,318,287,172,184,191,250,313,255,295,245,188,193,256,314,289,664,385,355,475,284,247,492,521,591,444,272,496,510,483,538,370,420,372,273,226,543,337,FALSE,FALSE,FALSE,FALSE,FALSE,FALSE,FALSE,FALSE,FALSE,FALSE,FALSE,FALSE,FALSE,FALSE,FALSE,FALSE,FALSE,FALSE,FALSE,FALSE,FALSE,FALSE,FALSE,FALSE,FALSE,FALSE,FALSE,FALSE,FALSE,FALSE,FALSE,FALSE,FALSE,FALSE,FALSE,FALSE,FALSE,FALSE,FALSE,FALSE,FALSE,1.5927594,2.3628266,2.7775846,1.7297798,1.447274,1.4301945,1.4426702,1.5477175,1.3328042,1.5697505,1.7027361,1.7696153,1.6552783,1.6627643,1.8103285,1.8940562,1.9682301,1.9698828,2.0859222,1.9985431,1.912052,1.8171343,1.5701294,1.6745452,1.7193443,1.616837,1.6404685,1.8368272,1.7943611,1.7787473,1.8385477,2.0746458,1.9610033,1.9863838,1.7409269,1.7066455,1.6825793,1.6142269,1.717967,1.799486,1.80402,FALSE,FALSE,FALSE,FALSE,FALSE,FALSE,FALSE,FALSE,FALSE,FALSE,FALSE,FALSE,FALSE,FALSE,FALSE,FALSE,FALSE,FALSE,FALSE,FALSE,FALSE,FALSE,FALSE,FALSE,FALSE,FALSE,FALSE,FALSE,FALSE,FALSE,FALSE,FALSE,FALSE,FALSE,FALSE,FALSE,FALSE,FALSE,FALSE,FALSE,FALSE,-26.8,0,26.88,FALSE,FALSE,FALSE,1.18,1.09,1.19,FALSE,FALSE,FALSE,NA,NA,NA,NA,NA,NA,1.17,FALSE,5.09,FALSE,25.8,FALSE
2026-04-23 08:49:14,394,12,91,200,318,287,172,184,191,250,313,255,295,245,188,193,256,314,289,664,385,355,475,284,247,492,521,591,444,272,496,510,483,538,370,420,372,273,226,543,337,FALSE,FALSE,FALSE,FALSE,FALSE,FALSE,FALSE,FALSE,FALSE,FALSE,FALSE,FALSE,FALSE,FALSE,FALSE,FALSE,FALSE,FALSE,FALSE,FALSE,FALSE,FALSE,FALSE,FALSE,FALSE,FALSE,FALSE,FALSE,FALSE,FALSE,FALSE,FALSE,FALSE,FALSE,FALSE,FALSE,FALSE,FALSE,FALSE,FALSE,FALSE,1.6991293,2.4300125,2.8533154,1.9342046,1.6975771,1.6694642,1.6249471,1.7284204,1.6051646,1.7430547,1.8302435,1.8699933,1.7847254,1.7759886,1.9178145,2.027728,2.1094286,2.1344194,2.237888,2.0562239,1.9435307,1.8833972,1.6725832,1.773473,1.8169073,1.7149531,1.7410932,1.929406,1.8937403,1.9221133,1.9561689,2.1891904,2.0732431,2.9097524,2.7818983,2.8471406,2.860532,2.83953,2.8729026,2.9313529,3.0008125,FALSE,FALSE,FALSE,FALSE,FALSE,FALSE,FALSE,FALSE,FALSE,FALSE,FALSE,FALSE,FALSE,FALSE,FALSE,FALSE,FALSE,FALSE,FALSE,FALSE,FALSE,FALSE,FALSE,FALSE,FALSE,FALSE,FALSE,FALSE,FALSE,FALSE,FALSE,FALSE,FALSE,FALSE,FALSE,FALSE,FALSE,FALSE,FALSE,FALSE,FALSE,-26.62,0,27.03,FALSE,FALSE,FALSE,1.18,1.08,1.19,FALSE,FALSE,FALSE,NA,NA,NA,NA,NA,NA,1.16,FALSE,4.37,FALSE,25,FALSE
2026-04-22 16:59:36,394,12,88,201,319,284,170,181,188,244,304,255,297,243,191,200,268,330,303,651,376,346,469,284,245,483,526,603,448,279,513,520,496,496,357,419,372,272,229,551,345,FALSE,FALSE,FALSE,FALSE,FALSE,FALSE,FALSE,FALSE,FALSE,FALSE,FALSE,FALSE,FALSE,FALSE,FALSE,FALSE,FALSE,FALSE,FALSE,FALSE,FALSE,FALSE,FALSE,FALSE,FALSE,FALSE,FALSE,FALSE,FALSE,FALSE,FALSE,FALSE,FALSE,FALSE,FALSE,FALSE,FALSE,FALSE,FALSE,FALSE,FALSE,2.0902262,2.9936037,2.870693,1.52068,1.1543369,1.2778047,1.2489618,1.3389986,1.0903304,1.3118875,1.3814129,1.3966515,1.2753414,1.2984476,1.3895911,1.5366148,1.6074961,1.6267118,1.764171,2.3755913,2.2942035,2.1972766,1.9327918,2.0761335,2.0910199,1.9527577,1.9642783,2.1750412,2.1359267,2.112785,2.1815848,2.4143186,2.31189,1.8176162,1.59955,1.6468965,1.7048951,1.685735,1.7608789,1.9070158,1.9137392,FALSE,FALSE,FALSE,FALSE,FALSE,FALSE,FALSE,FALSE,FALSE,FALSE,FALSE,FALSE,FALSE,FALSE,FALSE,FALSE,FALSE,FALSE,FALSE,FALSE,FALSE,FALSE,FALSE,FALSE,FALSE,FALSE,FALSE,FALSE,FALSE,FALSE,FALSE,FALSE,FALSE,FALSE,FALSE,FALSE,FALSE,FALSE,FALSE,FALSE,FALSE,-26.72,0,26.55,FALSE,FALSE,FALSE,1.18,1.09,1.2,FALSE,FALSE,FALSE,NA,NA,NA,NA,NA,NA,1.16,FALSE,8.63,FALSE,28.1,FALSE
2026-04-22 16:53:56,394,12,88,201,319,284,170,181,188,244,304,255,297,243,191,200,268,330,303,651,376,346,469,284,245,483,526,603,448,279,513,520,496,496,357,419,372,272,229,551,345,FALSE,FALSE,FALSE,FALSE,FALSE,FALSE,FALSE,FALSE,FALSE,FALSE,FALSE,FALSE,FALSE,FALSE,FALSE,FALSE,FALSE,FALSE,FALSE,FALSE,FALSE,FALSE,FALSE,FALSE,FALSE,FALSE,FALSE,FALSE,FALSE,FALSE,FALSE,FALSE,FALSE,FALSE,FALSE,FALSE,FALSE,FALSE,FALSE,FALSE,FALSE,1.983438,2.7074978,2.9160907,1.8165506,1.5302049,1.5381832,1.5380472,1.6273737,1.3832418,1.6490636,1.7913063,1.8796365,1.7495562,1.7872008,1.9190153,2.0108006,2.1029875,2.1015582,2.2296774,2.309696,2.261932,2.1624835,1.8424842,2.019798,2.017183,1.9122071,1.878957,2.1239133,2.077127,2.038268,2.0831325,2.3414512,2.2487109,1.9445803,1.7001907,1.7256476,1.771652,1.7386009,1.8225148,1.9668411,1.9606298,FALSE,FALSE,FALSE,FALSE,FALSE,FALSE,FALSE,FALSE,FALSE,FALSE,FALSE,FALSE,FALSE,FALSE,FALSE,FALSE,FALSE,FALSE,FALSE,FALSE,FALSE,FALSE,FALSE,FALSE,FALSE,FALSE,FALSE,FALSE,FALSE,FALSE,FALSE,FALSE,FALSE,FALSE,FALSE,FALSE,FALSE,FALSE,FALSE,FALSE,FALSE,-26.72,0,26.55,FALSE,FALSE,FALSE,1.18,1.09,1.19,FALSE,FALSE,FALSE,NA,NA,NA,NA,NA,NA,1.16,FALSE,9.41,FALSE,27.8,FALSE
2026-04-22 16:46:00,394,12,88,201,319,284,170,181,188,244,304,255,297,243,191,200,268,330,303,651,376,346,469,284,245,483,526,603,448,279,513,520,496,496,357,419,372,272,229,551,345,FALSE,FALSE,FALSE,FALSE,FALSE,FALSE,FALSE,FALSE,FALSE,FALSE,FALSE,FALSE,FALSE,FALSE,FALSE,FALSE,FALSE,FALSE,FALSE,FALSE,FALSE,FALSE,FALSE,FALSE,FALSE,FALSE,FALSE,FALSE,FALSE,FALSE,FALSE,FALSE,FALSE,FALSE,FALSE,FALSE,FALSE,FALSE,FALSE,FALSE,FALSE,2.0990572,2.783631,2.9270024,1.9773549,1.7108623,1.686926,1.6999373,1.7691692,1.5598826,1.7873632,1.9435892,2.0375128,1.9283404,1.9414192,2.073056,2.15134,2.2776468,2.2937512,2.3768017,2.3705206,2.2917614,2.2484143,1.9426216,2.1127322,2.08085,1.9525189,1.9513398,2.153071,2.1384854,2.0829291,2.1660247,2.3982716,2.3018804,2.0026574,1.769138,1.8333936,1.9090109,1.8853261,1.9422379,2.13746,2.0744772,FALSE,FALSE,FALSE,FALSE,FALSE,FALSE,FALSE,FALSE,FALSE,FALSE,FALSE,FALSE,FALSE,FALSE,FALSE,FALSE,FALSE,FALSE,FALSE,FALSE,FALSE,FALSE,FALSE,FALSE,FALSE,FALSE,FALSE,FALSE,FALSE,FALSE,FALSE,FALSE,FALSE,FALSE,FALSE,FALSE,FALSE,FALSE,FALSE,FALSE,FALSE,-26.8,0,26.68,FALSE,FALSE,FALSE,1.18,1.09,1.21,FALSE,FALSE,FALSE,NA,NA,NA,NA,NA,NA,1.16,FALSE,10.03,FALSE,27.8,FALSE
2026-04-22 16:40:49,422,12,90,206,325,293,175,185,193,252,311,263,304,249,196,205,274,338,312,679,386,355,482,292,252,497,539,618,460,286,525,533,511,509,368,434,378,280,235,566,357,FALSE,FALSE,FALSE,FALSE,FALSE,FALSE,FALSE,FALSE,FALSE,FALSE,FALSE,FALSE,FALSE,FALSE,FALSE,FALSE,FALSE,FALSE,FALSE,FALSE,FALSE,FALSE,FALSE,FALSE,FALSE,FALSE,FALSE,FALSE,FALSE,FALSE,FALSE,FALSE,FALSE,FALSE,FALSE,FALSE,FALSE,FALSE,FALSE,FALSE,FALSE,2.3587146,2.9447198,3.1266234,2.3300288,2.022264,2.038273,2.0472162,2.132171,1.9033762,2.1656752,2.3324206,2.4655902,2.313677,2.3092806,2.4744098,2.581769,2.638481,2.6519754,2.768923,2.743488,2.753757,2.6661837,2.1453667,2.4544363,2.3896384,2.2008858,2.1142533,2.4688659,2.4297686,2.3119326,2.3574305,2.689947,2.6461987,2.2521915,1.9633517,2.0676663,2.1591728,2.1436641,2.223461,2.4349456,2.3448775,FALSE,FALSE,FALSE,FALSE,FALSE,FALSE,FALSE,FALSE,FALSE,FALSE,FALSE,FALSE,FALSE,FALSE,FALSE,FALSE,FALSE,FALSE,FALSE,FALSE,FALSE,FALSE,FALSE,FALSE,FALSE,FALSE,FALSE,FALSE,FALSE,FALSE,FALSE,FALSE,FALSE,FALSE,FALSE,FALSE,FALSE,FALSE,FALSE,FALSE,FALSE,-25.58,0,25.45,FALSE,FALSE,FALSE,1.21,1.11,1.23,FALSE,FALSE,FALSE,NA,NA,NA,NA,NA,NA,1.18,FALSE,12.45,FALSE,27.9,FALSE
2026-04-22 16:37:07,422,13,94,210,333,297,179,187,196,255,321,267,307,256,202,208,277,342,318,686,393,363,484,298,254,512,546,617,470,290,529,545,519,523,383,440,387,285,239,578,364,FALSE,FALSE,FALSE,FALSE,FALSE,FALSE,FALSE,FALSE,FALSE,FALSE,FALSE,FALSE,FALSE,FALSE,FALSE,FALSE,FALSE,FALSE,FALSE,FALSE,FALSE,FALSE,FALSE,FALSE,FALSE,FALSE,FALSE,FALSE,FALSE,FALSE,FALSE,FALSE,FALSE,FALSE,FALSE,FALSE,FALSE,FALSE,FALSE,FALSE,FALSE,2.492531,2.9248488,3.2746222,2.4306746,2.1963084,2.1870012,2.1748016,2.257618,2.065396,2.2962117,2.4108076,2.5683105,2.44913,2.444326,2.6068385,2.6922066,2.8109345,2.772233,2.917518,2.8604455,2.8722155,2.7822943,2.3145306,2.5923069,2.53321,2.3239565,2.244765,2.5861592,2.5846002,2.3931875,2.435304,2.9057188,2.7083044,2.2738624,2.0017927,2.0980234,2.1571965,2.1916475,2.247769,2.4845476,2.4117854,FALSE,FALSE,FALSE,FALSE,FALSE,FALSE,FALSE,FALSE,FALSE,FALSE,FALSE,FALSE,FALSE,FALSE,FALSE,FALSE,FALSE,FALSE,FALSE,FALSE,FALSE,FALSE,FALSE,FALSE,FALSE,FALSE,FALSE,FALSE,FALSE,FALSE,FALSE,FALSE,FALSE,FALSE,FALSE,FALSE,FALSE,FALSE,FALSE,FALSE,FALSE,-25.05,0,24.92,FALSE,FALSE,FALSE,1.22,1.12,1.24,FALSE,FALSE,FALSE,NA,NA,NA,NA,NA,NA,1.18,FALSE,12.97,FALSE,27.9,FALSE
2026-04-22 16:25:14,422,14,98,223,351,316,189,199,208,270,336,280,324,268,210,218,291,359,331,729,415,383,515,312,270,535,567,656,493,306,558,572,547,556,406,468,404,303,254,617,393,FALSE,FALSE,FALSE,FALSE,FALSE,FALSE,FALSE,FALSE,FALSE,FALSE,FALSE,FALSE,FALSE,FALSE,FALSE,FALSE,FALSE,FALSE,FALSE,FALSE,FALSE,FALSE,FALSE,FALSE,FALSE,FALSE,FALSE,FALSE,FALSE,FALSE,FALSE,FALSE,FALSE,FALSE,FALSE,FALSE,FALSE,FALSE,FALSE,FALSE,FALSE,2.2500064,3.9946773,3.062164,2.3892734,1.9583225,2.1482947,2.1016028,2.1730287,1.8284632,2.1714828,2.2559323,2.510811,2.224897,2.1493816,2.4032335,2.5710618,2.5458353,2.4958673,2.7141743,2.8324306,2.91718,2.8529236,2.1419563,2.6122174,2.4808054,2.2926352,2.1317854,2.6428928,2.626283,2.3576477,2.4572778,2.7974446,2.6969779,2.6221986,2.3027287,2.4190257,2.5767775,2.5829203,2.62252,2.9769142,2.818215,FALSE,FALSE,FALSE,FALSE,FALSE,FALSE,FALSE,FALSE,FALSE,FALSE,FALSE,FALSE,FALSE,FALSE,FALSE,FALSE,FALSE,FALSE,FALSE,FALSE,FALSE,FALSE,FALSE,FALSE,FALSE,FALSE,FALSE,FALSE,FALSE,FALSE,FALSE,FALSE,FALSE,FALSE,FALSE,FALSE,FALSE,FALSE,FALSE,FALSE,FALSE,-22.62,0,22.47,FALSE,FALSE,FALSE,1.27,1.16,1.29,FALSE,FALSE,FALSE,NA,NA,NA,NA,NA,NA,1.22,FALSE,18.89,FALSE,28.1,FALSE
2026-04-22 16:21:54,422,13,95,213,338,303,182,192,200,260,322,268,314,258,203,211,281,345,317,707,400,369,497,303,262,522,550,637,476,293,541,549,530,546,384,446,390,290,243,594,374,FALSE,FALSE,FALSE,FALSE,FALSE,FALSE,FALSE,FALSE,FALSE,FALSE,FALSE,FALSE,FALSE,FALSE,FALSE,FALSE,FALSE,FALSE,FALSE,FALSE,FALSE,FALSE,FALSE,FALSE,FALSE,FALSE,FALSE,FALSE,FALSE,FALSE,FALSE,FALSE,FALSE,FALSE,FALSE,FALSE,FALSE,FALSE,FALSE,FALSE,FALSE,2.3177223,3.4957967,3.1157002,2.293103,1.9000521,2.0178442,1.9867342,2.076349,1.7999172,2.0828154,2.2228858,2.3827982,2.184716,2.1652641,2.334883,2.4961195,2.5433483,2.5487819,2.7010486,2.766341,2.8079095,2.7534604,2.1514468,2.526561,2.445783,2.2476668,2.129252,2.5776012,2.5660255,2.325403,2.3942711,2.758923,2.703745,2.4721508,2.1291907,2.2687645,2.3771312,2.379222,2.4513679,2.7264156,2.6233683,FALSE,FALSE,FALSE,FALSE,FALSE,FALSE,FALSE,FALSE,FALSE,FALSE,FALSE,FALSE,FALSE,FALSE,FALSE,FALSE,FALSE,FALSE,FALSE,FALSE,FALSE,FALSE,FALSE,FALSE,FALSE,FALSE,FALSE,FALSE,FALSE,FALSE,FALSE,FALSE,FALSE,FALSE,FALSE,FALSE,FALSE,FALSE,FALSE,FALSE,FALSE,-24.05,0,23.88,FALSE,FALSE,FALSE,1.24,1.13,1.26,FALSE,FALSE,FALSE,NA,NA,NA,NA,NA,NA,1.19,FALSE,15.67,FALSE,28.2,FALSE
2026-04-20 08:46:12,391,12,95,203,324,293,175,186,196,254,316,256,299,250,189,194,256,314,288,686,394,360,480,290,251,502,523,594,446,271,493,510,484,534,355,392,346,259,213,515,320,FALSE,FALSE,FALSE,FALSE,FALSE,FALSE,FALSE,FALSE,FALSE,FALSE,FALSE,FALSE,FALSE,FALSE,FALSE,FALSE,FALSE,FALSE,FALSE,FALSE,FALSE,FALSE,FALSE,FALSE,FALSE,FALSE,FALSE,FALSE,FALSE,FALSE,FALSE,FALSE,FALSE,FALSE,FALSE,FALSE,FALSE,FALSE,FALSE,FALSE,FALSE,1.860391,2.970039,2.80936,2.735825,2.355758,2.31802,2.350094,2.53317,2.178452,2.493845,2.689073,2.961573,2.764673,2.678191,2.99076,3.088779,3.152541,3.221118,3.311739,2.081055,2.050633,2.00607,1.561571,1.798983,1.794653,1.654809,1.675054,1.939164,1.938843,1.785352,1.897546,2.161516,2.038458,3.025737,2.445113,2.450278,2.591089,2.250266,2.567389,2.603948,2.645954,FALSE,FALSE,FALSE,FALSE,FALSE,FALSE,FALSE,FALSE,FALSE,FALSE,FALSE,FALSE,FALSE,FALSE,FALSE,FALSE,FALSE,FALSE,FALSE,FALSE,FALSE,FALSE,FALSE,FALSE,FALSE,FALSE,FALSE,FALSE,FALSE,FALSE,FALSE,FALSE,FALSE,FALSE,FALSE,FALSE,FALSE,FALSE,FALSE,FALSE,FALSE,-26.2,0,26.5,FALSE,FALSE,FALSE,1.190657,1.083312,1.199198,FALSE,FALSE,FALSE,0,0,0,FALSE,FALSE,FALSE,1.165643,FALSE,12.86,FALSE,24.62,FALSE
2026-04-17 09:16:23,391,12,94,203,324,292,174,186,194,253,315,254,297,248,189,193,254,311,287,685,391,360,482,286,249,501,522,593,442,271,492,512,486,535,357,396,349,259,215,516,323,FALSE,FALSE,FALSE,FALSE,FALSE,FALSE,FALSE,FALSE,FALSE,FALSE,FALSE,FALSE,FALSE,FALSE,FALSE,FALSE,FALSE,FALSE,FALSE,FALSE,FALSE,FALSE,FALSE,FALSE,FALSE,FALSE,FALSE,FALSE,FALSE,FALSE,FALSE,FALSE,FALSE,FALSE,FALSE,FALSE,FALSE,FALSE,FALSE,FALSE,FALSE,1.896898,3.020409,2.851496,2.746513,2.357027,2.307531,2.341637,2.513434,2.181693,2.516604,2.677169,2.887702,2.673028,2.687479,2.904418,3.032703,3.083624,3.095126,3.271676,2.11734,2.088575,2.078385,1.625787,1.846503,1.865929,1.681076,1.706638,1.944514,1.988722,1.838167,1.948531,2.261089,2.091186,2.96478,2.464107,2.481557,2.633673,2.304892,2.623395,2.641495,2.761828,FALSE,FALSE,FALSE,FALSE,FALSE,FALSE,FALSE,FALSE,FALSE,FALSE,FALSE,FALSE,FALSE,FALSE,FALSE,FALSE,FALSE,FALSE,FALSE,FALSE,FALSE,FALSE,FALSE,FALSE,FALSE,FALSE,FALSE,FALSE,FALSE,FALSE,FALSE,FALSE,FALSE,FALSE,FALSE,FALSE,FALSE,FALSE,FALSE,FALSE,FALSE,-26.125,0,26.475,FALSE,FALSE,FALSE,1.192048,1.082717,1.201141,FALSE,FALSE,FALSE,0,0,0,FALSE,FALSE,FALSE,1.165327,FALSE,12.5,FALSE,24.5,FALSE
2026-04-16 09:23:49,391,12,92,202,322,291,173,184,193,251,310,255,297,247,193,207,277,343,318,669,383,349,469,281,244,490,520,605,464,284,523,542,513,511,361,420,377,283,234,562,357,FALSE,FALSE,FALSE,FALSE,FALSE,FALSE,FALSE,FALSE,FALSE,FALSE,FALSE,FALSE,FALSE,FALSE,FALSE,FALSE,FALSE,FALSE,FALSE,FALSE,FALSE,FALSE,FALSE,FALSE,FALSE,FALSE,FALSE,FALSE,FALSE,FALSE,FALSE,FALSE,FALSE,FALSE,FALSE,FALSE,FALSE,FALSE,FALSE,FALSE,FALSE,2.136548,3.057304,3.182754,2.943196,2.607822,2.541612,2.564673,2.689239,2.440263,2.700739,2.915643,3.11486,2.943246,2.933231,3.624207,5.019067,5.455945,5.872395,6.068282,2.864588,2.910798,2.85718,2.477742,2.656698,2.552804,2.383451,2.293098,3.472304,4.106281,4.41991,4.781324,5.179786,5.222267,3.260311,3.378518,4.996947,5.723021,6.141308,6.097122,6.424088,6.693452,FALSE,FALSE,FALSE,FALSE,FALSE,FALSE,FALSE,FALSE,FALSE,FALSE,FALSE,FALSE,FALSE,FALSE,FALSE,FALSE,FALSE,FALSE,TRUE,FALSE,FALSE,FALSE,FALSE,FALSE,FALSE,FALSE,FALSE,FALSE,FALSE,FALSE,FALSE,FALSE,FALSE,FALSE,FALSE,FALSE,FALSE,TRUE,TRUE,TRUE,TRUE,-26.25,0,26.225,FALSE,FALSE,FALSE,1.194826,1.099184,1.217776,FALSE,FALSE,FALSE,0,0,0,FALSE,FALSE,FALSE,1.172626,FALSE,11.59,FALSE,26.75,FALSE
2026-04-15 08:40:47,391,12,92,202,322,291,173,184,193,251,310,255,297,247,193,207,277,343,318,669,383,349,469,281,244,490,520,605,464,284,523,542,513,511,361,420,377,283,234,562,357,FALSE,FALSE,FALSE,FALSE,FALSE,FALSE,FALSE,FALSE,FALSE,FALSE,FALSE,FALSE,FALSE,FALSE,FALSE,FALSE,FALSE,FALSE,FALSE,FALSE,FALSE,FALSE,FALSE,FALSE,FALSE,FALSE,FALSE,FALSE,FALSE,FALSE,FALSE,FALSE,FALSE,FALSE,FALSE,FALSE,FALSE,FALSE,FALSE,FALSE,FALSE,1.826282,3.10576,2.961428,3.001757,2.656011,2.585112,2.5813,2.730645,2.347199,2.693424,2.834327,3.140126,2.959589,3.001689,3.759441,4.759615,5.252204,5.656965,5.802986,2.466528,2.476223,2.476916,1.882344,2.22548,2.181304,2.000789,2.002912,2.891257,3.42575,3.776401,4.171056,4.268313,4.418537,3.335308,3.296129,4.482768,5.10663,5.398923,5.371078,5.72051,5.916335,FALSE,FALSE,FALSE,FALSE,FALSE,FALSE,FALSE,FALSE,FALSE,FALSE,FALSE,FALSE,FALSE,FALSE,FALSE,FALSE,FALSE,FALSE,FALSE,FALSE,FALSE,FALSE,FALSE,FALSE,FALSE,FALSE,FALSE,FALSE,FALSE,FALSE,FALSE,FALSE,FALSE,FALSE,FALSE,FALSE,FALSE,FALSE,FALSE,FALSE,FALSE,-26.2,0,26.4,FALSE,FALSE,FALSE,1.193015,1.092351,1.208893,FALSE,FALSE,FALSE,0,0,0,FALSE,FALSE,FALSE,1.172365,FALSE,13.16,FALSE,25.5,FALSE
2026-04-14 08:24:11,391,12,94,202,321,290,173,185,193,252,314,257,302,247,190,195,257,316,289,671,388,356,478,289,250,496,527,592,445,272,495,513,486,509,351,392,350,258,214,515,321,FALSE,FALSE,FALSE,FALSE,FALSE,FALSE,FALSE,FALSE,FALSE,FALSE,FALSE,FALSE,FALSE,FALSE,FALSE,FALSE,FALSE,FALSE,FALSE,FALSE,FALSE,FALSE,FALSE,FALSE,FALSE,FALSE,FALSE,FALSE,FALSE,FALSE,FALSE,FALSE,FALSE,FALSE,FALSE,FALSE,FALSE,FALSE,FALSE,FALSE,FALSE,1.701182,2.768184,2.794873,2.587853,2.219641,2.172878,2.200257,2.359303,2.037904,2.355228,2.52828,2.708289,2.507608,2.524016,2.729796,2.836088,2.889259,2.924577,3.011688,2.115977,2.102041,2.013961,1.568576,1.817286,1.832603,1.670677,1.657625,1.965065,1.963289,1.845286,1.920383,2.191507,2.133782,2.719201,2.356406,2.418561,2.52937,2.281055,2.520865,2.553653,2.645875,FALSE,FALSE,FALSE,FALSE,FALSE,FALSE,FALSE,FALSE,FALSE,FALSE,FALSE,FALSE,FALSE,FALSE,FALSE,FALSE,FALSE,FALSE,FALSE,FALSE,FALSE,FALSE,FALSE,FALSE,FALSE,FALSE,FALSE,FALSE,FALSE,FALSE,FALSE,FALSE,FALSE,FALSE,FALSE,FALSE,FALSE,FALSE,FALSE,FALSE,FALSE,-26.2,0,26.5,FALSE,FALSE,FALSE,1.191635,1.083211,1.201317,FALSE,FALSE,FALSE,0,0,0,FALSE,FALSE,FALSE,1.166449,FALSE,11.35,FALSE,24.75,FALSE
2026-04-13 09:01:20,391,12,94,202,321,290,173,185,193,252,314,257,302,247,190,195,257,316,289,671,388,356,478,289,250,496,527,592,445,272,495,513,486,509,351,392,350,258,214,515,321,FALSE,FALSE,FALSE,FALSE,FALSE,FALSE,FALSE,FALSE,FALSE,FALSE,FALSE,FALSE,FALSE,FALSE,FALSE,FALSE,FALSE,FALSE,FALSE,FALSE,FALSE,FALSE,FALSE,FALSE,FALSE,FALSE,FALSE,FALSE,FALSE,FALSE,FALSE,FALSE,FALSE,FALSE,FALSE,FALSE,FALSE,FALSE,FALSE,FALSE,FALSE,1.814339,2.975915,2.919482,2.60489,2.240217,2.179871,2.221154,2.407611,2.065461,2.381733,2.57397,2.781885,2.566803,2.568169,2.802916,2.91226,2.989537,2.983015,3.14736,2.14996,2.134483,2.096094,1.619035,1.894662,1.905791,1.741613,1.732,2.018115,2.023238,1.848296,1.968414,2.298442,2.139698,2.850758,2.441985,2.489748,2.641084,2.355235,2.658684,2.689037,2.782074,FALSE,FALSE,FALSE,FALSE,FALSE,FALSE,FALSE,FALSE,FALSE,FALSE,FALSE,FALSE,FALSE,FALSE,FALSE,FALSE,FALSE,FALSE,FALSE,FALSE,FALSE,FALSE,FALSE,FALSE,FALSE,FALSE,FALSE,FALSE,FALSE,FALSE,FALSE,FALSE,FALSE,FALSE,FALSE,FALSE,FALSE,FALSE,FALSE,FALSE,FALSE,-26.125,0,26.375,FALSE,FALSE,FALSE,1.193287,1.086009,1.202826,FALSE,FALSE,FALSE,0,0,0,FALSE,FALSE,FALSE,1.168704,FALSE,12.16,FALSE,24.88,FALSE
2026-04-10 09:25:14,391,12,92,201,320,287,172,183,192,248,307,251,297,245,193,202,269,329,308,662,378,346,466,280,243,487,516,600,450,279,509,529,506,523,359,419,370,277,230,556,352,FALSE,FALSE,FALSE,FALSE,FALSE,FALSE,FALSE,FALSE,FALSE,FALSE,FALSE,FALSE,FALSE,FALSE,FALSE,FALSE,FALSE,FALSE,FALSE,FALSE,FALSE,FALSE,FALSE,FALSE,FALSE,FALSE,FALSE,FALSE,FALSE,FALSE,FALSE,FALSE,FALSE,FALSE,FALSE,FALSE,FALSE,FALSE,FALSE,FALSE,FALSE,1.914308,3.196542,3.076855,2.954597,2.644844,2.551023,2.541691,2.662964,2.378488,2.64516,2.785773,3.097865,2.929631,2.949695,3.596978,4.402491,4.848989,5.093145,5.32638,2.536812,2.521585,2.466037,1.923451,2.256679,2.190591,2.049882,2.15269,2.980473,3.409732,3.687122,3.963081,4.195361,4.303417,3.344436,3.349705,4.347922,4.830322,5.141908,5.109268,5.412026,5.576477,FALSE,FALSE,FALSE,FALSE,FALSE,FALSE,FALSE,FALSE,FALSE,FALSE,FALSE,FALSE,FALSE,FALSE,FALSE,FALSE,FALSE,FALSE,FALSE,FALSE,FALSE,FALSE,FALSE,FALSE,FALSE,FALSE,FALSE,FALSE,FALSE,FALSE,FALSE,FALSE,FALSE,FALSE,FALSE,FALSE,FALSE,FALSE,FALSE,FALSE,FALSE,-26.225,0,26.25,FALSE,FALSE,FALSE,1.194833,1.098258,1.21419,FALSE,FALSE,FALSE,0,0,0,FALSE,FALSE,FALSE,1.174576,FALSE,13.21,FALSE,26.12,FALSE
2026-04-09 08:34:39,391,12,97,200,320,287,172,183,192,250,311,253,299,243,187,192,252,308,284,692,398,363,488,294,255,508,532,605,452,275,502,517,491,518,355,401,355,261,216,522,323,FALSE,FALSE,FALSE,FALSE,FALSE,FALSE,FALSE,FALSE,FALSE,FALSE,FALSE,FALSE,FALSE,FALSE,FALSE,FALSE,FALSE,FALSE,FALSE,FALSE,FALSE,FALSE,FALSE,FALSE,FALSE,FALSE,FALSE,FALSE,FALSE,FALSE,FALSE,FALSE,FALSE,FALSE,FALSE,FALSE,FALSE,FALSE,FALSE,FALSE,FALSE,1.555083,2.469967,2.861408,1.828896,1.520533,1.473686,1.492038,1.655437,1.380829,1.625382,1.770717,1.89254,1.723785,1.722259,1.880219,1.961762,2.032841,2.052711,2.178958,1.904201,1.813518,1.720464,1.536809,1.611646,1.68876,1.563725,1.629454,1.748244,1.731102,1.704736,1.764842,2.009423,1.827142,2.564494,2.192635,2.185895,2.191895,2.037535,2.140637,2.136971,2.14418,FALSE,FALSE,FALSE,FALSE,FALSE,FALSE,FALSE,FALSE,FALSE,FALSE,FALSE,FALSE,FALSE,FALSE,FALSE,FALSE,FALSE,FALSE,FALSE,FALSE,FALSE,FALSE,FALSE,FALSE,FALSE,FALSE,FALSE,FALSE,FALSE,FALSE,FALSE,FALSE,FALSE,FALSE,FALSE,FALSE,FALSE,FALSE,FALSE,FALSE,FALSE,-26.175,0,26.625,FALSE,FALSE,FALSE,1.1852,1.072605,1.19217,FALSE,FALSE,FALSE,0,0,0,FALSE,FALSE,FALSE,1.161944,FALSE,10.11,FALSE,23.75,FALSE
2026-04-08 08:50:43,391,12,93,200,321,287,173,183,192,249,312,253,296,247,186,192,254,312,285,671,387,357,475,285,248,496,515,582,440,270,492,508,481,535,357,395,348,259,214,518,321,FALSE,FALSE,FALSE,FALSE,FALSE,FALSE,FALSE,FALSE,FALSE,FALSE,FALSE,FALSE,FALSE,FALSE,FALSE,FALSE,FALSE,FALSE,FALSE,FALSE,FALSE,FALSE,FALSE,FALSE,FALSE,FALSE,FALSE,FALSE,FALSE,FALSE,FALSE,FALSE,FALSE,FALSE,FALSE,FALSE,FALSE,FALSE,FALSE,FALSE,FALSE,1.724824,2.794408,2.820098,2.498982,2.182424,2.119595,2.145557,2.2998,2.025968,2.294829,2.470416,2.638226,2.474545,2.464862,2.641687,2.747332,2.824606,2.846321,3.008366,2.025487,1.981918,1.932551,1.54838,1.741085,1.769797,1.597517,1.656233,1.864263,1.848375,1.744629,1.886416,2.102811,1.961444,2.602311,2.223159,2.210419,2.272133,2.090828,2.295318,2.378577,2.388044,FALSE,FALSE,FALSE,FALSE,FALSE,FALSE,FALSE,FALSE,FALSE,FALSE,FALSE,FALSE,FALSE,FALSE,FALSE,FALSE,FALSE,FALSE,FALSE,FALSE,FALSE,FALSE,FALSE,FALSE,FALSE,FALSE,FALSE,FALSE,FALSE,FALSE,FALSE,FALSE,FALSE,FALSE,FALSE,FALSE,FALSE,FALSE,FALSE,FALSE,FALSE,-26.25,0,26.525,FALSE,FALSE,FALSE,1.189812,1.088358,1.202089,FALSE,FALSE,FALSE,0,0,0,FALSE,FALSE,FALSE,1.170079,FALSE,10.16,FALSE,24.88,FALSE
2026-04-07 09:09:26,391,12,93,200,321,287,173,183,192,249,312,253,296,247,186,192,254,312,285,671,387,357,475,285,248,496,515,582,440,270,492,508,481,535,357,395,348,259,214,518,321,FALSE,FALSE,FALSE,FALSE,FALSE,FALSE,FALSE,FALSE,FALSE,FALSE,FALSE,FALSE,FALSE,FALSE,FALSE,FALSE,FALSE,FALSE,FALSE,FALSE,FALSE,FALSE,FALSE,FALSE,FALSE,FALSE,FALSE,FALSE,FALSE,FALSE,FALSE,FALSE,FALSE,FALSE,FALSE,FALSE,FALSE,FALSE,FALSE,FALSE,FALSE,1.697843,2.809437,2.835953,2.463634,2.124782,2.100372,2.088499,2.234028,1.950834,2.227647,2.439376,2.623944,2.431426,2.449903,2.643142,2.740997,2.819652,2.847405,2.97298,2.049177,1.980502,1.913045,1.553802,1.729233,1.758099,1.61648,1.648011,1.845762,1.842312,1.74558,1.865441,2.07465,1.916248,2.611841,2.210749,2.228229,2.318755,2.139057,2.313638,2.407133,2.430161,FALSE,FALSE,FALSE,FALSE,FALSE,FALSE,FALSE,FALSE,FALSE,FALSE,FALSE,FALSE,FALSE,FALSE,FALSE,FALSE,FALSE,FALSE,FALSE,FALSE,FALSE,FALSE,FALSE,FALSE,FALSE,FALSE,FALSE,FALSE,FALSE,FALSE,FALSE,FALSE,FALSE,FALSE,FALSE,FALSE,FALSE,FALSE,FALSE,FALSE,FALSE,-26.275,0,26.45,FALSE,FALSE,FALSE,1.190547,1.092203,1.203385,FALSE,FALSE,FALSE,0,0,0,FALSE,FALSE,FALSE,1.17214,FALSE,10.23,FALSE,25.12,FALSE
2026-04-02 09:30:50,411,12,92,201,318,288,172,183,191,250,312,256,301,245,190,196,259,317,291,667,384,354,472,287,248,491,522,596,446,272,497,516,489,506,353,404,355,262,217,524,327,FALSE,FALSE,FALSE,FALSE,FALSE,FALSE,FALSE,FALSE,FALSE,FALSE,FALSE,FALSE,FALSE,FALSE,FALSE,FALSE,FALSE,FALSE,FALSE,FALSE,FALSE,FALSE,FALSE,FALSE,FALSE,FALSE,FALSE,FALSE,FALSE,FALSE,FALSE,FALSE,FALSE,FALSE,FALSE,FALSE,FALSE,FALSE,FALSE,FALSE,FALSE,1.816788,2.630305,2.787396,2.122064,1.849206,1.793209,1.811728,1.938949,1.692681,1.940343,2.094268,2.213022,2.086749,2.11212,2.211136,2.306663,2.39862,2.378328,2.47455,2.062954,1.969277,1.894813,1.597096,1.75816,1.776488,1.641632,1.665771,1.900861,1.866943,1.785293,1.837927,2.10716,1.998312,2.386746,2.196714,2.192247,2.209487,2.148344,2.262533,2.36464,2.407063,FALSE,FALSE,FALSE,FALSE,FALSE,FALSE,FALSE,FALSE,FALSE,FALSE,FALSE,FALSE,FALSE,FALSE,FALSE,FALSE,FALSE,FALSE,FALSE,FALSE,FALSE,FALSE,FALSE,FALSE,FALSE,FALSE,FALSE,FALSE,FALSE,FALSE,FALSE,FALSE,FALSE,FALSE,FALSE,FALSE,FALSE,FALSE,FALSE,FALSE,FALSE,-26.225,0,26.3,FALSE,FALSE,FALSE,1.192641,1.095578,1.209167,FALSE,FALSE,FALSE,0,0,0,FALSE,FALSE,FALSE,1.178005,FALSE,10.09,FALSE,26,FALSE
2026-04-01 10:06:41,411,12,92,201,318,288,172,183,191,250,312,256,301,245,190,196,259,317,291,667,384,354,472,287,248,491,522,596,446,272,497,516,489,506,353,404,355,262,217,524,327,FALSE,FALSE,FALSE,FALSE,FALSE,FALSE,FALSE,FALSE,FALSE,FALSE,FALSE,FALSE,FALSE,FALSE,FALSE,FALSE,FALSE,FALSE,FALSE,FALSE,FALSE,FALSE,FALSE,FALSE,FALSE,FALSE,FALSE,FALSE,FALSE,FALSE,FALSE,FALSE,FALSE,FALSE,FALSE,FALSE,FALSE,FALSE,FALSE,FALSE,FALSE,1.613671,2.700527,2.770577,2.059264,1.750952,1.707632,1.758534,1.870558,1.617193,1.88042,2.037876,2.147261,2.001685,2.018834,2.173013,2.237684,2.324931,2.281716,2.440062,1.965727,1.882485,1.804309,1.505654,1.648011,1.691891,1.58151,1.592729,1.819108,1.783728,1.743864,1.773315,2.050896,1.922938,2.288649,2.041098,2.056858,2.120255,1.978161,2.152647,2.203285,2.189072,FALSE,FALSE,FALSE,FALSE,FALSE,FALSE,FALSE,FALSE,FALSE,FALSE,FALSE,FALSE,FALSE,FALSE,FALSE,FALSE,FALSE,FALSE,FALSE,FALSE,FALSE,FALSE,FALSE,FALSE,FALSE,FALSE,FALSE,FALSE,FALSE,FALSE,FALSE,FALSE,FALSE,FALSE,FALSE,FALSE,FALSE,FALSE,FALSE,FALSE,FALSE,-26.225,0,26.35,FALSE,FALSE,FALSE,1.190487,1.091018,1.203884,FALSE,FALSE,FALSE,0,0,0,FALSE,FALSE,FALSE,1.17644,FALSE,10.78,FALSE,25.38,FALSE
2026-03-31 10:11:08,411,12,91,199,319,285,171,183,191,249,309,254,300,247,191,195,257,316,290,664,380,352,472,285,247,490,516,583,440,268,490,507,479,515,359,407,353,262,218,526,326,FALSE,FALSE,FALSE,FALSE,FALSE,FALSE,FALSE,FALSE,FALSE,FALSE,FALSE,FALSE,FALSE,FALSE,FALSE,FALSE,FALSE,FALSE,FALSE,FALSE,FALSE,FALSE,FALSE,FALSE,FALSE,FALSE,FALSE,FALSE,FALSE,FALSE,FALSE,FALSE,FALSE,FALSE,FALSE,FALSE,FALSE,FALSE,FALSE,FALSE,FALSE,2.191818,2.791835,2.860093,2.228599,1.929461,1.875293,1.912473,2.039961,1.78151,2.045593,2.188629,2.288762,2.167238,2.164386,2.331404,2.401512,2.469659,2.478076,2.601678,2.263772,2.186763,2.138235,1.72953,1.955804,1.951846,1.83665,1.79214,2.037914,1.983233,1.950384,2.016014,2.212753,2.117464,2.540642,2.366714,2.408991,2.437141,2.414316,2.53848,2.629355,2.666774,FALSE,FALSE,FALSE,FALSE,FALSE,FALSE,FALSE,FALSE,FALSE,FALSE,FALSE,FALSE,FALSE,FALSE,FALSE,FALSE,FALSE,FALSE,FALSE,FALSE,FALSE,FALSE,FALSE,FALSE,FALSE,FALSE,FALSE,FALSE,FALSE,FALSE,FALSE,FALSE,FALSE,FALSE,FALSE,FALSE,FALSE,FALSE,FALSE,FALSE,FALSE,-26.35,0,26.25,FALSE,FALSE,FALSE,1.193816,1.099426,1.213805,FALSE,FALSE,FALSE,0,0,0,FALSE,FALSE,FALSE,1.175441,FALSE,11.04,FALSE,26.75,FALSE
2026-03-30 10:07:21,411,12,100,201,321,290,173,184,192,251,311,253,299,246,187,192,253,309,284,707,405,371,497,299,258,517,543,610,455,281,512,530,495,554,376,419,369,273,228,543,337,FALSE,FALSE,FALSE,FALSE,FALSE,FALSE,FALSE,FALSE,FALSE,FALSE,FALSE,FALSE,FALSE,FALSE,FALSE,FALSE,FALSE,FALSE,FALSE,FALSE,FALSE,FALSE,FALSE,FALSE,FALSE,FALSE,FALSE,FALSE,FALSE,FALSE,FALSE,FALSE,FALSE,FALSE,FALSE,FALSE,FALSE,FALSE,FALSE,FALSE,FALSE,1.99493,2.785253,3.385911,2.103882,1.712683,1.688886,1.758076,1.94637,1.578957,1.905968,2.061238,2.247989,2.012288,1.983365,2.197432,2.3537,2.40391,2.410192,2.567265,2.100349,2.020357,1.976529,1.828584,1.901632,1.958397,1.82817,1.85584,1.981177,2.014981,1.927097,1.974824,2.239331,2.022292,4.831891,4.767536,4.732543,4.695805,4.607757,4.659129,4.63097,4.642373,FALSE,FALSE,FALSE,FALSE,FALSE,FALSE,FALSE,FALSE,FALSE,FALSE,FALSE,FALSE,FALSE,FALSE,FALSE,FALSE,FALSE,FALSE,FALSE,FALSE,FALSE,FALSE,FALSE,FALSE,FALSE,FALSE,FALSE,FALSE,FALSE,FALSE,FALSE,FALSE,FALSE,FALSE,FALSE,FALSE,FALSE,FALSE,FALSE,FALSE,FALSE,-26.225,0,26.925,FALSE,FALSE,FALSE,1.178082,1.054716,1.183619,FALSE,FALSE,FALSE,0,0,0,FALSE,FALSE,FALSE,1.146271,FALSE,12.69,FALSE,23,FALSE
2026-03-30 09:54:16,411,12,104,202,321,289,174,185,193,249,311,253,297,244,188,194,257,316,291,718,415,379,509,304,261,525,553,624,473,290,531,548,516,580,409,462,414,306,255,611,383,FALSE,FALSE,FALSE,FALSE,FALSE,FALSE,FALSE,FALSE,FALSE,FALSE,FALSE,FALSE,FALSE,FALSE,FALSE,FALSE,FALSE,FALSE,FALSE,FALSE,FALSE,FALSE,FALSE,FALSE,FALSE,FALSE,FALSE,FALSE,FALSE,FALSE,FALSE,FALSE,FALSE,FALSE,FALSE,FALSE,FALSE,FALSE,FALSE,FALSE,FALSE,3.536032,2.602909,3.939132,2.57865,2.150125,2.068752,2.136368,2.378685,1.973116,2.333056,2.531478,2.773276,2.527665,2.500879,2.961139,3.343727,3.515477,3.587002,3.827267,2.412863,2.306217,2.320472,2.343739,2.279991,2.313133,2.189009,2.321625,2.512083,2.664115,2.71603,2.887688,3.066502,2.941005,9.021561,9.299371,9.55149,9.630726,9.758412,9.71249,9.730162,9.864804,FALSE,FALSE,FALSE,FALSE,FALSE,FALSE,FALSE,FALSE,FALSE,FALSE,FALSE,FALSE,FALSE,FALSE,FALSE,FALSE,FALSE,FALSE,FALSE,FALSE,FALSE,FALSE,FALSE,FALSE,FALSE,FALSE,FALSE,FALSE,FALSE,FALSE,FALSE,FALSE,FALSE,TRUE,TRUE,TRUE,TRUE,TRUE,TRUE,TRUE,TRUE,-26.2,0,27.175,FALSE,FALSE,FALSE,1.175719,1.034739,1.181103,FALSE,FALSE,FALSE,0,0,0,FALSE,FALSE,FALSE,1.116954,FALSE,12.1,FALSE,21.88,FALSE
2026-03-27 09:31:50,377,12,96,198,318,285,171,182,189,248,310,253,294,240,188,201,266,327,305,681,395,359,481,288,250,503,534,620,465,284,524,552,518,515,364,416,373,278,230,563,351,FALSE,FALSE,FALSE,FALSE,FALSE,FALSE,FALSE,FALSE,FALSE,FALSE,FALSE,FALSE,FALSE,FALSE,FALSE,FALSE,FALSE,FALSE,FALSE,FALSE,FALSE,FALSE,FALSE,FALSE,FALSE,FALSE,FALSE,FALSE,FALSE,FALSE,FALSE,FALSE,FALSE,FALSE,FALSE,FALSE,FALSE,FALSE,FALSE,FALSE,FALSE,2.187147,2.854791,2.983074,2.454477,2.023583,1.992951,2.047681,2.250079,1.812337,2.178871,2.365811,2.596348,2.289635,2.32696,2.916013,3.434604,3.702958,3.897298,4.090566,2.050243,2.004158,1.995313,1.706849,1.858331,1.886376,1.690906,1.716275,2.129604,2.293273,2.424215,2.739101,2.793526,2.758953,3.159907,2.698724,2.925286,3.171821,3.155594,3.213552,3.315267,3.399175,FALSE,FALSE,FALSE,FALSE,FALSE,FALSE,FALSE,FALSE,FALSE,FALSE,FALSE,FALSE,FALSE,FALSE,FALSE,FALSE,FALSE,FALSE,FALSE,FALSE,FALSE,FALSE,FALSE,FALSE,FALSE,FALSE,FALSE,FALSE,FALSE,FALSE,FALSE,FALSE,FALSE,FALSE,FALSE,FALSE,FALSE,FALSE,FALSE,FALSE,FALSE,-26.35,0,26.775,FALSE,FALSE,FALSE,1.185617,1.071239,1.193673,FALSE,FALSE,FALSE,0,0,0,FALSE,FALSE,FALSE,1.155054,FALSE,12.71,FALSE,23.75,FALSE
2026-03-27 09:24:43,377,12,97,201,318,287,167,176,183,230,273,237,291,259,248,310,433,562,531,645,357,314,412,265,238,496,574,764,654,413,791,857,817,704,515,724,710,538,443,1106,710,FALSE,FALSE,FALSE,FALSE,FALSE,FALSE,FALSE,FALSE,FALSE,FALSE,FALSE,FALSE,FALSE,FALSE,FALSE,FALSE,FALSE,FALSE,FALSE,FALSE,FALSE,FALSE,FALSE,FALSE,FALSE,FALSE,FALSE,FALSE,FALSE,FALSE,FALSE,FALSE,FALSE,FALSE,FALSE,FALSE,TRUE,TRUE,TRUE,TRUE,TRUE,2.333655,2.834307,3.053226,2.711848,2.363753,2.286243,2.368093,2.571781,2.249933,2.641432,3.034009,2.94574,2.761462,3.836093,7.410035,9.564939,10.52582,11.50462,11.35168,2.417452,2.456293,2.631215,2.613417,1.913213,1.861415,2.234424,3.976084,6.137849,7.249117,7.724349,8.853061,9.446691,9.095548,15.31661,15.83402,15.21399,15.28598,15.64507,15.52234,15.48845,15.69601,FALSE,FALSE,FALSE,FALSE,FALSE,FALSE,FALSE,FALSE,FALSE,FALSE,FALSE,FALSE,FALSE,FALSE,TRUE,TRUE,TRUE,TRUE,TRUE,FALSE,FALSE,FALSE,FALSE,FALSE,FALSE,FALSE,FALSE,TRUE,TRUE,TRUE,TRUE,TRUE,TRUE,TRUE,TRUE,TRUE,TRUE,TRUE,TRUE,TRUE,TRUE,-26.325,0,26.9,FALSE,FALSE,FALSE,1.184292,1.062159,1.191775,FALSE,FALSE,FALSE,0,0,0,FALSE,FALSE,FALSE,1.146671,FALSE,12.7,FALSE,23.12,FALSE
2026-03-26 08:32:59,377,12,95,200,316,286,171,183,190,248,308,249,291,242,186,191,251,308,283,686,394,360,486,290,250,502,529,595,448,273,497,514,490,527,355,402,355,262,217,523,327,FALSE,FALSE,FALSE,FALSE,FALSE,FALSE,FALSE,FALSE,FALSE,FALSE,FALSE,FALSE,FALSE,FALSE,FALSE,FALSE,FALSE,FALSE,FALSE,FALSE,FALSE,FALSE,FALSE,FALSE,FALSE,FALSE,FALSE,FALSE,FALSE,FALSE,FALSE,FALSE,FALSE,FALSE,FALSE,FALSE,FALSE,FALSE,FALSE,FALSE,FALSE,1.734547,2.680895,2.824371,2.406003,2.110825,2.017052,2.044546,2.182268,1.903823,2.17994,2.355404,2.518378,2.378291,2.398559,2.566782,2.650352,2.730083,2.757662,2.893632,1.956594,1.879586,1.804184,1.519562,1.657906,1.700136,1.562492,1.644247,1.799191,1.799039,1.71241,1.815842,2.063629,1.890287,2.430217,2.054261,2.05734,2.158708,1.906297,2.123105,2.151759,2.146817,FALSE,FALSE,FALSE,FALSE,FALSE,FALSE,FALSE,FALSE,FALSE,FALSE,FALSE,FALSE,FALSE,FALSE,FALSE,FALSE,FALSE,FALSE,FALSE,FALSE,FALSE,FALSE,FALSE,FALSE,FALSE,FALSE,FALSE,FALSE,FALSE,FALSE,FALSE,FALSE,FALSE,FALSE,FALSE,FALSE,FALSE,FALSE,FALSE,FALSE,FALSE,-26.225,0,26.55,FALSE,FALSE,FALSE,1.189224,1.082346,1.200137,FALSE,FALSE,FALSE,0,0,0,FALSE,FALSE,FALSE,1.164652,FALSE,9.62,FALSE,24.25,FALSE
2026-03-25 09:07:32,377,12,95,200,316,286,171,183,190,248,308,249,291,242,186,191,251,308,283,686,394,360,486,290,250,502,529,595,448,273,497,514,490,527,355,402,355,262,217,523,327,FALSE,FALSE,FALSE,FALSE,FALSE,FALSE,FALSE,FALSE,FALSE,FALSE,FALSE,FALSE,FALSE,FALSE,FALSE,FALSE,FALSE,FALSE,FALSE,FALSE,FALSE,FALSE,FALSE,FALSE,FALSE,FALSE,FALSE,FALSE,FALSE,FALSE,FALSE,FALSE,FALSE,FALSE,FALSE,FALSE,FALSE,FALSE,FALSE,FALSE,FALSE,1.80156,2.708156,2.865595,2.40977,2.10974,2.037997,2.065854,2.193503,1.93062,2.198784,2.384691,2.572854,2.391586,2.405649,2.60155,2.685919,2.796674,2.863327,2.974918,1.9787,1.940765,1.840073,1.532677,1.658915,1.702553,1.567259,1.665674,1.822526,1.803939,1.746229,1.849606,2.056925,1.9346,2.499221,2.110152,2.104372,2.212258,1.952858,2.152838,2.171384,2.161238,FALSE,FALSE,FALSE,FALSE,FALSE,FALSE,FALSE,FALSE,FALSE,FALSE,FALSE,FALSE,FALSE,FALSE,FALSE,FALSE,FALSE,FALSE,FALSE,FALSE,FALSE,FALSE,FALSE,FALSE,FALSE,FALSE,FALSE,FALSE,FALSE,FALSE,FALSE,FALSE,FALSE,FALSE,FALSE,FALSE,FALSE,FALSE,FALSE,FALSE,FALSE,-26.225,0,26.525,FALSE,FALSE,FALSE,1.188792,1.081535,1.199148,FALSE,FALSE,FALSE,0,0,0,FALSE,FALSE,FALSE,1.164312,FALSE,9.51,FALSE,24.38,FALSE
2026-03-24 09:16:43,377,12,95,200,316,286,171,183,190,248,308,249,291,242,186,191,251,308,283,686,394,360,486,290,250,502,529,595,448,273,497,514,490,527,355,402,355,262,217,523,327,FALSE,FALSE,FALSE,FALSE,FALSE,FALSE,FALSE,FALSE,FALSE,FALSE,FALSE,FALSE,FALSE,FALSE,FALSE,FALSE,FALSE,FALSE,FALSE,FALSE,FALSE,FALSE,FALSE,FALSE,FALSE,FALSE,FALSE,FALSE,FALSE,FALSE,FALSE,FALSE,FALSE,FALSE,FALSE,FALSE,FALSE,FALSE,FALSE,FALSE,FALSE,1.701808,2.803631,2.86608,2.489599,2.172944,2.114807,2.139788,2.278666,2.003452,2.299824,2.487203,2.630528,2.445662,2.493501,2.651506,2.72343,2.829623,2.856694,2.985756,2.090258,1.983161,1.926551,1.571008,1.791312,1.811239,1.633161,1.670132,1.912053,1.91945,1.766045,1.896779,2.136449,1.96634,2.590616,2.208172,2.216017,2.326629,2.094624,2.313061,2.35674,2.370679,FALSE,FALSE,FALSE,FALSE,FALSE,FALSE,FALSE,FALSE,FALSE,FALSE,FALSE,FALSE,FALSE,FALSE,FALSE,FALSE,FALSE,FALSE,FALSE,FALSE,FALSE,FALSE,FALSE,FALSE,FALSE,FALSE,FALSE,FALSE,FALSE,FALSE,FALSE,FALSE,FALSE,FALSE,FALSE,FALSE,FALSE,FALSE,FALSE,FALSE,FALSE,-26.225,0,26.5,FALSE,FALSE,FALSE,1.189678,1.085412,1.201367,FALSE,FALSE,FALSE,0,0,0,FALSE,FALSE,FALSE,1.167297,FALSE,9.96,FALSE,24.75,FALSE
2026-03-23 09:25:30,377,12,95,200,316,286,171,183,190,248,308,249,291,242,186,191,251,308,283,686,394,360,486,290,250,502,529,595,448,273,497,514,490,527,355,402,355,262,217,523,327,FALSE,FALSE,FALSE,FALSE,FALSE,FALSE,FALSE,FALSE,FALSE,FALSE,FALSE,FALSE,FALSE,FALSE,FALSE,FALSE,FALSE,FALSE,FALSE,FALSE,FALSE,FALSE,FALSE,FALSE,FALSE,FALSE,FALSE,FALSE,FALSE,FALSE,FALSE,FALSE,FALSE,FALSE,FALSE,FALSE,FALSE,FALSE,FALSE,FALSE,FALSE,1.957213,2.753021,2.885107,2.501745,2.131747,2.097714,2.133341,2.29222,1.947061,2.288241,2.47818,2.691404,2.496723,2.471199,2.683303,2.774121,2.842485,2.816816,2.989691,1.996956,1.970849,1.907498,1.534664,1.744509,1.779,1.588544,1.660625,1.885266,1.85812,1.698547,1.877982,2.120948,1.91032,2.800211,2.347296,2.349949,2.456444,2.137837,2.362039,2.371403,2.385451,FALSE,FALSE,FALSE,FALSE,FALSE,FALSE,FALSE,FALSE,FALSE,FALSE,FALSE,FALSE,FALSE,FALSE,FALSE,FALSE,FALSE,FALSE,FALSE,FALSE,FALSE,FALSE,FALSE,FALSE,FALSE,FALSE,FALSE,FALSE,FALSE,FALSE,FALSE,FALSE,FALSE,FALSE,FALSE,FALSE,FALSE,FALSE,FALSE,FALSE,FALSE,-26.2,0,26.6,FALSE,FALSE,FALSE,1.187774,1.080318,1.198482,FALSE,FALSE,FALSE,0,0,0,FALSE,FALSE,FALSE,1.162969,FALSE,11.06,FALSE,24.25,FALSE
2026-03-20 09:20:38,377,12,95,200,316,286,171,183,190,248,308,249,291,242,186,191,251,308,283,686,394,360,486,290,250,502,529,595,448,273,497,514,490,527,355,402,355,262,217,523,327,FALSE,FALSE,FALSE,FALSE,FALSE,FALSE,FALSE,FALSE,FALSE,FALSE,FALSE,FALSE,FALSE,FALSE,FALSE,FALSE,FALSE,FALSE,FALSE,FALSE,FALSE,FALSE,FALSE,FALSE,FALSE,FALSE,FALSE,FALSE,FALSE,FALSE,FALSE,FALSE,FALSE,FALSE,FALSE,FALSE,FALSE,FALSE,FALSE,FALSE,FALSE,1.681265,2.72382,2.798125,2.492173,2.158478,2.104712,2.162352,2.277915,2.005916,2.290964,2.498373,2.650167,2.488218,2.462764,2.640961,2.708734,2.818419,2.833868,2.95616,1.961828,1.873677,1.83396,1.526802,1.65889,1.693248,1.56632,1.651324,1.804022,1.803741,1.710509,1.855117,2.061857,1.884437,2.581665,2.081265,2.09068,2.164074,1.96579,2.185435,2.199738,2.230862,FALSE,FALSE,FALSE,FALSE,FALSE,FALSE,FALSE,FALSE,FALSE,FALSE,FALSE,FALSE,FALSE,FALSE,FALSE,FALSE,FALSE,FALSE,FALSE,FALSE,FALSE,FALSE,FALSE,FALSE,FALSE,FALSE,FALSE,FALSE,FALSE,FALSE,FALSE,FALSE,FALSE,FALSE,FALSE,FALSE,FALSE,FALSE,FALSE,FALSE,FALSE,-26.25,0,26.5,FALSE,FALSE,FALSE,1.189827,1.085843,1.201377,FALSE,FALSE,FALSE,0,0,0,FALSE,FALSE,FALSE,1.167057,FALSE,10.22,FALSE,24.75,FALSE
2026-03-19 09:37:09,377,12,95,200,316,286,171,183,190,248,308,249,291,242,186,191,251,308,283,686,394,360,486,290,250,502,529,595,448,273,497,514,490,527,355,402,355,262,217,523,327,FALSE,FALSE,FALSE,FALSE,FALSE,FALSE,FALSE,FALSE,FALSE,FALSE,FALSE,FALSE,FALSE,FALSE,FALSE,FALSE,FALSE,FALSE,FALSE,FALSE,FALSE,FALSE,FALSE,FALSE,FALSE,FALSE,FALSE,FALSE,FALSE,FALSE,FALSE,FALSE,FALSE,FALSE,FALSE,FALSE,FALSE,FALSE,FALSE,FALSE,FALSE,1.679598,2.693604,2.75561,2.660369,2.387585,2.292726,2.329917,2.44842,2.199636,2.445965,2.670594,2.826109,2.70423,2.699832,2.858116,2.914131,3.013095,3.028286,3.18173,2.035916,1.969682,1.915945,1.532058,1.753099,1.773181,1.605419,1.650326,1.856565,1.813006,1.776531,1.890574,2.07544,1.975151,2.823452,2.190601,2.161465,2.238077,2.034388,2.259063,2.296822,2.340296,FALSE,FALSE,FALSE,FALSE,FALSE,FALSE,FALSE,FALSE,FALSE,FALSE,FALSE,FALSE,FALSE,FALSE,FALSE,FALSE,FALSE,FALSE,FALSE,FALSE,FALSE,FALSE,FALSE,FALSE,FALSE,FALSE,FALSE,FALSE,FALSE,FALSE,FALSE,FALSE,FALSE,FALSE,FALSE,FALSE,FALSE,FALSE,FALSE,FALSE,FALSE,-26.25,0,26.45,FALSE,FALSE,FALSE,1.191449,1.08728,1.203233,FALSE,FALSE,FALSE,0,0,0,FALSE,FALSE,FALSE,1.168573,FALSE,10.03,FALSE,25,FALSE
2026-03-18 08:20:49,377,12,95,200,316,286,171,183,190,248,308,249,291,242,186,191,251,308,283,686,394,360,486,290,250,502,529,595,448,273,497,514,490,527,355,402,355,262,217,523,327,FALSE,FALSE,FALSE,FALSE,FALSE,FALSE,FALSE,FALSE,FALSE,FALSE,FALSE,FALSE,FALSE,FALSE,FALSE,FALSE,FALSE,FALSE,FALSE,FALSE,FALSE,FALSE,FALSE,FALSE,FALSE,FALSE,FALSE,FALSE,FALSE,FALSE,FALSE,FALSE,FALSE,FALSE,FALSE,FALSE,FALSE,FALSE,FALSE,FALSE,FALSE,1.93266,2.59144,2.869151,2.443089,2.151537,2.063624,2.075097,2.220075,1.972602,2.215448,2.406827,2.596413,2.45444,2.427497,2.650142,2.810407,2.912357,2.933701,3.085161,1.969331,1.91353,1.810936,1.535054,1.660395,1.729158,1.559289,1.661779,1.798052,1.835264,1.790402,1.917956,2.128868,1.947466,2.778568,2.307558,2.309871,2.431035,2.197858,2.356083,2.391317,2.408777,FALSE,FALSE,FALSE,FALSE,FALSE,FALSE,FALSE,FALSE,FALSE,FALSE,FALSE,FALSE,FALSE,FALSE,FALSE,FALSE,FALSE,FALSE,FALSE,FALSE,FALSE,FALSE,FALSE,FALSE,FALSE,FALSE,FALSE,FALSE,FALSE,FALSE,FALSE,FALSE,FALSE,FALSE,FALSE,FALSE,FALSE,FALSE,FALSE,FALSE,FALSE,-26.15,0,26.55,FALSE,FALSE,FALSE,1.187343,1.076377,1.197444,FALSE,FALSE,FALSE,0,0,0,FALSE,FALSE,FALSE,1.159898,FALSE,9.94,FALSE,24,FALSE
2026-03-17 08:46:38,377,12,90,199,316,285,170,181,189,246,308,251,294,243,187,193,255,313,288,658,380,348,471,283,245,493,511,578,439,268,489,505,478,523,356,401,356,263,218,523,329,FALSE,FALSE,FALSE,FALSE,FALSE,FALSE,FALSE,FALSE,FALSE,FALSE,FALSE,FALSE,FALSE,FALSE,FALSE,FALSE,FALSE,FALSE,FALSE,FALSE,FALSE,FALSE,FALSE,FALSE,FALSE,FALSE,FALSE,FALSE,FALSE,FALSE,FALSE,FALSE,FALSE,FALSE,FALSE,FALSE,FALSE,FALSE,FALSE,FALSE,FALSE,1.801237,2.916241,2.960423,2.649271,2.373117,2.324967,2.330895,2.417878,2.207352,2.467298,2.625557,2.818929,2.667343,2.659158,2.853889,2.958784,3.05459,3.071375,3.179014,2.447469,2.403676,2.356039,1.932472,2.159089,2.113456,1.95683,1.977292,2.241982,2.230482,2.1155,2.234154,2.453299,2.381172,2.844888,2.659201,2.728014,2.818187,2.7322,2.916135,3.029592,3.112052,FALSE,FALSE,FALSE,FALSE,FALSE,FALSE,FALSE,FALSE,FALSE,FALSE,FALSE,FALSE,FALSE,FALSE,FALSE,FALSE,FALSE,FALSE,FALSE,FALSE,FALSE,FALSE,FALSE,FALSE,FALSE,FALSE,FALSE,FALSE,FALSE,FALSE,FALSE,FALSE,FALSE,FALSE,FALSE,FALSE,FALSE,FALSE,FALSE,FALSE,FALSE,-26.25,0,26.225,FALSE,FALSE,FALSE,1.195345,1.101076,1.215201,FALSE,FALSE,FALSE,0,0,0,FALSE,FALSE,FALSE,1.174331,FALSE,10.12,FALSE,26.62,FALSE
2026-03-16 09:28:00,377,12,91,199,317,286,170,182,190,246,306,249,292,243,191,201,268,329,306,666,381,347,464,280,243,487,514,598,454,280,512,531,510,539,364,416,373,278,229,560,352,FALSE,FALSE,FALSE,FALSE,FALSE,FALSE,FALSE,FALSE,FALSE,FALSE,FALSE,FALSE,FALSE,FALSE,FALSE,FALSE,FALSE,FALSE,FALSE,FALSE,FALSE,FALSE,FALSE,FALSE,FALSE,FALSE,FALSE,FALSE,FALSE,FALSE,FALSE,FALSE,FALSE,FALSE,FALSE,FALSE,FALSE,FALSE,FALSE,FALSE,FALSE,1.832585,3.055468,2.933928,2.913855,2.605811,2.495945,2.495242,2.650332,2.359198,2.608095,2.743321,3.057868,2.943403,2.939186,3.52316,4.436152,4.821184,5.139967,5.38635,2.321135,2.290426,2.22622,1.848183,2.003748,2.009474,1.834974,1.958006,2.839741,3.355589,3.58019,3.846578,4.22746,4.285735,3.217035,3.180686,4.292766,4.870404,5.137331,5.142683,5.468657,5.633418,FALSE,FALSE,FALSE,FALSE,FALSE,FALSE,FALSE,FALSE,FALSE,FALSE,FALSE,FALSE,FALSE,FALSE,FALSE,FALSE,FALSE,FALSE,FALSE,FALSE,FALSE,FALSE,FALSE,FALSE,FALSE,FALSE,FALSE,FALSE,FALSE,FALSE,FALSE,FALSE,FALSE,FALSE,FALSE,FALSE,FALSE,FALSE,FALSE,FALSE,FALSE,-26.3,0,26.025,FALSE,FALSE,FALSE,1.192239,1.097538,1.211838,FALSE,FALSE,FALSE,0,0,0,FALSE,FALSE,FALSE,1.173683,FALSE,13.42,FALSE,25.88,FALSE
2026-03-13 09:22:17,377,12,90,197,316,285,169,181,188,246,309,251,297,245,188,193,255,311,287,661,380,352,473,285,246,491,516,582,441,268,489,505,480,527,358,401,357,262,217,524,327,FALSE,FALSE,FALSE,FALSE,FALSE,FALSE,FALSE,FALSE,FALSE,FALSE,FALSE,FALSE,FALSE,FALSE,FALSE,FALSE,FALSE,FALSE,FALSE,FALSE,FALSE,FALSE,FALSE,FALSE,FALSE,FALSE,FALSE,FALSE,FALSE,FALSE,FALSE,FALSE,FALSE,FALSE,FALSE,FALSE,FALSE,FALSE,FALSE,FALSE,FALSE,2.263069,2.959899,3.088636,2.736057,2.348873,2.310424,2.341154,2.502186,2.15,2.491324,2.677821,2.873386,2.661987,2.667428,2.883711,3.014954,3.119693,3.156451,3.382327,2.051523,1.999782,1.988192,1.618165,1.786173,1.83406,1.660495,1.726938,1.88608,1.915213,1.782224,1.941019,2.176378,1.992611,3.221305,2.749063,2.753218,2.848392,2.568261,2.74165,2.73194,2.718565,FALSE,FALSE,FALSE,FALSE,FALSE,FALSE,FALSE,FALSE,FALSE,FALSE,FALSE,FALSE,FALSE,FALSE,FALSE,FALSE,FALSE,FALSE,FALSE,FALSE,FALSE,FALSE,FALSE,FALSE,FALSE,FALSE,FALSE,FALSE,FALSE,FALSE,FALSE,FALSE,FALSE,FALSE,FALSE,FALSE,FALSE,FALSE,FALSE,FALSE,FALSE,-26.225,0,26.6,FALSE,FALSE,FALSE,1.18635,1.074224,1.196469,FALSE,FALSE,FALSE,0,0,0,FALSE,FALSE,FALSE,1.157125,FALSE,12.81,FALSE,24,FALSE
2026-03-12 10:10:13,377,12,90,197,316,285,169,181,188,246,309,251,297,245,188,193,255,311,287,661,380,352,473,285,246,491,516,582,441,268,489,505,480,527,358,401,357,262,217,524,327,FALSE,FALSE,FALSE,FALSE,FALSE,FALSE,FALSE,FALSE,FALSE,FALSE,FALSE,FALSE,FALSE,FALSE,FALSE,FALSE,FALSE,FALSE,FALSE,FALSE,FALSE,FALSE,FALSE,FALSE,FALSE,FALSE,FALSE,FALSE,FALSE,FALSE,FALSE,FALSE,FALSE,FALSE,FALSE,FALSE,FALSE,FALSE,FALSE,FALSE,FALSE,1.910419,3.219238,3.017549,2.969955,2.68683,2.597835,2.606056,2.724755,2.477463,2.742856,2.954472,3.146168,2.978936,2.982951,3.153826,3.262972,3.344233,3.369909,3.525117,2.689705,2.642908,2.642043,2.126642,2.445213,2.365586,2.195257,2.158954,2.451645,2.434762,2.262382,2.464301,2.603536,2.562533,3.150435,2.933005,2.984987,3.103193,2.973024,3.146607,3.28341,3.371521,FALSE,FALSE,FALSE,FALSE,FALSE,FALSE,FALSE,FALSE,FALSE,FALSE,FALSE,FALSE,FALSE,FALSE,FALSE,FALSE,FALSE,FALSE,FALSE,FALSE,FALSE,FALSE,FALSE,FALSE,FALSE,FALSE,FALSE,FALSE,FALSE,FALSE,FALSE,FALSE,FALSE,FALSE,FALSE,FALSE,FALSE,FALSE,FALSE,FALSE,FALSE,-26.325,0,26.175,FALSE,FALSE,FALSE,1.195403,1.101221,1.215806,FALSE,FALSE,FALSE,0,0,0,FALSE,FALSE,FALSE,1.172403,FALSE,13.15,FALSE,26.75,FALSE
2026-03-11 10:05:00,377,12,90,198,315,283,170,181,188,246,310,250,292,245,185,190,251,306,284,667,384,354,470,283,245,491,516,575,440,268,484,503,479,553,359,398,353,261,216,522,325,FALSE,FALSE,FALSE,FALSE,FALSE,FALSE,FALSE,FALSE,FALSE,FALSE,FALSE,FALSE,FALSE,FALSE,FALSE,FALSE,FALSE,FALSE,FALSE,FALSE,FALSE,FALSE,FALSE,FALSE,FALSE,FALSE,FALSE,FALSE,FALSE,FALSE,FALSE,FALSE,FALSE,FALSE,FALSE,FALSE,FALSE,FALSE,FALSE,FALSE,FALSE,1.817051,3.011101,2.908874,2.927406,2.650886,2.565183,2.585162,2.700083,2.45477,2.725648,2.896762,3.140931,2.985904,2.983783,3.174957,3.27067,3.390698,3.37585,3.559007,2.344926,2.320167,2.259577,1.746022,2.030318,2.02241,1.874926,1.846451,2.12912,2.098295,1.966465,2.164231,2.298257,2.208812,3.049206,2.718588,2.768501,2.859825,2.745588,2.965682,3.035654,3.037679,FALSE,FALSE,FALSE,FALSE,FALSE,FALSE,FALSE,FALSE,FALSE,FALSE,FALSE,FALSE,FALSE,FALSE,FALSE,FALSE,FALSE,FALSE,FALSE,FALSE,FALSE,FALSE,FALSE,FALSE,FALSE,FALSE,FALSE,FALSE,FALSE,FALSE,FALSE,FALSE,FALSE,FALSE,FALSE,FALSE,FALSE,FALSE,FALSE,FALSE,FALSE,-26.35,0,26.325,FALSE,FALSE,FALSE,1.19287,1.097891,1.209789,FALSE,FALSE,FALSE,0,0,0,FALSE,FALSE,FALSE,1.173685,FALSE,12.31,FALSE,26,FALSE
2026-03-10 16:35:49,377,12,94,198,314,284,170,182,189,248,307,251,295,243,186,190,250,306,281,681,394,361,480,291,252,497,528,595,443,273,494,513,485,516,359,400,352,261,216,521,323,FALSE,FALSE,FALSE,FALSE,FALSE,FALSE,FALSE,FALSE,FALSE,FALSE,FALSE,FALSE,FALSE,FALSE,FALSE,FALSE,FALSE,FALSE,FALSE,FALSE,FALSE,FALSE,FALSE,FALSE,FALSE,FALSE,FALSE,FALSE,FALSE,FALSE,FALSE,FALSE,FALSE,FALSE,FALSE,FALSE,FALSE,FALSE,FALSE,FALSE,FALSE,1.986089,2.938993,2.919294,2.655511,2.331858,2.258982,2.274373,2.426454,2.13631,2.417279,2.611244,2.841908,2.646998,2.623921,2.852256,3.010415,3.108041,3.164105,3.290139,2.044401,1.994484,1.980785,1.58111,1.796654,1.839024,1.645389,1.714354,1.939672,1.942387,1.82358,2.030994,2.208407,2.026275,2.879244,2.351592,2.40888,2.519091,2.264308,2.518817,2.538795,2.570728,FALSE,FALSE,FALSE,FALSE,FALSE,FALSE,FALSE,FALSE,FALSE,FALSE,FALSE,FALSE,FALSE,FALSE,FALSE,FALSE,FALSE,FALSE,FALSE,FALSE,FALSE,FALSE,FALSE,FALSE,FALSE,FALSE,FALSE,FALSE,FALSE,FALSE,FALSE,FALSE,FALSE,FALSE,FALSE,FALSE,FALSE,FALSE,FALSE,FALSE,FALSE,-26.2,0,26.425,FALSE,FALSE,FALSE,1.189782,1.089911,1.20284,FALSE,FALSE,FALSE,0,0,0,FALSE,FALSE,FALSE,1.169802,FALSE,12.26,FALSE,24.88,FALSE
2026-03-07 11:59:36,377,12,94,198,314,284,170,182,189,248,307,251,295,243,186,190,250,306,281,681,394,361,480,291,252,497,528,595,443,273,494,513,485,516,359,400,352,261,216,521,323,FALSE,FALSE,FALSE,FALSE,FALSE,FALSE,FALSE,FALSE,FALSE,FALSE,FALSE,FALSE,FALSE,FALSE,FALSE,FALSE,FALSE,FALSE,FALSE,FALSE,FALSE,FALSE,FALSE,FALSE,FALSE,FALSE,FALSE,FALSE,FALSE,FALSE,FALSE,FALSE,FALSE,FALSE,FALSE,FALSE,FALSE,FALSE,FALSE,FALSE,FALSE,1.842101,3.052265,2.931971,3.008074,2.725375,2.643191,2.657534,2.770892,2.498483,2.78005,2.994062,3.20893,2.999441,3.023458,3.199795,3.308298,3.447712,3.485635,3.652508,2.507963,2.517214,2.454534,1.885591,2.210887,2.171147,2.002466,1.949929,2.285041,2.293814,2.117254,2.278549,2.449987,2.379391,3.134211,2.856027,2.892787,3.00482,2.927383,3.143027,3.249104,3.287149,FALSE,FALSE,FALSE,FALSE,FALSE,FALSE,FALSE,FALSE,FALSE,FALSE,FALSE,FALSE,FALSE,FALSE,FALSE,FALSE,FALSE,FALSE,FALSE,FALSE,FALSE,FALSE,FALSE,FALSE,FALSE,FALSE,FALSE,FALSE,FALSE,FALSE,FALSE,FALSE,FALSE,FALSE,FALSE,FALSE,FALSE,FALSE,FALSE,FALSE,FALSE,-26.325,0,26.25,FALSE,FALSE,FALSE,1.19389,1.09982,1.212303,FALSE,FALSE,FALSE,0,0,0,FALSE,FALSE,FALSE,1.173843,FALSE,13.01,FALSE,26.5,FALSE
2026-03-06 08:25:34,377,12,94,198,314,284,170,182,189,248,307,251,295,243,186,190,250,306,281,681,394,361,480,291,252,497,528,595,443,273,494,513,485,516,359,400,352,261,216,521,323,FALSE,FALSE,FALSE,FALSE,FALSE,FALSE,FALSE,FALSE,FALSE,FALSE,FALSE,FALSE,FALSE,FALSE,FALSE,FALSE,FALSE,FALSE,FALSE,FALSE,FALSE,FALSE,FALSE,FALSE,FALSE,FALSE,FALSE,FALSE,FALSE,FALSE,FALSE,FALSE,FALSE,FALSE,FALSE,FALSE,FALSE,FALSE,FALSE,FALSE,FALSE,2.134218,2.901863,2.994897,2.68185,2.355508,2.282258,2.299053,2.431463,2.157755,2.441637,2.64791,2.854174,2.695429,2.664614,2.883456,3.032558,3.139506,3.174167,3.369557,2.045707,1.95024,1.940671,1.603365,1.777527,1.811497,1.637041,1.728405,1.88271,1.885199,1.756032,1.907464,2.110458,1.934991,3.08931,2.657314,2.651914,2.772637,2.476923,2.697623,2.671165,2.673542,FALSE,FALSE,FALSE,FALSE,FALSE,FALSE,FALSE,FALSE,FALSE,FALSE,FALSE,FALSE,FALSE,FALSE,FALSE,FALSE,FALSE,FALSE,FALSE,FALSE,FALSE,FALSE,FALSE,FALSE,FALSE,FALSE,FALSE,FALSE,FALSE,FALSE,FALSE,FALSE,FALSE,FALSE,FALSE,FALSE,FALSE,FALSE,FALSE,FALSE,FALSE,-26.2,0,26.525,FALSE,FALSE,FALSE,1.186946,1.079193,1.199041,FALSE,FALSE,FALSE,0,0,0,FALSE,FALSE,FALSE,1.161342,FALSE,12.32,FALSE,24.12,FALSE
2026-03-05 08:52:00,377,12,94,197,316,284,170,182,189,247,308,251,295,243,184,192,253,312,288,677,392,358,480,290,253,497,526,591,452,275,502,520,488,513,358,400,355,263,218,521,328,FALSE,FALSE,FALSE,FALSE,FALSE,FALSE,FALSE,FALSE,FALSE,FALSE,FALSE,FALSE,FALSE,FALSE,FALSE,FALSE,FALSE,FALSE,FALSE,FALSE,FALSE,FALSE,FALSE,FALSE,FALSE,FALSE,FALSE,FALSE,FALSE,FALSE,FALSE,FALSE,FALSE,FALSE,FALSE,FALSE,FALSE,FALSE,FALSE,FALSE,FALSE,2.234087,2.815714,2.981752,2.697967,2.309897,2.248244,2.288539,2.444495,2.126891,2.425726,2.648284,2.866979,2.650688,2.609152,2.860279,3.039121,3.187549,3.190213,3.382234,2.035843,1.967391,1.941143,1.654265,1.784638,1.816629,1.671196,1.73472,1.94549,1.976647,1.873975,1.999024,2.271115,2.097387,3.350555,2.936454,2.981915,3.091984,2.847061,3.024332,3.033334,2.977773,FALSE,FALSE,FALSE,FALSE,FALSE,FALSE,FALSE,FALSE,FALSE,FALSE,FALSE,FALSE,FALSE,FALSE,FALSE,FALSE,FALSE,FALSE,FALSE,FALSE,FALSE,FALSE,FALSE,FALSE,FALSE,FALSE,FALSE,FALSE,FALSE,FALSE,FALSE,FALSE,FALSE,FALSE,FALSE,FALSE,FALSE,FALSE,FALSE,FALSE,FALSE,-26.225,0,26.65,FALSE,FALSE,FALSE,1.18578,1.074392,1.19636,FALSE,FALSE,FALSE,0,0,0,FALSE,FALSE,FALSE,1.157468,FALSE,11.76,FALSE,23.88,FALSE
2026-03-04 08:40:35,377,12,94,197,316,284,170,182,189,247,308,251,295,243,184,192,253,312,288,677,392,358,480,290,253,497,526,591,452,275,502,520,488,513,358,400,355,263,218,521,328,FALSE,FALSE,FALSE,FALSE,FALSE,FALSE,FALSE,FALSE,FALSE,FALSE,FALSE,FALSE,FALSE,FALSE,FALSE,FALSE,FALSE,FALSE,FALSE,FALSE,FALSE,FALSE,FALSE,FALSE,FALSE,FALSE,FALSE,FALSE,FALSE,FALSE,FALSE,FALSE,FALSE,FALSE,FALSE,FALSE,FALSE,FALSE,FALSE,FALSE,FALSE,2.163153,3.104043,2.939853,2.883415,2.474179,2.428139,2.452307,2.606423,2.253127,2.603356,2.829765,3.054413,2.838702,2.799911,3.084963,3.219956,3.299178,3.320063,3.534026,2.102733,2.059589,2.020833,1.648296,1.828643,1.858038,1.68889,1.757908,1.943596,1.963208,1.809983,2.001621,2.178587,2.033199,3.139363,2.635052,2.596435,2.738366,2.354342,2.65062,2.616301,2.675968,FALSE,FALSE,FALSE,FALSE,FALSE,FALSE,FALSE,FALSE,FALSE,FALSE,FALSE,FALSE,FALSE,FALSE,FALSE,FALSE,FALSE,FALSE,FALSE,FALSE,FALSE,FALSE,FALSE,FALSE,FALSE,FALSE,FALSE,FALSE,FALSE,FALSE,FALSE,FALSE,FALSE,FALSE,FALSE,FALSE,FALSE,FALSE,FALSE,FALSE,FALSE,-26.225,0,26.55,FALSE,FALSE,FALSE,1.188454,1.08235,1.200498,FALSE,FALSE,FALSE,0,0,0,FALSE,FALSE,FALSE,1.164644,FALSE,14.17,FALSE,24.38,FALSE
2026-03-03 08:35:37,377,12,94,197,316,284,170,182,189,247,308,251,295,243,184,192,253,312,288,677,392,358,480,290,253,497,526,591,452,275,502,520,488,513,358,400,355,263,218,521,328,FALSE,FALSE,FALSE,FALSE,FALSE,FALSE,FALSE,FALSE,FALSE,FALSE,FALSE,FALSE,FALSE,FALSE,FALSE,FALSE,FALSE,FALSE,FALSE,FALSE,FALSE,FALSE,FALSE,FALSE,FALSE,FALSE,FALSE,FALSE,FALSE,FALSE,FALSE,FALSE,FALSE,FALSE,FALSE,FALSE,FALSE,FALSE,FALSE,FALSE,FALSE,2.401705,2.878256,3.094306,2.679878,2.330737,2.266859,2.305867,2.45084,2.132237,2.466095,2.64874,2.825562,2.6603,2.657118,2.885748,3.031604,3.128048,3.149451,3.319949,2.092488,2.016532,1.989881,1.694706,1.837061,1.884426,1.694146,1.807214,1.930112,1.989857,1.877115,2.048461,2.230292,2.051769,3.45571,3.007673,2.985385,3.08837,2.795316,2.975647,2.962188,2.917179,FALSE,FALSE,FALSE,FALSE,FALSE,FALSE,FALSE,FALSE,FALSE,FALSE,FALSE,FALSE,FALSE,FALSE,FALSE,FALSE,FALSE,FALSE,FALSE,FALSE,FALSE,FALSE,FALSE,FALSE,FALSE,FALSE,FALSE,FALSE,FALSE,FALSE,FALSE,FALSE,FALSE,FALSE,FALSE,FALSE,FALSE,FALSE,FALSE,FALSE,FALSE,-26.175,0,26.575,FALSE,FALSE,FALSE,1.187069,1.075441,1.197696,FALSE,FALSE,FALSE,0,0,0,FALSE,FALSE,FALSE,1.158118,FALSE,12.83,FALSE,23.62,FALSE
2026-03-02 08:34:43,377,12,94,197,316,284,170,182,189,247,308,251,295,243,184,192,253,312,288,677,392,358,480,290,253,497,526,591,452,275,502,520,488,513,358,400,355,263,218,521,328,FALSE,FALSE,FALSE,FALSE,FALSE,FALSE,FALSE,FALSE,FALSE,FALSE,FALSE,FALSE,FALSE,FALSE,FALSE,FALSE,FALSE,FALSE,FALSE,FALSE,FALSE,FALSE,FALSE,FALSE,FALSE,FALSE,FALSE,FALSE,FALSE,FALSE,FALSE,FALSE,FALSE,FALSE,FALSE,FALSE,FALSE,FALSE,FALSE,FALSE,FALSE,2.470897,3.1404,3.086555,2.793864,2.331046,2.332643,2.3709,2.560941,2.161295,2.529013,2.722022,2.935025,2.727826,2.688678,2.917747,3.056028,3.105415,3.144799,3.298481,2.102108,2.061415,2.023279,1.691278,1.861735,1.89173,1.719005,1.825963,2.046993,2.10852,1.990662,2.11511,2.4028,2.278675,3.392215,2.840829,2.952815,3.114219,2.790124,3.04729,3.039482,3.137322,FALSE,FALSE,FALSE,FALSE,FALSE,FALSE,FALSE,FALSE,FALSE,FALSE,FALSE,FALSE,FALSE,FALSE,FALSE,FALSE,FALSE,FALSE,FALSE,FALSE,FALSE,FALSE,FALSE,FALSE,FALSE,FALSE,FALSE,FALSE,FALSE,FALSE,FALSE,FALSE,FALSE,FALSE,FALSE,FALSE,FALSE,FALSE,FALSE,FALSE,FALSE,-26.25,0,26.6,FALSE,FALSE,FALSE,1.187969,1.08083,1.199468,FALSE,FALSE,FALSE,0,0,0,FALSE,FALSE,FALSE,1.163035,FALSE,13.96,FALSE,24,FALSE
2026-02-27 09:36:53,377,12,90,198,315,285,169,181,187,244,302,249,293,244,194,204,272,335,313,654,377,344,461,280,242,483,517,596,457,282,519,541,517,523,363,421,381,285,236,575,363,FALSE,FALSE,FALSE,FALSE,FALSE,FALSE,FALSE,FALSE,FALSE,FALSE,FALSE,FALSE,FALSE,FALSE,FALSE,FALSE,FALSE,FALSE,FALSE,FALSE,FALSE,FALSE,FALSE,FALSE,FALSE,FALSE,FALSE,FALSE,FALSE,FALSE,FALSE,FALSE,FALSE,FALSE,FALSE,FALSE,FALSE,FALSE,FALSE,FALSE,FALSE,1.854438,3.186459,2.92104,2.929971,2.633363,2.549205,2.570542,2.679643,2.455289,2.712697,2.981939,3.174686,2.980448,2.961959,3.711531,4.928453,5.454436,5.791224,6.106173,2.463978,2.506789,2.568784,2.26682,2.314324,2.230027,2.008665,2.037368,3.252568,3.877831,4.204763,4.532173,5.025444,5.1472,3.384593,3.434018,4.955662,5.73972,6.171017,6.203648,6.521163,6.87785,FALSE,FALSE,FALSE,FALSE,FALSE,FALSE,FALSE,FALSE,FALSE,FALSE,FALSE,FALSE,FALSE,FALSE,FALSE,FALSE,FALSE,FALSE,TRUE,FALSE,FALSE,FALSE,FALSE,FALSE,FALSE,FALSE,FALSE,FALSE,FALSE,FALSE,FALSE,FALSE,FALSE,FALSE,FALSE,FALSE,FALSE,TRUE,TRUE,TRUE,TRUE,-26.325,0,26.325,FALSE,FALSE,FALSE,1.194589,1.099461,1.214198,FALSE,FALSE,FALSE,0,0,0,FALSE,FALSE,FALSE,1.17575,FALSE,13.41,FALSE,26.12,FALSE
2026-02-26 09:05:44,377,12,95,197,315,283,170,181,189,246,309,249,293,242,184,188,248,302,281,678,391,361,484,290,250,507,526,586,445,273,496,512,488,536,355,392,351,261,215,521,323,FALSE,FALSE,FALSE,FALSE,FALSE,FALSE,FALSE,FALSE,FALSE,FALSE,FALSE,FALSE,FALSE,FALSE,FALSE,FALSE,FALSE,FALSE,FALSE,FALSE,FALSE,FALSE,FALSE,FALSE,FALSE,FALSE,FALSE,FALSE,FALSE,FALSE,FALSE,FALSE,FALSE,FALSE,FALSE,FALSE,FALSE,FALSE,FALSE,FALSE,FALSE,2.061157,2.741061,2.957606,2.550934,2.205966,2.146373,2.179319,2.328543,2.026904,2.336239,2.513294,2.694493,2.528865,2.500129,2.718016,2.852087,2.96619,2.983311,3.137486,1.97763,1.914501,1.869849,1.604328,1.727088,1.775597,1.646983,1.707395,1.87199,1.883488,1.78704,1.936894,2.128081,1.968525,2.998448,2.625418,2.605561,2.700367,2.480895,2.567898,2.574949,2.553044,FALSE,FALSE,FALSE,FALSE,FALSE,FALSE,FALSE,FALSE,FALSE,FALSE,FALSE,FALSE,FALSE,FALSE,FALSE,FALSE,FALSE,FALSE,FALSE,FALSE,FALSE,FALSE,FALSE,FALSE,FALSE,FALSE,FALSE,FALSE,FALSE,FALSE,FALSE,FALSE,FALSE,FALSE,FALSE,FALSE,FALSE,FALSE,FALSE,FALSE,FALSE,-26.25,0,26.625,FALSE,FALSE,FALSE,1.185483,1.07529,1.196915,FALSE,FALSE,FALSE,0,0,0,FALSE,FALSE,FALSE,1.159088,FALSE,10.51,FALSE,24,FALSE
2026-02-25 09:00:43,377,12,95,197,315,283,170,181,189,246,309,249,293,242,184,188,248,302,281,678,391,361,484,290,250,507,526,586,445,273,496,512,488,536,355,392,351,261,215,521,323,FALSE,FALSE,FALSE,FALSE,FALSE,FALSE,FALSE,FALSE,FALSE,FALSE,FALSE,FALSE,FALSE,FALSE,FALSE,FALSE,FALSE,FALSE,FALSE,FALSE,FALSE,FALSE,FALSE,FALSE,FALSE,FALSE,FALSE,FALSE,FALSE,FALSE,FALSE,FALSE,FALSE,FALSE,FALSE,FALSE,FALSE,FALSE,FALSE,FALSE,FALSE,2.086591,2.844864,2.883233,2.703055,2.305349,2.265981,2.319036,2.476666,2.108578,2.472931,2.646322,2.843513,2.633232,2.619896,2.8392,2.954691,2.99698,3.053438,3.188495,1.974474,1.928059,1.873379,1.546954,1.694315,1.73545,1.60454,1.690005,1.830424,1.861234,1.749012,1.875045,2.099209,1.907397,3.063374,2.580901,2.570662,2.654913,2.41759,2.585799,2.596911,2.589916,FALSE,FALSE,FALSE,FALSE,FALSE,FALSE,FALSE,FALSE,FALSE,FALSE,FALSE,FALSE,FALSE,FALSE,FALSE,FALSE,FALSE,FALSE,FALSE,FALSE,FALSE,FALSE,FALSE,FALSE,FALSE,FALSE,FALSE,FALSE,FALSE,FALSE,FALSE,FALSE,FALSE,FALSE,FALSE,FALSE,FALSE,FALSE,FALSE,FALSE,FALSE,-26.275,0,26.6,FALSE,FALSE,FALSE,1.185972,1.0785,1.19797,FALSE,FALSE,FALSE,0,0,0,FALSE,FALSE,FALSE,1.161462,FALSE,11.28,FALSE,24.12,FALSE
2026-02-24 09:06:05,377,12,95,195,311,282,169,180,187,246,304,247,292,240,184,188,248,304,281,688,394,361,484,289,252,504,527,596,447,274,502,517,493,516,355,402,355,264,219,530,330,FALSE,FALSE,FALSE,FALSE,FALSE,FALSE,FALSE,FALSE,FALSE,FALSE,FALSE,FALSE,FALSE,FALSE,FALSE,FALSE,FALSE,FALSE,FALSE,FALSE,FALSE,FALSE,FALSE,FALSE,FALSE,FALSE,FALSE,FALSE,FALSE,FALSE,FALSE,FALSE,FALSE,FALSE,FALSE,FALSE,FALSE,FALSE,FALSE,FALSE,FALSE,2.146173,2.736473,2.920503,2.581231,2.25951,2.178136,2.227523,2.368277,2.078035,2.35966,2.570669,2.76046,2.613536,2.581545,2.774296,2.86074,2.944084,2.974926,3.111085,1.976835,1.937226,1.849726,1.573301,1.729577,1.786466,1.602661,1.726395,1.889104,1.917651,1.829647,1.937816,2.203399,2.04348,3.139346,2.782594,2.793184,2.898776,2.670247,2.795357,2.795185,2.776843,FALSE,FALSE,FALSE,FALSE,FALSE,FALSE,FALSE,FALSE,FALSE,FALSE,FALSE,FALSE,FALSE,FALSE,FALSE,FALSE,FALSE,FALSE,FALSE,FALSE,FALSE,FALSE,FALSE,FALSE,FALSE,FALSE,FALSE,FALSE,FALSE,FALSE,FALSE,FALSE,FALSE,FALSE,FALSE,FALSE,FALSE,FALSE,FALSE,FALSE,FALSE,-26.275,0,26.625,FALSE,FALSE,FALSE,1.184015,1.074749,1.194815,FALSE,FALSE,FALSE,0,0,0,FALSE,FALSE,FALSE,1.157897,FALSE,10.57,FALSE,23.88,FALSE
2026-02-23 09:17:01,377,12,93,194,309,279,168,178,186,243,305,248,292,241,185,188,248,303,280,673,390,358,477,287,251,503,527,591,444,272,496,511,488,516,353,395,349,259,215,516,322,FALSE,FALSE,FALSE,FALSE,FALSE,FALSE,FALSE,FALSE,FALSE,FALSE,FALSE,FALSE,FALSE,FALSE,FALSE,FALSE,FALSE,FALSE,FALSE,FALSE,FALSE,FALSE,FALSE,FALSE,FALSE,FALSE,FALSE,FALSE,FALSE,FALSE,FALSE,FALSE,FALSE,FALSE,FALSE,FALSE,FALSE,FALSE,FALSE,FALSE,FALSE,1.834787,3.149496,2.940372,3.045888,2.774291,2.654796,2.672704,2.77026,2.598367,2.844307,3.054319,3.303133,3.142801,3.096866,3.329515,3.745771,4.023949,4.109145,4.327649,2.436309,2.411277,2.355526,1.924863,2.122025,2.112077,1.956957,1.9312,2.490804,2.73608,2.784393,2.921998,3.278051,3.254856,2.998434,2.857419,3.333552,3.605839,3.740893,3.919015,4.077473,4.315203,FALSE,FALSE,FALSE,FALSE,FALSE,FALSE,FALSE,FALSE,FALSE,FALSE,FALSE,FALSE,FALSE,FALSE,FALSE,FALSE,FALSE,FALSE,FALSE,FALSE,FALSE,FALSE,FALSE,FALSE,FALSE,FALSE,FALSE,FALSE,FALSE,FALSE,FALSE,FALSE,FALSE,FALSE,FALSE,FALSE,FALSE,FALSE,FALSE,FALSE,FALSE,-26.375,0,26.3,FALSE,FALSE,FALSE,1.192734,1.100189,1.211692,FALSE,FALSE,FALSE,0,0,0,FALSE,FALSE,FALSE,1.173253,FALSE,13.56,FALSE,26.38,FALSE
2026-02-20 08:38:31,377,12,93,194,309,279,168,178,186,243,305,248,292,241,185,188,248,303,280,673,390,358,477,287,251,503,527,591,444,272,496,511,488,516,353,395,349,259,215,516,322,FALSE,FALSE,FALSE,FALSE,FALSE,FALSE,FALSE,FALSE,FALSE,FALSE,FALSE,FALSE,FALSE,FALSE,FALSE,FALSE,FALSE,FALSE,FALSE,FALSE,FALSE,FALSE,FALSE,FALSE,FALSE,FALSE,FALSE,FALSE,FALSE,FALSE,FALSE,FALSE,FALSE,FALSE,FALSE,FALSE,FALSE,FALSE,FALSE,FALSE,FALSE,2.063038,2.844444,2.870922,2.755413,2.374706,2.322445,2.367324,2.520789,2.192353,2.499144,2.718217,2.928737,2.705209,2.727438,2.933415,3.03686,3.132133,3.168153,3.304615,2.002004,1.988574,1.931749,1.549585,1.750595,1.789578,1.613287,1.690882,1.869981,1.901962,1.762955,1.900733,2.117424,1.983544,2.921217,2.519067,2.527424,2.640386,2.357713,2.568071,2.585589,2.579155,FALSE,FALSE,FALSE,FALSE,FALSE,FALSE,FALSE,FALSE,FALSE,FALSE,FALSE,FALSE,FALSE,FALSE,FALSE,FALSE,FALSE,FALSE,FALSE,FALSE,FALSE,FALSE,FALSE,FALSE,FALSE,FALSE,FALSE,FALSE,FALSE,FALSE,FALSE,FALSE,FALSE,FALSE,FALSE,FALSE,FALSE,FALSE,FALSE,FALSE,FALSE,-26.25,0,26.525,FALSE,FALSE,FALSE,1.187453,1.079146,1.198799,FALSE,FALSE,FALSE,0,0,0,FALSE,FALSE,FALSE,1.161763,FALSE,11.96,FALSE,24.25,FALSE
2026-02-19 09:06:19,377,12,93,194,309,279,168,178,186,243,305,248,292,241,185,188,248,303,280,673,390,358,477,287,251,503,527,591,444,272,496,511,488,516,353,395,349,259,215,516,322,FALSE,FALSE,FALSE,FALSE,FALSE,FALSE,FALSE,FALSE,FALSE,FALSE,FALSE,FALSE,FALSE,FALSE,FALSE,FALSE,FALSE,FALSE,FALSE,FALSE,FALSE,FALSE,FALSE,FALSE,FALSE,FALSE,FALSE,FALSE,FALSE,FALSE,FALSE,FALSE,FALSE,FALSE,FALSE,FALSE,FALSE,FALSE,FALSE,FALSE,FALSE,1.842744,3.224634,2.937741,3.037562,2.662049,2.625612,2.662987,2.80136,2.508509,2.821578,3.024231,3.272543,3.079176,3.070452,3.248709,3.450983,3.59427,3.676329,3.881621,2.393767,2.433805,2.376785,1.861605,2.129539,2.075958,1.89945,1.889403,2.394664,2.535921,2.475976,2.610062,2.989644,2.983178,3.170032,2.860402,3.090795,3.279753,3.277912,3.459501,3.611966,3.824308,FALSE,FALSE,FALSE,FALSE,FALSE,FALSE,FALSE,FALSE,FALSE,FALSE,FALSE,FALSE,FALSE,FALSE,FALSE,FALSE,FALSE,FALSE,FALSE,FALSE,FALSE,FALSE,FALSE,FALSE,FALSE,FALSE,FALSE,FALSE,FALSE,FALSE,FALSE,FALSE,FALSE,FALSE,FALSE,FALSE,FALSE,FALSE,FALSE,FALSE,FALSE,-26.325,0,26.3,FALSE,FALSE,FALSE,1.193157,1.097884,1.210928,FALSE,FALSE,FALSE,0,0,0,FALSE,FALSE,FALSE,1.174762,FALSE,13.81,FALSE,25.88,FALSE
2026-02-18 09:49:54,377,12,93,194,309,279,168,178,186,243,305,248,292,241,185,188,248,303,280,673,390,358,477,287,251,503,527,591,444,272,496,511,488,516,353,395,349,259,215,516,322,FALSE,FALSE,FALSE,FALSE,FALSE,FALSE,FALSE,FALSE,FALSE,FALSE,FALSE,FALSE,FALSE,FALSE,FALSE,FALSE,FALSE,FALSE,FALSE,FALSE,FALSE,FALSE,FALSE,FALSE,FALSE,FALSE,FALSE,FALSE,FALSE,FALSE,FALSE,FALSE,FALSE,FALSE,FALSE,FALSE,FALSE,FALSE,FALSE,FALSE,FALSE,1.995963,2.735304,2.882983,2.554499,2.235793,2.163026,2.229209,2.339559,2.054369,2.345981,2.5477,2.693447,2.535318,2.537325,2.755432,2.829233,2.922524,2.95699,3.087457,1.946816,1.880836,1.825918,1.566215,1.681159,1.731487,1.564321,1.696097,1.801449,1.813879,1.727826,1.877398,2.045309,1.905264,2.880222,2.457308,2.451837,2.503873,2.305495,2.433571,2.432624,2.417545,FALSE,FALSE,FALSE,FALSE,FALSE,FALSE,FALSE,FALSE,FALSE,FALSE,FALSE,FALSE,FALSE,FALSE,FALSE,FALSE,FALSE,FALSE,FALSE,FALSE,FALSE,FALSE,FALSE,FALSE,FALSE,FALSE,FALSE,FALSE,FALSE,FALSE,FALSE,FALSE,FALSE,FALSE,FALSE,FALSE,FALSE,FALSE,FALSE,FALSE,FALSE,-26.225,0,26.625,FALSE,FALSE,FALSE,1.187578,1.078358,1.19887,FALSE,FALSE,FALSE,0,0,0,FALSE,FALSE,FALSE,1.161376,FALSE,9.99,FALSE,24,FALSE
2026-02-17 08:33:57,377,12,93,194,309,279,168,178,186,243,305,248,292,241,185,188,248,303,280,673,390,358,477,287,251,503,527,591,444,272,496,511,488,516,353,395,349,259,215,516,322,FALSE,FALSE,FALSE,FALSE,FALSE,FALSE,FALSE,FALSE,FALSE,FALSE,FALSE,FALSE,FALSE,FALSE,FALSE,FALSE,FALSE,FALSE,FALSE,FALSE,FALSE,FALSE,FALSE,FALSE,FALSE,FALSE,FALSE,FALSE,FALSE,FALSE,FALSE,FALSE,FALSE,FALSE,FALSE,FALSE,FALSE,FALSE,FALSE,FALSE,FALSE,1.842475,2.752749,2.77673,2.493564,2.169339,2.101739,2.136587,2.278007,2.008909,2.273971,2.444928,2.597539,2.450068,2.467438,2.660815,2.750555,2.85269,2.874159,3.04495,1.953351,1.89296,1.827996,1.493884,1.696557,1.703385,1.546161,1.634755,1.779526,1.78167,1.675574,1.839621,2.012388,1.852003,2.653339,2.246656,2.225182,2.330992,2.049841,2.244092,2.237189,2.252474,FALSE,FALSE,FALSE,FALSE,FALSE,FALSE,FALSE,FALSE,FALSE,FALSE,FALSE,FALSE,FALSE,FALSE,FALSE,FALSE,FALSE,FALSE,FALSE,FALSE,FALSE,FALSE,FALSE,FALSE,FALSE,FALSE,FALSE,FALSE,FALSE,FALSE,FALSE,FALSE,FALSE,FALSE,FALSE,FALSE,FALSE,FALSE,FALSE,FALSE,FALSE,-26.3,0,26.575,FALSE,FALSE,FALSE,1.187615,1.082785,1.199984,FALSE,FALSE,FALSE,0,0,0,FALSE,FALSE,FALSE,1.165324,FALSE,10.74,FALSE,24.38,FALSE
2026-02-16 08:59:28,377,12,93,194,309,279,168,178,186,243,305,248,292,241,185,188,248,303,280,673,390,358,477,287,251,503,527,591,444,272,496,511,488,516,353,395,349,259,215,516,322,FALSE,FALSE,FALSE,FALSE,FALSE,FALSE,FALSE,FALSE,FALSE,FALSE,FALSE,FALSE,FALSE,FALSE,FALSE,FALSE,FALSE,FALSE,FALSE,FALSE,FALSE,FALSE,FALSE,FALSE,FALSE,FALSE,FALSE,FALSE,FALSE,FALSE,FALSE,FALSE,FALSE,FALSE,FALSE,FALSE,FALSE,FALSE,FALSE,FALSE,FALSE,1.778063,2.89753,2.85716,2.785592,2.519378,2.419533,2.410731,2.518239,2.272771,2.496524,2.655146,2.865584,2.708888,2.763907,3.120187,3.572271,3.931317,4.134569,4.346899,2.17956,2.152329,2.100742,1.764191,1.933369,1.907536,1.747919,1.833352,2.289044,2.523821,2.769447,3.085619,3.110385,3.162505,2.689184,2.505555,3.01243,3.430038,3.64145,3.68064,3.906383,4.16703,FALSE,FALSE,FALSE,FALSE,FALSE,FALSE,FALSE,FALSE,FALSE,FALSE,FALSE,FALSE,FALSE,FALSE,FALSE,FALSE,FALSE,FALSE,FALSE,FALSE,FALSE,FALSE,FALSE,FALSE,FALSE,FALSE,FALSE,FALSE,FALSE,FALSE,FALSE,FALSE,FALSE,FALSE,FALSE,FALSE,FALSE,FALSE,FALSE,FALSE,FALSE,-26.3,0,26.275,FALSE,FALSE,FALSE,1.194473,1.100197,1.211852,FALSE,FALSE,FALSE,0,0,0,FALSE,FALSE,FALSE,1.176209,FALSE,10.86,FALSE,26,FALSE
2026-02-13 08:11:38,377,12,93,194,309,279,168,178,186,243,305,248,292,241,185,188,248,303,280,673,390,358,477,287,251,503,527,591,444,272,496,511,488,516,353,395,349,259,215,516,322,FALSE,FALSE,FALSE,FALSE,FALSE,FALSE,FALSE,FALSE,FALSE,FALSE,FALSE,FALSE,FALSE,FALSE,FALSE,FALSE,FALSE,FALSE,FALSE,FALSE,FALSE,FALSE,FALSE,FALSE,FALSE,FALSE,FALSE,FALSE,FALSE,FALSE,FALSE,FALSE,FALSE,FALSE,FALSE,FALSE,FALSE,FALSE,FALSE,FALSE,FALSE,1.70035,2.798778,2.818155,2.697061,2.411664,2.334609,2.351884,2.465026,2.229365,2.471855,2.666682,2.803198,2.67594,2.680889,2.874588,3.000077,3.166099,3.164901,3.329865,2.238908,2.195509,2.148456,1.700249,1.92915,1.932487,1.770633,1.75412,2.053745,2.034422,1.974859,2.14006,2.369484,2.278116,2.780605,2.41956,2.46385,2.592637,2.499786,2.666329,2.79469,2.832818,FALSE,FALSE,FALSE,FALSE,FALSE,FALSE,FALSE,FALSE,FALSE,FALSE,FALSE,FALSE,FALSE,FALSE,FALSE,FALSE,FALSE,FALSE,FALSE,FALSE,FALSE,FALSE,FALSE,FALSE,FALSE,FALSE,FALSE,FALSE,FALSE,FALSE,FALSE,FALSE,FALSE,FALSE,FALSE,FALSE,FALSE,FALSE,FALSE,FALSE,FALSE,-26.325,0,26.35,FALSE,FALSE,FALSE,1.19193,1.094976,1.208037,FALSE,FALSE,FALSE,0,0,0,FALSE,FALSE,FALSE,1.174034,FALSE,10.37,FALSE,25.62,FALSE
2026-02-12 08:42:31,377,12,93,194,309,279,168,178,186,243,305,248,292,241,185,188,248,303,280,673,390,358,477,287,251,503,527,591,444,272,496,511,488,516,353,395,349,259,215,516,322,FALSE,FALSE,FALSE,FALSE,FALSE,FALSE,FALSE,FALSE,FALSE,FALSE,FALSE,FALSE,FALSE,FALSE,FALSE,FALSE,FALSE,FALSE,FALSE,FALSE,FALSE,FALSE,FALSE,FALSE,FALSE,FALSE,FALSE,FALSE,FALSE,FALSE,FALSE,FALSE,FALSE,FALSE,FALSE,FALSE,FALSE,FALSE,FALSE,FALSE,FALSE,1.933705,2.776738,2.86198,2.687289,2.321849,2.253447,2.295496,2.425644,2.140295,2.440541,2.636036,2.808154,2.608141,2.635169,2.797678,2.921655,2.977237,3.004351,3.127605,2.0291,1.976939,1.909995,1.563221,1.764946,1.778074,1.631815,1.655429,1.845849,1.886353,1.720831,1.833207,2.060952,1.955223,2.734161,2.312389,2.281843,2.363313,2.121072,2.323297,2.312157,2.319235,FALSE,FALSE,FALSE,FALSE,FALSE,FALSE,FALSE,FALSE,FALSE,FALSE,FALSE,FALSE,FALSE,FALSE,FALSE,FALSE,FALSE,FALSE,FALSE,FALSE,FALSE,FALSE,FALSE,FALSE,FALSE,FALSE,FALSE,FALSE,FALSE,FALSE,FALSE,FALSE,FALSE,FALSE,FALSE,FALSE,FALSE,FALSE,FALSE,FALSE,FALSE,-26.275,0,26.6,FALSE,FALSE,FALSE,1.187973,1.084454,1.200682,FALSE,FALSE,FALSE,0,0,0,FALSE,FALSE,FALSE,1.166553,FALSE,10.33,FALSE,24.5,FALSE
2026-02-11 08:53:17,377,12,90,193,309,278,168,179,186,244,303,246,290,242,183,187,247,301,280,654,378,350,467,281,244,489,512,578,432,267,484,503,478,548,356,395,349,259,215,519,323,FALSE,FALSE,FALSE,FALSE,FALSE,FALSE,FALSE,FALSE,FALSE,FALSE,FALSE,FALSE,FALSE,FALSE,FALSE,FALSE,FALSE,FALSE,FALSE,FALSE,FALSE,FALSE,FALSE,FALSE,FALSE,FALSE,FALSE,FALSE,FALSE,FALSE,FALSE,FALSE,FALSE,FALSE,FALSE,FALSE,FALSE,FALSE,FALSE,FALSE,FALSE,1.71099,2.938549,2.948818,2.84522,2.589108,2.503202,2.537777,2.615031,2.404559,2.645141,2.8539,3.086357,2.902319,2.885233,3.100391,3.176181,3.263004,3.276344,3.416746,2.321853,2.335882,2.268315,1.799854,2.073175,2.0554,1.89809,1.853641,2.154515,2.122755,2.002287,2.137546,2.335371,2.231245,2.757669,2.591513,2.725836,2.746977,2.680582,2.869179,2.968555,3.014708,FALSE,FALSE,FALSE,FALSE,FALSE,FALSE,FALSE,FALSE,FALSE,FALSE,FALSE,FALSE,FALSE,FALSE,FALSE,FALSE,FALSE,FALSE,FALSE,FALSE,FALSE,FALSE,FALSE,FALSE,FALSE,FALSE,FALSE,FALSE,FALSE,FALSE,FALSE,FALSE,FALSE,FALSE,FALSE,FALSE,FALSE,FALSE,FALSE,FALSE,FALSE,-26.375,0,26.275,FALSE,FALSE,FALSE,1.192636,1.09965,1.212209,FALSE,FALSE,FALSE,0,0,0,FALSE,FALSE,FALSE,1.174082,FALSE,10.34,FALSE,26.38,FALSE
2026-02-10 07:57:07,377,12,95,194,309,281,167,178,186,244,302,244,290,237,182,187,248,304,280,688,393,360,480,289,251,505,525,601,451,276,503,520,497,516,359,404,359,266,220,534,334,FALSE,FALSE,FALSE,FALSE,FALSE,FALSE,FALSE,FALSE,FALSE,FALSE,FALSE,FALSE,FALSE,FALSE,FALSE,FALSE,FALSE,FALSE,FALSE,FALSE,FALSE,FALSE,FALSE,FALSE,FALSE,FALSE,FALSE,FALSE,FALSE,FALSE,FALSE,FALSE,FALSE,FALSE,FALSE,FALSE,FALSE,FALSE,FALSE,FALSE,FALSE,2.330466,2.665676,3.018888,2.689103,2.376616,2.243655,2.299107,2.442077,2.165266,2.443367,2.632016,2.843202,2.707598,2.670119,2.89382,2.995654,3.125197,3.108358,3.289415,2.008631,1.952754,1.893144,1.626176,1.743843,1.812667,1.647062,1.741748,1.862643,1.898992,1.769366,1.900388,2.134706,1.924855,3.467924,3.129913,3.118492,3.135786,2.93122,2.999837,2.984593,2.930368,FALSE,FALSE,FALSE,FALSE,FALSE,FALSE,FALSE,FALSE,FALSE,FALSE,FALSE,FALSE,FALSE,FALSE,FALSE,FALSE,FALSE,FALSE,FALSE,FALSE,FALSE,FALSE,FALSE,FALSE,FALSE,FALSE,FALSE,FALSE,FALSE,FALSE,FALSE,FALSE,FALSE,FALSE,FALSE,FALSE,FALSE,FALSE,FALSE,FALSE,FALSE,-26.275,0,26.65,FALSE,FALSE,FALSE,1.18366,1.073497,1.195167,FALSE,FALSE,FALSE,0,0,0,FALSE,FALSE,FALSE,1.155687,FALSE,11,FALSE,23.75,FALSE
2026-02-09 08:50:01,377,12,90,194,309,280,168,179,186,245,305,250,293,241,186,191,252,310,284,660,385,352,466,284,247,495,515,580,439,270,492,508,481,514,353,397,349,259,214,516,321,FALSE,FALSE,FALSE,FALSE,FALSE,FALSE,FALSE,FALSE,FALSE,FALSE,FALSE,FALSE,FALSE,FALSE,FALSE,FALSE,FALSE,FALSE,FALSE,FALSE,FALSE,FALSE,FALSE,FALSE,FALSE,FALSE,FALSE,FALSE,FALSE,FALSE,FALSE,FALSE,FALSE,FALSE,FALSE,FALSE,FALSE,FALSE,FALSE,FALSE,FALSE,1.760925,2.828224,2.79929,2.805687,2.486192,2.4245,2.433434,2.558176,2.306752,2.557627,2.762767,2.975568,2.829022,2.815244,3.021852,3.109282,3.16647,3.18784,3.334281,2.045288,2.010012,1.979343,1.57403,1.778013,1.8008,1.61298,1.710723,1.953392,1.963928,1.818198,1.967512,2.162385,2.146517,2.599283,2.238506,2.336308,2.441155,2.265648,2.519926,2.550328,2.642263,FALSE,FALSE,FALSE,FALSE,FALSE,FALSE,FALSE,FALSE,FALSE,FALSE,FALSE,FALSE,FALSE,FALSE,FALSE,FALSE,FALSE,FALSE,FALSE,FALSE,FALSE,FALSE,FALSE,FALSE,FALSE,FALSE,FALSE,FALSE,FALSE,FALSE,FALSE,FALSE,FALSE,FALSE,FALSE,FALSE,FALSE,FALSE,FALSE,FALSE,FALSE,-26.4,0,26.375,FALSE,FALSE,FALSE,1.189983,1.095342,1.205675,FALSE,FALSE,FALSE,0,0,0,FALSE,FALSE,FALSE,1.173514,FALSE,11.2,FALSE,25.5,FALSE
2026-02-06 09:13:35,377,12,90,193,309,279,167,178,186,243,299,244,289,238,188,197,262,322,300,654,375,342,458,279,241,481,509,595,445,277,506,526,502,512,357,411,369,274,227,550,347,FALSE,FALSE,FALSE,FALSE,FALSE,FALSE,FALSE,FALSE,FALSE,FALSE,FALSE,FALSE,FALSE,FALSE,FALSE,FALSE,FALSE,FALSE,FALSE,FALSE,FALSE,FALSE,FALSE,FALSE,FALSE,FALSE,FALSE,FALSE,FALSE,FALSE,FALSE,FALSE,FALSE,FALSE,FALSE,FALSE,FALSE,FALSE,FALSE,FALSE,FALSE,1.714865,2.814128,2.86601,2.786856,2.519391,2.421273,2.438926,2.522455,2.307844,2.537334,2.726441,3.00624,2.85539,2.847875,3.527869,4.713377,5.172008,5.521716,5.848872,2.263195,2.251624,2.190902,1.940242,2.049037,2.008103,1.80911,1.903293,2.898603,3.586846,3.963843,4.212017,4.689333,4.746445,3.061219,3.184509,4.578501,5.449143,5.873815,5.881666,6.190361,6.489934,FALSE,FALSE,FALSE,FALSE,FALSE,FALSE,FALSE,FALSE,FALSE,FALSE,FALSE,FALSE,FALSE,FALSE,FALSE,FALSE,FALSE,FALSE,FALSE,FALSE,FALSE,FALSE,FALSE,FALSE,FALSE,FALSE,FALSE,FALSE,FALSE,FALSE,FALSE,FALSE,FALSE,FALSE,FALSE,FALSE,FALSE,FALSE,FALSE,TRUE,TRUE,-26.4,0,26.3,FALSE,FALSE,FALSE,1.191847,1.097288,1.211257,FALSE,FALSE,FALSE,0,0,0,FALSE,FALSE,FALSE,1.174476,FALSE,10.68,FALSE,25.88,FALSE
2026-02-05 09:47:14,377,12,95,194,312,281,169,179,187,245,305,246,291,238,184,188,248,304,281,690,394,359,480,290,253,498,532,592,450,275,500,517,492,513,357,405,357,265,219,528,331,FALSE,FALSE,FALSE,FALSE,FALSE,FALSE,FALSE,FALSE,FALSE,FALSE,FALSE,FALSE,FALSE,FALSE,FALSE,FALSE,FALSE,FALSE,FALSE,FALSE,FALSE,FALSE,FALSE,FALSE,FALSE,FALSE,FALSE,FALSE,FALSE,FALSE,FALSE,FALSE,FALSE,FALSE,FALSE,FALSE,FALSE,FALSE,FALSE,FALSE,FALSE,2.030309,2.763353,2.894231,2.541702,2.226567,2.134033,2.170653,2.30509,2.029731,2.296381,2.499276,2.675618,2.513467,2.529631,2.729633,2.867197,2.95932,3.003152,3.130933,1.953667,1.940802,1.837337,1.567315,1.683709,1.714696,1.583749,1.705696,1.821453,1.812657,1.7721,1.912565,2.072334,1.95001,2.851482,2.431929,2.390929,2.491546,2.271808,2.413419,2.424875,2.425482,FALSE,FALSE,FALSE,FALSE,FALSE,FALSE,FALSE,FALSE,FALSE,FALSE,FALSE,FALSE,FALSE,FALSE,FALSE,FALSE,FALSE,FALSE,FALSE,FALSE,FALSE,FALSE,FALSE,FALSE,FALSE,FALSE,FALSE,FALSE,FALSE,FALSE,FALSE,FALSE,FALSE,FALSE,FALSE,FALSE,FALSE,FALSE,FALSE,FALSE,FALSE,-26.25,0,26.525,FALSE,FALSE,FALSE,1.187423,1.079877,1.199514,FALSE,FALSE,FALSE,0,0,0,FALSE,FALSE,FALSE,1.162712,FALSE,10.79,FALSE,24.25,FALSE
2026-02-04 08:54:45,377,12,95,194,312,281,169,179,187,245,305,246,291,238,184,188,248,304,281,690,394,359,480,290,253,498,532,592,450,275,500,517,492,513,357,405,357,265,219,528,331,FALSE,FALSE,FALSE,FALSE,FALSE,FALSE,FALSE,FALSE,FALSE,FALSE,FALSE,FALSE,FALSE,FALSE,FALSE,FALSE,FALSE,FALSE,FALSE,FALSE,FALSE,FALSE,FALSE,FALSE,FALSE,FALSE,FALSE,FALSE,FALSE,FALSE,FALSE,FALSE,FALSE,FALSE,FALSE,FALSE,FALSE,FALSE,FALSE,FALSE,FALSE,2.397521,2.741884,3.10747,2.551529,2.250903,2.157768,2.180784,2.331498,2.044535,2.306544,2.516665,2.699662,2.556173,2.518907,2.740594,2.812905,2.927589,2.943315,3.087832,2.036647,1.944028,1.913907,1.682161,1.773064,1.827563,1.698323,1.767416,1.883573,1.894989,1.832465,1.94803,2.128223,1.937962,3.559365,3.133776,3.09937,3.161901,2.957227,3.069164,3.055187,2.997762,FALSE,FALSE,FALSE,FALSE,FALSE,FALSE,FALSE,FALSE,FALSE,FALSE,FALSE,FALSE,FALSE,FALSE,FALSE,FALSE,FALSE,FALSE,FALSE,FALSE,FALSE,FALSE,FALSE,FALSE,FALSE,FALSE,FALSE,FALSE,FALSE,FALSE,FALSE,FALSE,FALSE,FALSE,FALSE,FALSE,FALSE,FALSE,FALSE,FALSE,FALSE,-26.275,0,26.625,FALSE,FALSE,FALSE,1.184913,1.073916,1.195647,FALSE,FALSE,FALSE,0,0,0,FALSE,FALSE,FALSE,1.156884,FALSE,10.89,FALSE,23.75,FALSE
2026-02-03 08:58:32,377,12,94,192,308,279,166,178,185,243,301,246,291,236,184,188,249,306,282,674,390,355,479,288,249,498,521,595,447,276,502,519,495,508,352,400,355,264,219,528,331,FALSE,FALSE,FALSE,FALSE,FALSE,FALSE,FALSE,FALSE,FALSE,FALSE,FALSE,FALSE,FALSE,FALSE,FALSE,FALSE,FALSE,FALSE,FALSE,FALSE,FALSE,FALSE,FALSE,FALSE,FALSE,FALSE,FALSE,FALSE,FALSE,FALSE,FALSE,FALSE,FALSE,FALSE,FALSE,FALSE,FALSE,FALSE,FALSE,FALSE,FALSE,2.157656,2.676111,2.962147,2.652879,2.309732,2.238978,2.261514,2.412431,2.133662,2.396879,2.605445,2.799409,2.623058,2.605947,2.779716,2.846035,2.92512,2.95099,3.130421,1.986175,1.924901,1.858143,1.623499,1.732087,1.775713,1.629393,1.723525,1.909595,1.942899,1.887775,2.0405,2.261302,2.128647,2.801648,2.487266,2.590415,2.687454,2.538945,2.652882,2.690629,2.779796,FALSE,FALSE,FALSE,FALSE,FALSE,FALSE,FALSE,FALSE,FALSE,FALSE,FALSE,FALSE,FALSE,FALSE,FALSE,FALSE,FALSE,FALSE,FALSE,FALSE,FALSE,FALSE,FALSE,FALSE,FALSE,FALSE,FALSE,FALSE,FALSE,FALSE,FALSE,FALSE,FALSE,FALSE,FALSE,FALSE,FALSE,FALSE,FALSE,FALSE,FALSE,-26.225,0,26.55,FALSE,FALSE,FALSE,1.18575,1.081166,1.198553,FALSE,FALSE,FALSE,0,0,0,FALSE,FALSE,FALSE,1.163442,FALSE,10.26,FALSE,24.12,FALSE
2026-02-02 09:34:41,377,12,92,194,310,280,169,178,186,243,302,247,290,240,184,191,254,314,290,663,389,355,469,282,247,493,514,587,444,276,503,520,493,526,356,404,359,266,221,531,335,FALSE,FALSE,FALSE,FALSE,FALSE,FALSE,FALSE,FALSE,FALSE,FALSE,FALSE,FALSE,FALSE,FALSE,FALSE,FALSE,FALSE,FALSE,FALSE,FALSE,FALSE,FALSE,FALSE,FALSE,FALSE,FALSE,FALSE,FALSE,FALSE,FALSE,FALSE,FALSE,FALSE,FALSE,FALSE,FALSE,FALSE,FALSE,FALSE,FALSE,FALSE,2.059101,2.752914,2.903396,2.656215,2.411029,2.292397,2.32078,2.438124,2.201868,2.460888,2.657384,2.820019,2.647639,2.657171,2.879689,3.226275,3.481438,3.572979,3.790787,2.037729,1.947125,1.908578,1.729136,1.791588,1.82803,1.663968,1.730497,2.0987,2.310948,2.415237,2.589391,2.863669,2.845037,2.57936,2.32875,2.772063,3.068682,3.206907,3.280085,3.429092,3.720064,FALSE,FALSE,FALSE,FALSE,FALSE,FALSE,FALSE,FALSE,FALSE,FALSE,FALSE,FALSE,FALSE,FALSE,FALSE,FALSE,FALSE,FALSE,FALSE,FALSE,FALSE,FALSE,FALSE,FALSE,FALSE,FALSE,FALSE,FALSE,FALSE,FALSE,FALSE,FALSE,FALSE,FALSE,FALSE,FALSE,FALSE,FALSE,FALSE,FALSE,FALSE,-26.3,0,26.425,FALSE,FALSE,FALSE,1.18929,1.089752,1.202858,FALSE,FALSE,FALSE,0,0,0,FALSE,FALSE,FALSE,1.170588,FALSE,10.2,FALSE,24.5,FALSE
2026-01-30 10:05:37,377,12,88,193,309,279,166,176,184,240,296,242,287,240,192,203,271,333,315,651,375,339,453,275,239,484,514,597,458,283,521,541,521,545,369,429,387,292,241,591,373,FALSE,FALSE,FALSE,FALSE,FALSE,FALSE,FALSE,FALSE,FALSE,FALSE,FALSE,FALSE,FALSE,FALSE,FALSE,FALSE,FALSE,FALSE,FALSE,FALSE,FALSE,FALSE,FALSE,FALSE,FALSE,FALSE,FALSE,FALSE,FALSE,FALSE,FALSE,FALSE,FALSE,FALSE,FALSE,FALSE,FALSE,FALSE,FALSE,FALSE,FALSE,1.980674,3.039247,3.157189,2.919112,2.651882,2.584835,2.571184,2.669359,2.472181,2.670714,2.860186,3.106276,2.949419,2.950319,3.763271,5.17053,5.665634,6.083574,6.375229,2.69972,2.730563,2.665049,2.372316,2.502144,2.415326,2.255856,2.271138,3.390787,4.136753,4.536015,4.900639,5.258462,5.391395,3.202244,3.402608,5.173184,6.093903,6.464855,6.411196,6.811562,7.08386,FALSE,FALSE,FALSE,FALSE,FALSE,FALSE,FALSE,FALSE,FALSE,FALSE,FALSE,FALSE,FALSE,FALSE,FALSE,FALSE,FALSE,TRUE,TRUE,FALSE,FALSE,FALSE,FALSE,FALSE,FALSE,FALSE,FALSE,FALSE,FALSE,FALSE,FALSE,FALSE,FALSE,FALSE,FALSE,FALSE,TRUE,TRUE,TRUE,TRUE,TRUE,-26.45,0,26.175,FALSE,FALSE,FALSE,1.194271,1.100318,1.218861,FALSE,FALSE,FALSE,0,0,0,FALSE,FALSE,FALSE,1.170032,FALSE,11.17,FALSE,27.12,FALSE
2026-01-29 09:23:35,377,12,92,192,307,277,167,176,185,242,302,246,290,236,183,187,245,299,277,672,388,351,474,286,248,495,520,588,445,269,491,505,482,511,352,392,349,258,214,516,321,FALSE,FALSE,FALSE,FALSE,FALSE,FALSE,FALSE,FALSE,FALSE,FALSE,FALSE,FALSE,FALSE,FALSE,FALSE,FALSE,FALSE,FALSE,FALSE,FALSE,FALSE,FALSE,FALSE,FALSE,FALSE,FALSE,FALSE,FALSE,FALSE,FALSE,FALSE,FALSE,FALSE,FALSE,FALSE,FALSE,FALSE,FALSE,FALSE,FALSE,FALSE,1.533234,2.760463,2.888123,2.277978,1.901696,1.88265,1.915194,2.089961,1.747437,2.057647,2.250192,2.39366,2.180136,2.204278,2.372685,2.498283,2.540304,2.529046,2.685222,1.932508,1.86199,1.788381,1.519421,1.657384,1.700839,1.557733,1.626686,1.78898,1.798778,1.69993,1.773173,2.049145,1.899667,2.544517,2.117848,2.1059,2.168323,1.935282,2.146132,2.125397,2.100981,FALSE,FALSE,FALSE,FALSE,FALSE,FALSE,FALSE,FALSE,FALSE,FALSE,FALSE,FALSE,FALSE,FALSE,FALSE,FALSE,FALSE,FALSE,FALSE,FALSE,FALSE,FALSE,FALSE,FALSE,FALSE,FALSE,FALSE,FALSE,FALSE,FALSE,FALSE,FALSE,FALSE,FALSE,FALSE,FALSE,FALSE,FALSE,FALSE,FALSE,FALSE,-26.425,0,26.525,FALSE,FALSE,FALSE,1.186205,1.08723,1.199197,FALSE,FALSE,FALSE,0,0,0,FALSE,FALSE,FALSE,1.173419,FALSE,12.69,FALSE,24.88,FALSE
2026-01-28 09:14:05,377,12,93,192,310,279,167,177,185,242,300,243,288,238,183,187,246,300,279,672,388,355,475,283,246,494,518,591,443,271,492,510,482,518,353,397,351,261,216,520,325,FALSE,FALSE,FALSE,FALSE,FALSE,FALSE,FALSE,FALSE,FALSE,FALSE,FALSE,FALSE,FALSE,FALSE,FALSE,FALSE,FALSE,FALSE,FALSE,FALSE,FALSE,FALSE,FALSE,FALSE,FALSE,FALSE,FALSE,FALSE,FALSE,FALSE,FALSE,FALSE,FALSE,FALSE,FALSE,FALSE,FALSE,FALSE,FALSE,FALSE,FALSE,2.610074,2.852713,3.207837,2.726747,2.355105,2.29508,2.317762,2.467255,2.114434,2.462089,2.677911,2.907005,2.700689,2.656245,2.909309,3.069907,3.17982,3.220497,3.397346,2.144262,2.071139,2.007708,1.741535,1.865244,1.905065,1.716055,1.855682,1.96349,1.989772,1.852963,2.026612,2.222117,1.974126,3.888032,3.495052,3.485757,3.52362,3.290796,3.397714,3.370361,3.31443,FALSE,FALSE,FALSE,FALSE,FALSE,FALSE,FALSE,FALSE,FALSE,FALSE,FALSE,FALSE,FALSE,FALSE,FALSE,FALSE,FALSE,FALSE,FALSE,FALSE,FALSE,FALSE,FALSE,FALSE,FALSE,FALSE,FALSE,FALSE,FALSE,FALSE,FALSE,FALSE,FALSE,FALSE,FALSE,FALSE,FALSE,FALSE,FALSE,FALSE,FALSE,-26.325,0,26.625,FALSE,FALSE,FALSE,1.183378,1.076627,1.197058,FALSE,FALSE,FALSE,0,0,0,FALSE,FALSE,FALSE,1.158809,FALSE,12.38,FALSE,23.88,FALSE
2026-01-27 09:42:01,377,12,93,192,310,279,167,177,185,242,300,243,288,238,183,187,246,300,279,672,388,355,475,283,246,494,518,591,443,271,492,510,482,518,353,397,351,261,216,520,325,FALSE,FALSE,FALSE,FALSE,FALSE,FALSE,FALSE,FALSE,FALSE,FALSE,FALSE,FALSE,FALSE,FALSE,FALSE,FALSE,FALSE,FALSE,FALSE,FALSE,FALSE,FALSE,FALSE,FALSE,FALSE,FALSE,FALSE,FALSE,FALSE,FALSE,FALSE,FALSE,FALSE,FALSE,FALSE,FALSE,FALSE,FALSE,FALSE,FALSE,FALSE,2.422506,3.043048,3.063659,2.862294,2.478472,2.445439,2.473623,2.608173,2.282145,2.628618,2.870924,3.077394,2.84808,2.839601,3.094573,3.246625,3.339306,3.370617,3.548078,2.101068,2.034467,2.018249,1.686986,1.848574,1.863668,1.703293,1.801205,1.944567,1.994206,1.840696,2.017025,2.170362,1.970108,3.184419,2.643329,2.662112,2.763572,2.474809,2.71108,2.693239,2.70115,FALSE,FALSE,FALSE,FALSE,FALSE,FALSE,FALSE,FALSE,FALSE,FALSE,FALSE,FALSE,FALSE,FALSE,FALSE,FALSE,FALSE,FALSE,FALSE,FALSE,FALSE,FALSE,FALSE,FALSE,FALSE,FALSE,FALSE,FALSE,FALSE,FALSE,FALSE,FALSE,FALSE,FALSE,FALSE,FALSE,FALSE,FALSE,FALSE,FALSE,FALSE,-26.325,0,26.525,FALSE,FALSE,FALSE,1.186894,1.087515,1.201603,FALSE,FALSE,FALSE,0,0,0,FALSE,FALSE,FALSE,1.168229,FALSE,13.63,FALSE,24.5,FALSE
2026-01-23 09:57:20,377,12,93,192,310,279,167,177,185,242,300,243,288,238,183,187,246,300,279,672,388,355,475,283,246,494,518,591,443,271,492,510,482,518,353,397,351,261,216,520,325,FALSE,FALSE,FALSE,FALSE,FALSE,FALSE,FALSE,FALSE,FALSE,FALSE,FALSE,FALSE,FALSE,FALSE,FALSE,FALSE,FALSE,FALSE,FALSE,FALSE,FALSE,FALSE,FALSE,FALSE,FALSE,FALSE,FALSE,FALSE,FALSE,FALSE,FALSE,FALSE,FALSE,FALSE,FALSE,FALSE,FALSE,FALSE,FALSE,FALSE,FALSE,2.028309,3.117363,3.134206,2.93522,2.693039,2.6107,2.631495,2.730186,2.515645,2.746747,2.928801,3.139111,3.01138,3.024891,3.173118,3.267533,3.404599,3.390019,3.516313,2.850379,2.870113,2.81994,2.250423,2.584862,2.514246,2.362865,2.278092,2.60879,2.523706,2.39746,2.496651,2.742496,2.650788,3.078048,2.808937,2.891558,2.953898,2.938953,3.06356,3.22935,3.24749,FALSE,FALSE,FALSE,FALSE,FALSE,FALSE,FALSE,FALSE,FALSE,FALSE,FALSE,FALSE,FALSE,FALSE,FALSE,FALSE,FALSE,FALSE,FALSE,FALSE,FALSE,FALSE,FALSE,FALSE,FALSE,FALSE,FALSE,FALSE,FALSE,FALSE,FALSE,FALSE,FALSE,FALSE,FALSE,FALSE,FALSE,FALSE,FALSE,FALSE,FALSE,-26.4,0,26.125,FALSE,FALSE,FALSE,1.194307,1.099972,1.21659,FALSE,FALSE,FALSE,0,0,0,FALSE,FALSE,FALSE,1.168039,FALSE,11.93,FALSE,27.75,FALSE
2026-01-22 08:27:52,377,12,93,192,310,279,167,177,185,242,300,243,288,238,183,187,246,300,279,672,388,355,475,283,246,494,518,591,443,271,492,510,482,518,353,397,351,261,216,520,325,FALSE,FALSE,FALSE,FALSE,FALSE,FALSE,FALSE,FALSE,FALSE,FALSE,FALSE,FALSE,FALSE,FALSE,FALSE,FALSE,FALSE,FALSE,FALSE,FALSE,FALSE,FALSE,FALSE,FALSE,FALSE,FALSE,FALSE,FALSE,FALSE,FALSE,FALSE,FALSE,FALSE,FALSE,FALSE,FALSE,FALSE,FALSE,FALSE,FALSE,FALSE,2.150233,2.855172,2.892117,2.66805,2.34909,2.26219,2.300362,2.446062,2.140178,2.467663,2.664935,2.860348,2.665262,2.621341,2.840315,2.931069,3.021568,3.07051,3.237647,1.978428,1.944557,1.89894,1.569599,1.717151,1.781817,1.593581,1.70671,1.861962,1.868309,1.726483,1.898425,2.062514,1.90915,2.9607,2.464603,2.451849,2.517705,2.261516,2.439981,2.475462,2.429401,FALSE,FALSE,FALSE,FALSE,FALSE,FALSE,FALSE,FALSE,FALSE,FALSE,FALSE,FALSE,FALSE,FALSE,FALSE,FALSE,FALSE,FALSE,FALSE,FALSE,FALSE,FALSE,FALSE,FALSE,FALSE,FALSE,FALSE,FALSE,FALSE,FALSE,FALSE,FALSE,FALSE,FALSE,FALSE,FALSE,FALSE,FALSE,FALSE,FALSE,FALSE,-26.375,0,26.575,FALSE,FALSE,FALSE,1.186875,1.083978,1.199693,FALSE,FALSE,FALSE,0,0,0,FALSE,FALSE,FALSE,1.165277,FALSE,11.65,FALSE,24.38,FALSE
2026-01-21 10:18:49,377,12,94,191,308,277,167,176,185,242,302,244,287,237,183,188,249,304,283,672,388,357,476,287,248,494,525,594,447,275,502,518,496,504,352,399,360,266,221,533,336,FALSE,FALSE,FALSE,FALSE,FALSE,FALSE,FALSE,FALSE,FALSE,FALSE,FALSE,FALSE,FALSE,FALSE,FALSE,FALSE,FALSE,FALSE,FALSE,FALSE,FALSE,FALSE,FALSE,FALSE,FALSE,FALSE,FALSE,FALSE,FALSE,FALSE,FALSE,FALSE,FALSE,FALSE,FALSE,FALSE,FALSE,FALSE,FALSE,FALSE,FALSE,2.75054,2.800287,3.238166,2.670168,2.304098,2.242699,2.247514,2.408537,2.102051,2.406435,2.580912,2.807041,2.611073,2.588357,2.825045,2.948685,3.019915,3.02852,3.217478,2.083979,2.023606,2.005683,1.774695,1.910272,1.969267,1.785813,1.885107,1.982051,2.015466,1.858016,1.980405,2.184563,1.964847,4.509058,4.12463,4.088599,4.135378,3.966687,4.007394,4.00505,3.919672,FALSE,FALSE,FALSE,FALSE,FALSE,FALSE,FALSE,FALSE,FALSE,FALSE,FALSE,FALSE,FALSE,FALSE,FALSE,FALSE,FALSE,FALSE,FALSE,FALSE,FALSE,FALSE,FALSE,FALSE,FALSE,FALSE,FALSE,FALSE,FALSE,FALSE,FALSE,FALSE,FALSE,FALSE,FALSE,FALSE,FALSE,FALSE,FALSE,FALSE,FALSE,-26.275,0,26.65,FALSE,FALSE,FALSE,1.184895,1.071651,1.196409,FALSE,FALSE,FALSE,0,0,0,FALSE,FALSE,FALSE,1.15365,FALSE,12.3,FALSE,23.5,FALSE
2026-01-20 08:32:57,377,12,94,191,308,277,167,176,185,242,302,244,287,237,183,188,249,304,283,672,388,357,476,287,248,494,525,594,447,275,502,518,496,504,352,399,360,266,221,533,336,FALSE,FALSE,FALSE,FALSE,FALSE,FALSE,FALSE,FALSE,FALSE,FALSE,FALSE,FALSE,FALSE,FALSE,FALSE,FALSE,FALSE,FALSE,FALSE,FALSE,FALSE,FALSE,FALSE,FALSE,FALSE,FALSE,FALSE,FALSE,FALSE,FALSE,FALSE,FALSE,FALSE,FALSE,FALSE,FALSE,FALSE,FALSE,FALSE,FALSE,FALSE,2.551125,2.911702,3.088444,2.788104,2.418912,2.362644,2.398759,2.544211,2.220099,2.551714,2.7489,3.00265,2.824031,2.741882,3.13795,3.402898,3.595243,3.685873,3.878763,2.033298,1.9529,1.960098,1.751152,1.827608,1.865608,1.687779,1.82396,2.029968,2.086281,2.010867,2.221098,2.410946,2.216231,3.718962,3.404963,3.59384,3.697894,3.604448,3.678059,3.644101,3.699765,FALSE,FALSE,FALSE,FALSE,FALSE,FALSE,FALSE,FALSE,FALSE,FALSE,FALSE,FALSE,FALSE,FALSE,FALSE,FALSE,FALSE,FALSE,FALSE,FALSE,FALSE,FALSE,FALSE,FALSE,FALSE,FALSE,FALSE,FALSE,FALSE,FALSE,FALSE,FALSE,FALSE,FALSE,FALSE,FALSE,FALSE,FALSE,FALSE,FALSE,FALSE,-26.35,0,26.625,FALSE,FALSE,FALSE,1.184682,1.075859,1.1971,FALSE,FALSE,FALSE,0,0,0,FALSE,FALSE,FALSE,1.15767,FALSE,12.69,FALSE,23.88,FALSE
2026-01-19 08:17:19,377,12,93,192,307,279,167,177,185,243,301,244,287,239,181,185,243,297,275,676,389,358,481,288,247,498,519,588,438,270,490,506,484,544,359,396,352,260,215,519,324,FALSE,FALSE,FALSE,FALSE,FALSE,FALSE,FALSE,FALSE,FALSE,FALSE,FALSE,FALSE,FALSE,FALSE,FALSE,FALSE,FALSE,FALSE,FALSE,FALSE,FALSE,FALSE,FALSE,FALSE,FALSE,FALSE,FALSE,FALSE,FALSE,FALSE,FALSE,FALSE,FALSE,FALSE,FALSE,FALSE,FALSE,FALSE,FALSE,FALSE,FALSE,2.870602,2.886407,3.334976,2.743367,2.363732,2.30728,2.349748,2.492095,2.171211,2.483784,2.681277,2.893584,2.692974,2.675206,2.903677,3.032652,3.076475,3.100099,3.279506,2.143134,2.063512,2.040606,1.803348,1.913441,1.956119,1.781995,1.891403,1.965677,2.014556,1.867565,2.059285,2.163888,1.974738,3.878702,3.587127,3.57058,3.569714,3.397232,3.465293,3.456765,3.382491,FALSE,FALSE,FALSE,FALSE,FALSE,FALSE,FALSE,FALSE,FALSE,FALSE,FALSE,FALSE,FALSE,FALSE,FALSE,FALSE,FALSE,FALSE,FALSE,FALSE,FALSE,FALSE,FALSE,FALSE,FALSE,FALSE,FALSE,FALSE,FALSE,FALSE,FALSE,FALSE,FALSE,FALSE,FALSE,FALSE,FALSE,FALSE,FALSE,FALSE,FALSE,-26.325,0,26.625,FALSE,FALSE,FALSE,1.183235,1.075964,1.196277,FALSE,FALSE,FALSE,0,0,0,FALSE,FALSE,FALSE,1.156635,FALSE,13,FALSE,23.75,FALSE
2026-01-16 08:43:43,377,12,93,192,307,279,167,177,185,243,301,244,287,239,181,185,243,297,275,676,389,358,481,288,247,498,519,588,438,270,490,506,484,544,359,396,352,260,215,519,324,FALSE,FALSE,FALSE,FALSE,FALSE,FALSE,FALSE,FALSE,FALSE,FALSE,FALSE,FALSE,FALSE,FALSE,FALSE,FALSE,FALSE,FALSE,FALSE,FALSE,FALSE,FALSE,FALSE,FALSE,FALSE,FALSE,FALSE,FALSE,FALSE,FALSE,FALSE,FALSE,FALSE,FALSE,FALSE,FALSE,FALSE,FALSE,FALSE,FALSE,FALSE,2.4925,3.020202,3.129765,2.873971,2.467631,2.411784,2.469694,2.611313,2.214074,2.597211,2.821347,2.998271,2.812214,2.813547,3.072747,3.153757,3.24104,3.305133,3.484526,2.111297,2.045324,1.996046,1.707963,1.811204,1.852331,1.708558,1.81704,1.934263,1.964934,1.821465,1.984707,2.176948,1.989665,3.639209,3.243423,3.190681,3.262696,2.983902,3.11934,3.13745,3.034227,FALSE,FALSE,FALSE,FALSE,FALSE,FALSE,FALSE,FALSE,FALSE,FALSE,FALSE,FALSE,FALSE,FALSE,FALSE,FALSE,FALSE,FALSE,FALSE,FALSE,FALSE,FALSE,FALSE,FALSE,FALSE,FALSE,FALSE,FALSE,FALSE,FALSE,FALSE,FALSE,FALSE,FALSE,FALSE,FALSE,FALSE,FALSE,FALSE,FALSE,FALSE,-26.35,0,26.575,FALSE,FALSE,FALSE,1.185972,1.077923,1.199009,FALSE,FALSE,FALSE,0,0,0,FALSE,FALSE,FALSE,1.160039,FALSE,13.1,FALSE,23.88,FALSE
2026-01-15 08:44:28,377,12,93,192,307,279,167,177,185,243,301,244,287,239,181,185,243,297,275,676,389,358,481,288,247,498,519,588,438,270,490,506,484,544,359,396,352,260,215,519,324,FALSE,FALSE,FALSE,FALSE,FALSE,FALSE,FALSE,FALSE,FALSE,FALSE,FALSE,FALSE,FALSE,FALSE,FALSE,FALSE,FALSE,FALSE,FALSE,FALSE,FALSE,FALSE,FALSE,FALSE,FALSE,FALSE,FALSE,FALSE,FALSE,FALSE,FALSE,FALSE,FALSE,FALSE,FALSE,FALSE,FALSE,FALSE,FALSE,FALSE,FALSE,2.539789,2.915221,3.111502,2.790044,2.391979,2.329899,2.381953,2.526384,2.17151,2.521381,2.72426,2.973045,2.83807,2.755079,3.016998,3.099335,3.1773,3.226218,3.345679,2.083955,1.990445,1.938663,1.670831,1.767819,1.830375,1.681825,1.81762,1.879412,1.919787,1.789036,1.931948,2.144542,1.984867,3.730785,3.242905,3.18443,3.241387,2.993444,3.136371,3.079599,3.064688,FALSE,FALSE,FALSE,FALSE,FALSE,FALSE,FALSE,FALSE,FALSE,FALSE,FALSE,FALSE,FALSE,FALSE,FALSE,FALSE,FALSE,FALSE,FALSE,FALSE,FALSE,FALSE,FALSE,FALSE,FALSE,FALSE,FALSE,FALSE,FALSE,FALSE,FALSE,FALSE,FALSE,FALSE,FALSE,FALSE,FALSE,FALSE,FALSE,FALSE,FALSE,-26.325,0,26.625,FALSE,FALSE,FALSE,1.18536,1.078102,1.199196,FALSE,FALSE,FALSE,0,0,0,FALSE,FALSE,FALSE,1.15968,FALSE,12.4,FALSE,23.88,FALSE
2026-01-14 08:49:50,377,12,91,192,306,277,167,177,184,241,302,243,285,237,181,187,248,304,280,667,384,352,470,283,247,491,522,581,437,270,492,508,481,520,354,395,353,261,216,520,327,FALSE,FALSE,FALSE,FALSE,FALSE,FALSE,FALSE,FALSE,FALSE,FALSE,FALSE,FALSE,FALSE,FALSE,FALSE,FALSE,FALSE,FALSE,FALSE,FALSE,FALSE,FALSE,FALSE,FALSE,FALSE,FALSE,FALSE,FALSE,FALSE,FALSE,FALSE,FALSE,FALSE,FALSE,FALSE,FALSE,FALSE,FALSE,FALSE,FALSE,FALSE,2.354655,3.081646,3.008021,2.986606,2.699561,2.591116,2.613158,2.724448,2.473093,2.735616,2.952438,3.16633,3.020525,2.991025,3.195048,3.278003,3.37553,3.422717,3.578134,2.009826,1.987021,1.947585,1.636852,1.772906,1.808149,1.678222,1.776942,1.9461,1.983972,1.913989,2.0677,2.299945,2.145733,3.091305,2.643298,2.7302,2.877267,2.607599,2.806025,2.808026,2.95298,FALSE,FALSE,FALSE,FALSE,FALSE,FALSE,FALSE,FALSE,FALSE,FALSE,FALSE,FALSE,FALSE,FALSE,FALSE,FALSE,FALSE,FALSE,FALSE,FALSE,FALSE,FALSE,FALSE,FALSE,FALSE,FALSE,FALSE,FALSE,FALSE,FALSE,FALSE,FALSE,FALSE,FALSE,FALSE,FALSE,FALSE,FALSE,FALSE,FALSE,FALSE,-26.325,0,26.525,FALSE,FALSE,FALSE,1.188672,1.085731,1.202491,FALSE,FALSE,FALSE,0,0,0,FALSE,FALSE,FALSE,1.166645,FALSE,13.05,FALSE,24.38,FALSE
2026-01-13 08:49:52,377,12,91,192,306,277,167,177,184,241,302,243,285,237,181,187,248,304,280,667,384,352,470,283,247,491,522,581,437,270,492,508,481,520,354,395,353,261,216,520,327,FALSE,FALSE,FALSE,FALSE,FALSE,FALSE,FALSE,FALSE,FALSE,FALSE,FALSE,FALSE,FALSE,FALSE,FALSE,FALSE,FALSE,FALSE,FALSE,FALSE,FALSE,FALSE,FALSE,FALSE,FALSE,FALSE,FALSE,FALSE,FALSE,FALSE,FALSE,FALSE,FALSE,FALSE,FALSE,FALSE,FALSE,FALSE,FALSE,FALSE,FALSE,2.335989,3.139814,2.94106,3.064052,2.721449,2.663041,2.693289,2.793037,2.534381,2.810797,3.028361,3.296552,3.094653,3.09373,3.254112,3.385319,3.48321,3.545346,3.73999,2.110919,2.034756,1.974437,1.667129,1.808395,1.837126,1.667142,1.807774,2.078197,2.209052,2.153218,2.321609,2.576972,2.534681,3.05801,2.607185,2.764545,2.974789,2.830676,2.980347,3.09415,3.386657,FALSE,FALSE,FALSE,FALSE,FALSE,FALSE,FALSE,FALSE,FALSE,FALSE,FALSE,FALSE,FALSE,FALSE,FALSE,FALSE,FALSE,FALSE,FALSE,FALSE,FALSE,FALSE,FALSE,FALSE,FALSE,FALSE,FALSE,FALSE,FALSE,FALSE,FALSE,FALSE,FALSE,FALSE,FALSE,FALSE,FALSE,FALSE,FALSE,FALSE,FALSE,-26.225,0,26.325,FALSE,FALSE,FALSE,1.189436,1.090473,1.205084,FALSE,FALSE,FALSE,0,0,0,FALSE,FALSE,FALSE,1.170979,FALSE,13.52,FALSE,24.75,FALSE
2026-01-12 10:21:33,377,12,89,191,306,276,166,175,181,240,295,242,285,238,189,199,264,324,303,656,376,348,466,279,244,492,513,596,458,281,514,536,512,542,375,428,382,286,237,577,362,FALSE,FALSE,FALSE,FALSE,FALSE,FALSE,FALSE,FALSE,FALSE,FALSE,FALSE,FALSE,FALSE,FALSE,FALSE,FALSE,FALSE,FALSE,FALSE,FALSE,FALSE,FALSE,FALSE,FALSE,FALSE,FALSE,FALSE,FALSE,FALSE,FALSE,FALSE,FALSE,FALSE,FALSE,FALSE,FALSE,FALSE,FALSE,FALSE,FALSE,FALSE,2.350488,3.372366,3.583688,3.461181,3.219789,3.094671,3.110059,3.254377,3.019855,3.290271,3.554587,3.813858,3.607597,3.541833,4.031108,5.027382,5.522542,5.839996,6.205254,3.451623,3.528203,3.522191,3.115442,3.318565,3.219131,3.027904,2.763287,3.705202,4.243745,4.479659,4.778604,5.197243,5.459335,3.191248,3.330912,4.783301,5.582572,6.021176,6.01002,6.366588,6.699047,FALSE,FALSE,FALSE,FALSE,FALSE,FALSE,FALSE,FALSE,FALSE,FALSE,FALSE,FALSE,FALSE,FALSE,FALSE,FALSE,FALSE,FALSE,TRUE,FALSE,FALSE,FALSE,FALSE,FALSE,FALSE,FALSE,FALSE,FALSE,FALSE,FALSE,FALSE,FALSE,FALSE,FALSE,FALSE,FALSE,FALSE,TRUE,TRUE,TRUE,TRUE,-26.425,0,26.075,FALSE,FALSE,FALSE,1.19543,1.091876,1.218641,FALSE,FALSE,FALSE,0,0,0,FALSE,FALSE,FALSE,1.150041,FALSE,12.97,FALSE,28.5,FALSE
2026-01-09 08:55:57,377,12,94,190,306,276,166,176,184,241,299,242,287,236,182,188,250,304,285,683,394,358,478,288,249,503,523,597,447,276,504,521,498,534,363,405,364,270,223,542,341,FALSE,FALSE,FALSE,FALSE,FALSE,FALSE,FALSE,FALSE,FALSE,FALSE,FALSE,FALSE,FALSE,FALSE,FALSE,FALSE,FALSE,FALSE,FALSE,FALSE,FALSE,FALSE,FALSE,FALSE,FALSE,FALSE,FALSE,FALSE,FALSE,FALSE,FALSE,FALSE,FALSE,FALSE,FALSE,FALSE,FALSE,FALSE,FALSE,FALSE,FALSE,2.748772,3.070226,3.290689,2.835077,2.461697,2.39159,2.429789,2.59466,2.276975,2.592559,2.795399,3.027322,2.828892,2.794829,2.96013,3.022095,3.07557,3.112254,3.301495,2.122957,2.045817,2.030731,1.783038,1.919824,1.976035,1.811625,1.914444,2.043204,2.091516,1.98328,2.168639,2.330363,2.124412,3.985569,3.572293,3.557189,3.585574,3.470749,3.486928,3.530038,3.452294,FALSE,FALSE,FALSE,FALSE,FALSE,FALSE,FALSE,FALSE,FALSE,FALSE,FALSE,FALSE,FALSE,FALSE,FALSE,FALSE,FALSE,FALSE,FALSE,FALSE,FALSE,FALSE,FALSE,FALSE,FALSE,FALSE,FALSE,FALSE,FALSE,FALSE,FALSE,FALSE,FALSE,FALSE,FALSE,FALSE,FALSE,FALSE,FALSE,FALSE,FALSE,-26.3,0,26.525,FALSE,FALSE,FALSE,1.185269,1.078926,1.199827,FALSE,FALSE,FALSE,0,0,0,FALSE,FALSE,FALSE,1.16054,FALSE,13.29,FALSE,23.75,FALSE
2026-01-08 09:02:17,377,12,90,190,307,275,166,175,183,240,299,244,288,238,182,185,244,298,275,661,379,349,468,282,245,488,508,571,430,265,483,497,473,518,349,387,346,257,211,513,318,FALSE,FALSE,FALSE,FALSE,FALSE,FALSE,FALSE,FALSE,FALSE,FALSE,FALSE,FALSE,FALSE,FALSE,FALSE,FALSE,FALSE,FALSE,FALSE,FALSE,FALSE,FALSE,FALSE,FALSE,FALSE,FALSE,FALSE,FALSE,FALSE,FALSE,FALSE,FALSE,FALSE,FALSE,FALSE,FALSE,FALSE,FALSE,FALSE,FALSE,FALSE,2.794569,2.903168,3.294211,2.838598,2.526985,2.406819,2.426148,2.56501,2.289559,2.551961,2.758448,2.985461,2.849489,2.823559,3.041627,3.135991,3.246681,3.287412,3.480845,2.122779,2.075867,2.036241,1.802342,1.930379,1.970007,1.780056,1.910557,1.973961,2.02964,1.852135,2.007784,2.21498,2.00603,4.035716,3.747957,3.677135,3.701609,3.502088,3.5916,3.577014,3.500246,FALSE,FALSE,FALSE,FALSE,FALSE,FALSE,FALSE,FALSE,FALSE,FALSE,FALSE,FALSE,FALSE,FALSE,FALSE,FALSE,FALSE,FALSE,FALSE,FALSE,FALSE,FALSE,FALSE,FALSE,FALSE,FALSE,FALSE,FALSE,FALSE,FALSE,FALSE,FALSE,FALSE,FALSE,FALSE,FALSE,FALSE,FALSE,FALSE,FALSE,FALSE,-26.275,0,26.55,FALSE,FALSE,FALSE,1.184438,1.078382,1.198704,FALSE,FALSE,FALSE,0,0,0,FALSE,FALSE,FALSE,1.15963,FALSE,13.3,FALSE,23.62,FALSE
2026-01-07 09:18:05,377,12,90,190,307,275,166,175,183,240,299,244,288,238,182,185,244,298,275,661,379,349,468,282,245,488,508,571,430,265,483,497,473,518,349,387,346,257,211,513,318,FALSE,FALSE,FALSE,FALSE,FALSE,FALSE,FALSE,FALSE,FALSE,FALSE,FALSE,FALSE,FALSE,FALSE,FALSE,FALSE,FALSE,FALSE,FALSE,FALSE,FALSE,FALSE,FALSE,FALSE,FALSE,FALSE,FALSE,FALSE,FALSE,FALSE,FALSE,FALSE,FALSE,FALSE,FALSE,FALSE,FALSE,FALSE,FALSE,FALSE,FALSE,2.824876,2.929845,3.284794,2.846699,2.427248,2.390735,2.412642,2.591954,2.227911,2.568044,2.775475,2.979023,2.732074,2.758874,3.007631,3.19006,3.283833,3.324396,3.509035,2.133109,2.032001,1.991549,1.808816,1.894274,1.939895,1.77584,1.938976,2.005741,2.040935,1.933214,2.1076,2.253855,2.038887,3.859044,3.546287,3.573038,3.586671,3.428102,3.501873,3.498514,3.443604,FALSE,FALSE,FALSE,FALSE,FALSE,FALSE,FALSE,FALSE,FALSE,FALSE,FALSE,FALSE,FALSE,FALSE,FALSE,FALSE,FALSE,FALSE,FALSE,FALSE,FALSE,FALSE,FALSE,FALSE,FALSE,FALSE,FALSE,FALSE,FALSE,FALSE,FALSE,FALSE,FALSE,FALSE,FALSE,FALSE,FALSE,FALSE,FALSE,FALSE,FALSE,-26.375,0,26.65,FALSE,FALSE,FALSE,1.182386,1.079949,1.197725,FALSE,FALSE,FALSE,0,0,0,FALSE,FALSE,FALSE,1.160382,FALSE,12.98,FALSE,23.75,FALSE
2026-01-06 09:17:44,377,12,90,190,307,275,166,175,183,240,299,244,288,238,182,185,244,298,275,661,379,349,468,282,245,488,508,571,430,265,483,497,473,518,349,387,346,257,211,513,318,FALSE,FALSE,FALSE,FALSE,FALSE,FALSE,FALSE,FALSE,FALSE,FALSE,FALSE,FALSE,FALSE,FALSE,FALSE,FALSE,FALSE,FALSE,FALSE,FALSE,FALSE,FALSE,FALSE,FALSE,FALSE,FALSE,FALSE,FALSE,FALSE,FALSE,FALSE,FALSE,FALSE,FALSE,FALSE,FALSE,FALSE,FALSE,FALSE,FALSE,FALSE,2.242283,3.082115,2.983275,2.907035,2.514006,2.478867,2.509379,2.668675,2.308099,2.674007,2.897805,3.134162,2.926303,2.895311,3.112547,3.247939,3.324274,3.36104,3.511875,2.098396,2.069,2.010533,1.651197,1.832028,1.849683,1.659716,1.755022,1.958379,1.969462,1.795865,2.001467,2.175327,1.985385,2.957866,2.459737,2.461035,2.570229,2.257688,2.573487,2.548491,2.607596,FALSE,FALSE,FALSE,FALSE,FALSE,FALSE,FALSE,FALSE,FALSE,FALSE,FALSE,FALSE,FALSE,FALSE,FALSE,FALSE,FALSE,FALSE,FALSE,FALSE,FALSE,FALSE,FALSE,FALSE,FALSE,FALSE,FALSE,FALSE,FALSE,FALSE,FALSE,FALSE,FALSE,FALSE,FALSE,FALSE,FALSE,FALSE,FALSE,FALSE,FALSE,-26.425,0,26.45,FALSE,FALSE,FALSE,1.18809,1.095782,1.204909,FALSE,FALSE,FALSE,0,0,0,FALSE,FALSE,FALSE,1.173847,FALSE,13.19,FALSE,25,FALSE
2025-12-18 10:07:12,377,12,90,190,305,276,166,176,183,242,299,244,289,237,184,188,248,303,281,657,380,349,462,280,244,485,509,586,437,266,483,505,480,510,350,391,347,258,214,515,323,FALSE,FALSE,FALSE,FALSE,FALSE,FALSE,FALSE,FALSE,FALSE,FALSE,FALSE,FALSE,FALSE,FALSE,FALSE,FALSE,FALSE,FALSE,FALSE,FALSE,FALSE,FALSE,FALSE,FALSE,FALSE,FALSE,FALSE,FALSE,FALSE,FALSE,FALSE,FALSE,FALSE,FALSE,FALSE,FALSE,FALSE,FALSE,FALSE,FALSE,FALSE,1.921885,2.944445,2.84983,2.878427,2.520368,2.483582,2.498161,2.63782,2.31252,2.646724,2.834788,3.014099,2.832147,2.833459,3.057838,3.162156,3.263777,3.288894,3.493421,2.116306,2.050438,2.021482,1.627086,1.830707,1.849432,1.677885,1.742929,1.957899,1.974372,1.801266,1.983962,2.157464,2.031291,2.68167,2.2454,2.266358,2.376133,2.118804,2.357564,2.361324,2.38022,FALSE,FALSE,FALSE,FALSE,FALSE,FALSE,FALSE,FALSE,FALSE,FALSE,FALSE,FALSE,FALSE,FALSE,FALSE,FALSE,FALSE,FALSE,FALSE,FALSE,FALSE,FALSE,FALSE,FALSE,FALSE,FALSE,FALSE,FALSE,FALSE,FALSE,FALSE,FALSE,FALSE,FALSE,FALSE,FALSE,FALSE,FALSE,FALSE,FALSE,FALSE,-26.4,0,26.425,FALSE,FALSE,FALSE,1.18868,1.091498,1.204411,FALSE,FALSE,FALSE,0,0,0,FALSE,FALSE,FALSE,1.17232,FALSE,0.13,FALSE,25,FALSE
2025-12-17 10:27:06,377,12,91,190,306,276,166,176,183,241,302,246,287,238,182,188,249,308,283,657,382,349,466,281,244,492,517,583,440,269,489,509,481,512,351,391,350,257,214,512,321,FALSE,FALSE,FALSE,FALSE,FALSE,FALSE,FALSE,FALSE,FALSE,FALSE,FALSE,FALSE,FALSE,FALSE,FALSE,FALSE,FALSE,FALSE,FALSE,FALSE,FALSE,FALSE,FALSE,FALSE,FALSE,FALSE,FALSE,FALSE,FALSE,FALSE,FALSE,FALSE,FALSE,FALSE,FALSE,FALSE,FALSE,FALSE,FALSE,FALSE,FALSE,1.937309,3.071354,2.811249,2.905346,2.563838,2.505527,2.529127,2.653412,2.386283,2.681568,2.883466,3.067744,2.899095,2.912722,3.098386,3.162659,3.243062,3.257227,3.428129,2.104017,2.029194,1.994881,1.598831,1.818631,1.831552,1.659661,1.726216,1.96973,2.044834,1.923197,2.089215,2.292822,2.269058,2.635186,2.255604,2.385601,2.507253,2.285361,2.536657,2.558545,2.758159,FALSE,FALSE,FALSE,FALSE,FALSE,FALSE,FALSE,FALSE,FALSE,FALSE,FALSE,FALSE,FALSE,FALSE,FALSE,FALSE,FALSE,FALSE,FALSE,FALSE,FALSE,FALSE,FALSE,FALSE,FALSE,FALSE,FALSE,FALSE,FALSE,FALSE,FALSE,FALSE,FALSE,FALSE,FALSE,FALSE,FALSE,FALSE,FALSE,FALSE,FALSE,-26.425,0,26.425,FALSE,FALSE,FALSE,1.189143,1.09146,1.205506,FALSE,FALSE,FALSE,0,0,0,FALSE,FALSE,FALSE,1.172274,FALSE,11.49,FALSE,25,FALSE
2025-12-17 10:10:37,377,12,93,192,307,276,166,176,183,238,295,243,288,238,192,205,276,341,318,666,387,352,461,281,245,496,528,625,479,297,542,569,540,526,372,446,400,302,250,601,383,FALSE,FALSE,FALSE,FALSE,FALSE,FALSE,FALSE,FALSE,FALSE,FALSE,FALSE,FALSE,FALSE,FALSE,FALSE,FALSE,FALSE,FALSE,FALSE,FALSE,FALSE,FALSE,FALSE,FALSE,FALSE,FALSE,FALSE,FALSE,FALSE,FALSE,FALSE,FALSE,FALSE,FALSE,FALSE,FALSE,FALSE,FALSE,FALSE,FALSE,FALSE,2.483571,2.808781,3.097156,2.696467,2.394908,2.321126,2.396765,2.558119,2.278479,2.749362,3.265071,2.996467,2.69099,2.777346,4.773835,7.095777,7.879326,8.463039,8.857018,2.329499,2.420489,2.825944,2.827313,2.51849,2.196114,1.810699,2.099511,4.051186,5.42836,5.997303,6.635161,7.077032,7.072841,4.389398,5.215318,8.189004,9.465181,9.884824,9.908026,10.29077,10.67174,FALSE,FALSE,FALSE,FALSE,FALSE,FALSE,FALSE,FALSE,FALSE,FALSE,FALSE,FALSE,FALSE,FALSE,FALSE,TRUE,TRUE,TRUE,TRUE,FALSE,FALSE,FALSE,FALSE,FALSE,FALSE,FALSE,FALSE,FALSE,FALSE,FALSE,TRUE,TRUE,TRUE,FALSE,FALSE,TRUE,TRUE,TRUE,TRUE,TRUE,TRUE,-26.325,0,26.55,FALSE,FALSE,FALSE,1.183205,1.073022,1.19812,FALSE,FALSE,FALSE,0,0,0,FALSE,FALSE,FALSE,1.156782,FALSE,11.65,FALSE,23.62,FALSE
2025-12-16 08:33:00,377,12,88,191,306,275,166,175,182,240,299,243,285,240,186,197,263,326,304,641,374,339,451,275,240,480,507,591,448,276,505,529,504,522,359,413,369,274,228,551,348,FALSE,FALSE,FALSE,FALSE,FALSE,FALSE,FALSE,FALSE,FALSE,FALSE,FALSE,FALSE,FALSE,FALSE,FALSE,FALSE,FALSE,FALSE,FALSE,FALSE,FALSE,FALSE,FALSE,FALSE,FALSE,FALSE,FALSE,FALSE,FALSE,FALSE,FALSE,FALSE,FALSE,FALSE,FALSE,FALSE,FALSE,FALSE,FALSE,FALSE,FALSE,2.490594,2.816901,3.100635,2.7441,2.430003,2.341277,2.400632,2.53208,2.306751,2.599127,2.935647,3.017215,2.83428,2.777184,3.434782,4.573041,4.932939,5.219006,5.479833,2.165001,2.061408,2.083048,1.986582,1.927848,1.903399,1.716487,1.942233,2.923337,3.651528,3.833396,4.166054,4.60617,4.551049,3.948284,4.163369,5.603428,6.287511,6.469006,6.521713,6.66341,6.823173,FALSE,FALSE,FALSE,FALSE,FALSE,FALSE,FALSE,FALSE,FALSE,FALSE,FALSE,FALSE,FALSE,FALSE,FALSE,FALSE,FALSE,FALSE,FALSE,FALSE,FALSE,FALSE,FALSE,FALSE,FALSE,FALSE,FALSE,FALSE,FALSE,FALSE,FALSE,FALSE,FALSE,FALSE,FALSE,FALSE,TRUE,TRUE,TRUE,TRUE,TRUE,-26.275,0,26.575,FALSE,FALSE,FALSE,1.183717,1.073061,1.197415,FALSE,FALSE,FALSE,0,0,0,FALSE,FALSE,FALSE,1.156406,FALSE,11.72,FALSE,23.75,FALSE
2025-12-15 09:27:07,377,12,88,191,306,275,166,175,182,240,299,243,285,240,186,197,263,326,304,641,374,339,451,275,240,480,507,591,448,276,505,529,504,522,359,413,369,274,228,551,348,FALSE,FALSE,FALSE,FALSE,FALSE,FALSE,FALSE,FALSE,FALSE,FALSE,FALSE,FALSE,FALSE,FALSE,FALSE,FALSE,FALSE,FALSE,FALSE,FALSE,FALSE,FALSE,FALSE,FALSE,FALSE,FALSE,FALSE,FALSE,FALSE,FALSE,FALSE,FALSE,FALSE,FALSE,FALSE,FALSE,FALSE,FALSE,FALSE,FALSE,FALSE,1.71531,2.893624,2.813839,2.726969,2.473902,2.379566,2.367353,2.468575,2.202031,2.440468,2.65219,2.901616,2.778377,2.793015,3.589742,4.759226,5.180772,5.5534,5.799599,2.228031,2.221617,2.182546,1.880658,2.028159,1.956347,1.782635,1.957077,2.943344,3.631248,4.015028,4.337085,4.668312,4.711546,3.059471,3.225836,4.720389,5.442395,5.797095,5.80871,6.155834,6.403907,FALSE,FALSE,FALSE,FALSE,FALSE,FALSE,FALSE,FALSE,FALSE,FALSE,FALSE,FALSE,FALSE,FALSE,FALSE,FALSE,FALSE,FALSE,FALSE,FALSE,FALSE,FALSE,FALSE,FALSE,FALSE,FALSE,FALSE,FALSE,FALSE,FALSE,FALSE,FALSE,FALSE,FALSE,FALSE,FALSE,FALSE,FALSE,FALSE,TRUE,TRUE,-26.425,0,26.275,FALSE,FALSE,FALSE,1.191692,1.099558,1.211942,FALSE,FALSE,FALSE,0,0,0,FALSE,FALSE,FALSE,1.175361,FALSE,10.9,FALSE,26,FALSE
2025-12-12 08:26:39,377,12,91,189,304,275,165,174,181,236,292,242,289,237,199,214,287,354,331,654,374,340,453,277,242,486,527,629,486,302,559,585,556,504,372,450,411,307,255,619,391,FALSE,FALSE,FALSE,FALSE,FALSE,FALSE,FALSE,FALSE,FALSE,FALSE,FALSE,FALSE,FALSE,FALSE,FALSE,FALSE,FALSE,FALSE,FALSE,FALSE,FALSE,FALSE,FALSE,FALSE,FALSE,FALSE,FALSE,FALSE,FALSE,FALSE,FALSE,FALSE,FALSE,FALSE,FALSE,FALSE,FALSE,FALSE,FALSE,FALSE,FALSE,1.718659,2.700574,2.939983,2.493981,2.154882,2.111283,2.146592,2.281116,1.983047,2.306445,2.659974,2.594517,2.3831,2.453973,3.985889,5.80707,6.340172,6.872542,7.112742,2.142884,2.183711,2.440172,2.314728,2.108893,1.942965,1.683635,1.859833,3.347802,4.337134,4.698984,5.27921,5.693685,5.630999,3.049023,3.544574,5.743381,6.669867,6.860218,6.904735,7.233646,7.372019,FALSE,FALSE,FALSE,FALSE,FALSE,FALSE,FALSE,FALSE,FALSE,FALSE,FALSE,FALSE,FALSE,FALSE,FALSE,FALSE,TRUE,TRUE,TRUE,FALSE,FALSE,FALSE,FALSE,FALSE,FALSE,FALSE,FALSE,FALSE,FALSE,FALSE,FALSE,FALSE,FALSE,FALSE,FALSE,FALSE,TRUE,TRUE,TRUE,TRUE,TRUE,-26.35,0,26.45,FALSE,FALSE,FALSE,1.187504,1.085675,1.203666,FALSE,FALSE,FALSE,0,0,0,FALSE,FALSE,FALSE,1.171126,FALSE,9.84,FALSE,24.62,FALSE
2025-12-11 09:17:10,377,12,90,190,307,277,166,176,183,240,300,244,287,240,183,188,248,304,282,658,380,349,469,282,245,487,511,579,438,268,488,507,482,518,352,393,347,259,214,516,323,FALSE,FALSE,FALSE,FALSE,FALSE,FALSE,FALSE,FALSE,FALSE,FALSE,FALSE,FALSE,FALSE,FALSE,FALSE,FALSE,FALSE,FALSE,FALSE,FALSE,FALSE,FALSE,FALSE,FALSE,FALSE,FALSE,FALSE,FALSE,FALSE,FALSE,FALSE,FALSE,FALSE,FALSE,FALSE,FALSE,FALSE,FALSE,FALSE,FALSE,FALSE,1.968235,2.77234,2.874953,2.686752,2.386839,2.297259,2.331609,2.423473,2.198344,2.413705,2.576162,2.746055,2.616506,2.645406,2.951171,3.196502,3.415243,3.523913,3.74791,2.034643,1.936664,1.894311,1.672679,1.751409,1.789233,1.665409,1.765604,2.020472,2.052685,2.080335,2.244153,2.384555,2.3436,2.754758,2.274838,2.30023,2.412533,2.321696,2.433909,2.466018,2.611917,FALSE,FALSE,FALSE,FALSE,FALSE,FALSE,FALSE,FALSE,FALSE,FALSE,FALSE,FALSE,FALSE,FALSE,FALSE,FALSE,FALSE,FALSE,FALSE,FALSE,FALSE,FALSE,FALSE,FALSE,FALSE,FALSE,FALSE,FALSE,FALSE,FALSE,FALSE,FALSE,FALSE,FALSE,FALSE,FALSE,FALSE,FALSE,FALSE,FALSE,FALSE,-26.275,0,26.375,FALSE,FALSE,FALSE,1.188242,1.085461,1.202888,FALSE,FALSE,FALSE,0,0,0,FALSE,FALSE,FALSE,1.167828,FALSE,10.76,FALSE,24.38,FALSE
2025-12-10 09:10:35,358,12,90,190,307,277,166,176,183,240,300,244,287,240,183,188,248,304,282,658,380,349,469,282,245,487,511,579,438,268,488,507,482,518,352,393,347,259,214,516,323,FALSE,FALSE,FALSE,FALSE,FALSE,FALSE,FALSE,FALSE,FALSE,FALSE,FALSE,FALSE,FALSE,FALSE,FALSE,FALSE,FALSE,FALSE,FALSE,FALSE,FALSE,FALSE,FALSE,FALSE,FALSE,FALSE,FALSE,FALSE,FALSE,FALSE,FALSE,FALSE,FALSE,FALSE,FALSE,FALSE,FALSE,FALSE,FALSE,FALSE,FALSE,1.697694,2.771283,2.828102,2.632108,2.413305,2.303148,2.316392,2.416531,2.229878,2.452582,2.632948,2.78592,2.662631,2.653393,2.821598,2.910028,3.084642,3.165816,3.328202,2.144755,2.09031,2.085348,1.677723,1.905097,1.895879,1.712846,1.743982,2.034138,2.042483,2.117409,2.267869,2.418647,2.367814,2.478691,2.208634,2.37808,2.485117,2.518875,2.562863,2.754447,2.825305,FALSE,FALSE,FALSE,FALSE,FALSE,FALSE,FALSE,FALSE,FALSE,FALSE,FALSE,FALSE,FALSE,FALSE,FALSE,FALSE,FALSE,FALSE,FALSE,FALSE,FALSE,FALSE,FALSE,FALSE,FALSE,FALSE,FALSE,FALSE,FALSE,FALSE,FALSE,FALSE,FALSE,FALSE,FALSE,FALSE,FALSE,FALSE,FALSE,FALSE,FALSE,-26.4,0,26.3,FALSE,FALSE,FALSE,1.191978,1.09644,1.210461,FALSE,FALSE,FALSE,0,0,0,FALSE,FALSE,FALSE,1.17527,FALSE,9.81,FALSE,25.62,FALSE
2025-12-09 10:14:37,358,12,90,190,307,277,166,176,183,240,300,244,287,240,183,188,248,304,282,658,380,349,469,282,245,487,511,579,438,268,488,507,482,518,352,393,347,259,214,516,323,FALSE,FALSE,FALSE,FALSE,FALSE,FALSE,FALSE,FALSE,FALSE,FALSE,FALSE,FALSE,FALSE,FALSE,FALSE,FALSE,FALSE,FALSE,FALSE,FALSE,FALSE,FALSE,FALSE,FALSE,FALSE,FALSE,FALSE,FALSE,FALSE,FALSE,FALSE,FALSE,FALSE,FALSE,FALSE,FALSE,FALSE,FALSE,FALSE,FALSE,FALSE,1.745955,3.003954,2.814383,2.709899,2.400554,2.376024,2.391599,2.458915,2.220964,2.492841,2.694812,2.852139,2.708508,2.69344,2.858955,2.945874,3.040236,3.038804,3.202657,2.238563,2.262273,2.217785,1.738531,2.030832,1.988231,1.810682,1.812174,2.0947,2.083385,1.974761,2.11161,2.28525,2.197443,2.683656,2.42357,2.446513,2.5432,2.471142,2.649957,2.776585,2.809333,FALSE,FALSE,FALSE,FALSE,FALSE,FALSE,FALSE,FALSE,FALSE,FALSE,FALSE,FALSE,FALSE,FALSE,FALSE,FALSE,FALSE,FALSE,FALSE,FALSE,FALSE,FALSE,FALSE,FALSE,FALSE,FALSE,FALSE,FALSE,FALSE,FALSE,FALSE,FALSE,FALSE,FALSE,FALSE,FALSE,FALSE,FALSE,FALSE,FALSE,FALSE,-26.35,0,26.125,FALSE,FALSE,FALSE,1.192561,1.101478,1.213438,FALSE,FALSE,FALSE,0,0,0,FALSE,FALSE,FALSE,1.175771,FALSE,10.89,FALSE,26.38,FALSE
2025-12-08 09:54:36,358,12,90,190,307,277,166,176,183,240,300,244,287,240,183,188,248,304,282,658,380,349,469,282,245,487,511,579,438,268,488,507,482,518,352,393,347,259,214,516,323,FALSE,FALSE,FALSE,FALSE,FALSE,FALSE,FALSE,FALSE,FALSE,FALSE,FALSE,FALSE,FALSE,FALSE,FALSE,FALSE,FALSE,FALSE,FALSE,FALSE,FALSE,FALSE,FALSE,FALSE,FALSE,FALSE,FALSE,FALSE,FALSE,FALSE,FALSE,FALSE,FALSE,FALSE,FALSE,FALSE,FALSE,FALSE,FALSE,FALSE,FALSE,2.038967,2.910284,2.859838,2.787013,2.499714,2.407291,2.42447,2.529787,2.297388,2.551048,2.764769,3.018048,2.844746,2.807961,3.021486,3.115309,3.181422,3.189878,3.331554,1.988631,1.920741,1.881037,1.579027,1.71467,1.760588,1.582878,1.690054,1.874635,1.947929,1.854307,2.05478,2.20322,2.176353,2.692488,2.255761,2.335438,2.452003,2.276551,2.444705,2.475723,2.687702,FALSE,FALSE,FALSE,FALSE,FALSE,FALSE,FALSE,FALSE,FALSE,FALSE,FALSE,FALSE,FALSE,FALSE,FALSE,FALSE,FALSE,FALSE,FALSE,FALSE,FALSE,FALSE,FALSE,FALSE,FALSE,FALSE,FALSE,FALSE,FALSE,FALSE,FALSE,FALSE,FALSE,FALSE,FALSE,FALSE,FALSE,FALSE,FALSE,FALSE,FALSE,-26.45,0,26.525,FALSE,FALSE,FALSE,1.187219,1.088926,1.202712,FALSE,FALSE,FALSE,0,0,0,FALSE,FALSE,FALSE,1.169086,FALSE,10.75,FALSE,24.75,FALSE
2025-12-05 09:38:38,358,13,84,204,316,280,166,174,180,235,292,239,280,229,174,185,244,316,410,661,376,339,452,272,236,471,479,551,433,262,476,511,636,456,308,381,345,255,211,514,449,FALSE,FALSE,FALSE,FALSE,FALSE,FALSE,FALSE,FALSE,FALSE,FALSE,FALSE,FALSE,FALSE,FALSE,FALSE,FALSE,FALSE,FALSE,FALSE,FALSE,FALSE,FALSE,FALSE,FALSE,FALSE,FALSE,FALSE,FALSE,FALSE,FALSE,FALSE,FALSE,FALSE,FALSE,FALSE,FALSE,FALSE,FALSE,FALSE,FALSE,FALSE,2.141717,5.089444,1.848172,2.869367,2.471163,2.452271,2.467985,2.539308,2.25981,2.519779,2.74755,3.11852,2.939303,3.070132,3.330519,3.688121,3.838681,4.71915,12.29467,2.556298,2.369239,2.36863,1.927101,2.23801,2.162512,1.906245,2.085591,2.384805,2.927945,2.955534,3.217682,4.436578,11.54755,3.324882,3.15303,3.270368,3.968953,3.948165,4.108623,5.93173,14.04597,FALSE,FALSE,FALSE,FALSE,FALSE,FALSE,FALSE,FALSE,FALSE,FALSE,FALSE,FALSE,FALSE,FALSE,FALSE,FALSE,FALSE,FALSE,TRUE,FALSE,FALSE,FALSE,FALSE,FALSE,FALSE,FALSE,FALSE,FALSE,FALSE,FALSE,FALSE,FALSE,TRUE,FALSE,FALSE,FALSE,FALSE,FALSE,FALSE,FALSE,TRUE,-26.4,0,26.15,FALSE,FALSE,FALSE,1.192667,1.100107,1.215205,FALSE,FALSE,FALSE,0,0,0,FALSE,FALSE,FALSE,1.175347,FALSE,12.09,FALSE,26.38,FALSE
2025-12-04 14:01:17,376,12,84,202,313,278,166,173,179,236,294,243,285,241,186,190,249,312,310,680,391,359,478,292,253,503,523,595,449,272,492,508,504,520,359,407,352,263,217,495,330,FALSE,FALSE,FALSE,FALSE,FALSE,FALSE,FALSE,FALSE,FALSE,FALSE,FALSE,FALSE,FALSE,FALSE,FALSE,FALSE,FALSE,FALSE,FALSE,FALSE,FALSE,FALSE,FALSE,FALSE,FALSE,FALSE,FALSE,FALSE,FALSE,FALSE,FALSE,FALSE,FALSE,FALSE,FALSE,FALSE,FALSE,FALSE,FALSE,FALSE,FALSE,3.561589,5.125128,3.486087,3.033588,2.667459,2.679603,2.702966,2.760214,2.504538,2.760468,2.967762,3.347828,3.132203,3.196317,3.394942,3.452414,3.529208,3.597597,4.211392,4.29419,4.284667,4.298793,3.663285,4.150818,3.973178,3.741287,3.580297,3.891769,3.869813,3.611695,3.733723,3.769888,3.965145,3.073205,2.947057,2.927608,2.965666,2.917639,3.032641,3.108693,3.105999,FALSE,FALSE,FALSE,FALSE,FALSE,FALSE,FALSE,FALSE,FALSE,FALSE,FALSE,FALSE,FALSE,FALSE,FALSE,FALSE,FALSE,FALSE,FALSE,FALSE,FALSE,FALSE,FALSE,FALSE,FALSE,FALSE,FALSE,FALSE,FALSE,FALSE,FALSE,FALSE,FALSE,FALSE,FALSE,FALSE,FALSE,FALSE,FALSE,FALSE,FALSE,-26.475,0,25.975,FALSE,FALSE,FALSE,1.19299,1.08366,1.218688,FALSE,FALSE,FALSE,0,0,0,FALSE,FALSE,FALSE,1.137011,FALSE,13.21,FALSE,29.62,FALSE
2025-12-04 08:34:30,357,12,90,204,317,281,166,175,181,237,292,240,282,228,175,182,240,310,399,673,387,348,463,280,243,474,489,566,439,266,484,515,639,432,307,372,339,252,209,510,442,FALSE,FALSE,FALSE,FALSE,FALSE,FALSE,FALSE,FALSE,FALSE,FALSE,FALSE,FALSE,FALSE,FALSE,FALSE,FALSE,FALSE,FALSE,FALSE,FALSE,FALSE,FALSE,FALSE,FALSE,FALSE,FALSE,FALSE,FALSE,FALSE,FALSE,FALSE,FALSE,FALSE,FALSE,FALSE,FALSE,FALSE,FALSE,FALSE,FALSE,FALSE,2.528999,4.98978,2.066542,2.869611,2.40053,2.364103,2.384575,2.419985,2.054126,2.302507,2.408822,2.797722,2.615722,2.574414,3.103186,3.979756,4.197266,5.161704,12.45667,2.216538,1.969465,2.280605,2.109053,2.181573,2.03867,1.92333,2.123204,1.920154,2.486242,2.576576,2.963129,4.017269,10.70193,4.417312,3.973287,2.868437,3.3746,3.303238,3.371485,4.858415,12.47994,FALSE,FALSE,FALSE,FALSE,FALSE,FALSE,FALSE,FALSE,FALSE,FALSE,FALSE,FALSE,FALSE,FALSE,FALSE,FALSE,FALSE,FALSE,TRUE,FALSE,FALSE,FALSE,FALSE,FALSE,FALSE,FALSE,FALSE,FALSE,FALSE,FALSE,FALSE,FALSE,TRUE,FALSE,FALSE,FALSE,FALSE,FALSE,FALSE,FALSE,TRUE,-26.4,0,26.625,FALSE,FALSE,FALSE,1.184341,1.076108,1.196738,FALSE,FALSE,FALSE,0,0,0,FALSE,FALSE,FALSE,1.158555,FALSE,12.29,FALSE,24.12,FALSE
2025-12-03 08:46:17,357,13,87,203,317,280,166,175,181,237,298,243,286,237,182,184,242,303,302,680,386,352,465,283,246,491,511,571,437,263,479,492,485,491,338,380,332,250,206,473,321,FALSE,FALSE,FALSE,FALSE,FALSE,FALSE,FALSE,FALSE,FALSE,FALSE,FALSE,FALSE,FALSE,FALSE,FALSE,FALSE,FALSE,FALSE,FALSE,FALSE,FALSE,FALSE,FALSE,FALSE,FALSE,FALSE,FALSE,FALSE,FALSE,FALSE,FALSE,FALSE,FALSE,FALSE,FALSE,FALSE,FALSE,FALSE,FALSE,FALSE,FALSE,2.347434,5.106276,1.877948,2.946717,2.445905,2.421248,2.507005,2.619789,2.2476,2.565535,2.789747,3.113606,2.838522,2.959204,3.188997,3.248311,3.264544,3.410806,4.197638,2.267587,2.049453,2.071439,1.431693,1.923079,1.845565,1.591507,1.841318,1.894817,2.051764,1.756644,2.03329,2.054569,2.31029,3.110028,2.729756,2.527475,2.675682,2.34994,2.593148,2.589302,3.131413,FALSE,FALSE,FALSE,FALSE,FALSE,FALSE,FALSE,FALSE,FALSE,FALSE,FALSE,FALSE,FALSE,FALSE,FALSE,FALSE,FALSE,FALSE,FALSE,FALSE,FALSE,FALSE,FALSE,FALSE,FALSE,FALSE,FALSE,FALSE,FALSE,FALSE,FALSE,FALSE,FALSE,FALSE,FALSE,FALSE,FALSE,FALSE,FALSE,FALSE,FALSE,-26.4,0,26.525,FALSE,FALSE,FALSE,1.186396,1.082998,1.203485,FALSE,FALSE,FALSE,0,0,0,FALSE,FALSE,FALSE,1.164806,FALSE,12.56,FALSE,24.62,FALSE
2025-12-02 08:18:27,357,12,86,200,312,278,165,172,179,235,295,240,281,237,182,183,242,301,301,678,384,349,463,281,242,484,510,574,430,261,478,490,486,492,337,378,331,249,205,471,321,FALSE,FALSE,FALSE,FALSE,FALSE,FALSE,FALSE,FALSE,FALSE,FALSE,FALSE,FALSE,FALSE,FALSE,FALSE,FALSE,FALSE,FALSE,FALSE,FALSE,FALSE,FALSE,FALSE,FALSE,FALSE,FALSE,FALSE,FALSE,FALSE,FALSE,FALSE,FALSE,FALSE,FALSE,FALSE,FALSE,FALSE,FALSE,FALSE,FALSE,FALSE,2.122869,4.924563,1.633714,2.803823,2.437971,2.37216,2.429468,2.473021,2.216708,2.454623,2.734513,3.018322,2.827567,2.937864,3.163365,3.163136,3.258692,3.29122,3.982166,2.281229,2.030455,2.086463,1.50535,1.915363,1.87242,1.637209,1.881134,1.903419,2.02524,1.796332,2.085134,2.08615,2.472423,2.825315,2.53514,2.296629,2.405067,2.197897,2.375804,2.440439,3.144665,FALSE,FALSE,FALSE,FALSE,FALSE,FALSE,FALSE,FALSE,FALSE,FALSE,FALSE,FALSE,FALSE,FALSE,FALSE,FALSE,FALSE,FALSE,FALSE,FALSE,FALSE,FALSE,FALSE,FALSE,FALSE,FALSE,FALSE,FALSE,FALSE,FALSE,FALSE,FALSE,FALSE,FALSE,FALSE,FALSE,FALSE,FALSE,FALSE,FALSE,FALSE,-26.45,0,26.475,FALSE,FALSE,FALSE,1.188889,1.088919,1.206614,FALSE,FALSE,FALSE,0,0,0,FALSE,FALSE,FALSE,1.169219,FALSE,12.4,FALSE,25.25,FALSE
2025-12-01 08:57:34,357,12,88,200,311,278,164,172,178,231,286,236,277,222,173,185,245,323,454,669,380,339,448,271,237,467,479,563,439,270,492,534,719,435,299,382,356,263,217,541,514,FALSE,FALSE,FALSE,FALSE,FALSE,FALSE,FALSE,FALSE,FALSE,FALSE,FALSE,FALSE,FALSE,FALSE,FALSE,FALSE,FALSE,FALSE,FALSE,FALSE,FALSE,FALSE,FALSE,FALSE,FALSE,FALSE,FALSE,FALSE,FALSE,FALSE,FALSE,FALSE,FALSE,FALSE,FALSE,FALSE,FALSE,FALSE,FALSE,FALSE,FALSE,2.728635,4.93334,2.162569,2.809545,2.333782,2.330328,2.450981,2.588134,2.224272,2.61013,3.018937,3.05244,2.697833,3.059011,3.582093,4.532525,4.732803,5.392171,10.43694,2.541457,2.446234,2.798406,2.348928,2.423388,2.195991,2.043404,2.143113,2.408956,3.087695,2.949321,3.365729,4.241372,8.981512,4.082816,3.535229,3.802453,4.350253,4.144256,4.31723,5.30284,10.88117,FALSE,FALSE,FALSE,FALSE,FALSE,FALSE,FALSE,FALSE,FALSE,FALSE,FALSE,FALSE,FALSE,FALSE,FALSE,FALSE,FALSE,FALSE,TRUE,FALSE,FALSE,FALSE,FALSE,FALSE,FALSE,FALSE,FALSE,FALSE,FALSE,FALSE,FALSE,FALSE,TRUE,FALSE,FALSE,FALSE,FALSE,FALSE,FALSE,FALSE,TRUE,-26.45,0,26.6,FALSE,FALSE,FALSE,1.185819,1.080486,1.199883,FALSE,FALSE,FALSE,0,0,0,FALSE,FALSE,FALSE,1.162881,FALSE,13.21,FALSE,24.25,FALSE
2025-11-29 12:16:20,357,12,85,201,312,279,165,173,180,235,295,241,282,235,180,182,240,302,327,663,377,348,457,277,240,475,494,556,424,257,469,486,511,479,325,375,333,246,202,475,344,FALSE,FALSE,FALSE,FALSE,FALSE,FALSE,FALSE,FALSE,FALSE,FALSE,FALSE,FALSE,FALSE,FALSE,FALSE,FALSE,FALSE,FALSE,FALSE,FALSE,FALSE,FALSE,FALSE,FALSE,FALSE,FALSE,FALSE,FALSE,FALSE,FALSE,FALSE,FALSE,FALSE,FALSE,FALSE,FALSE,FALSE,FALSE,FALSE,FALSE,FALSE,2.064001,4.922324,1.622773,2.83643,2.408156,2.402449,2.444752,2.517241,2.20968,2.50495,2.754737,3.101783,2.856187,3.027841,3.260456,3.26065,3.303238,3.34297,4.378758,2.310245,2.130868,2.140183,1.546949,1.967955,1.917648,1.667715,1.837834,1.964071,2.048528,1.775185,2.008847,2.134911,3.399873,2.836352,2.671584,2.363307,2.461308,2.277264,2.498307,2.541219,4.071409,FALSE,FALSE,FALSE,FALSE,FALSE,FALSE,FALSE,FALSE,FALSE,FALSE,FALSE,FALSE,FALSE,FALSE,FALSE,FALSE,FALSE,FALSE,FALSE,FALSE,FALSE,FALSE,FALSE,FALSE,FALSE,FALSE,FALSE,FALSE,FALSE,FALSE,FALSE,FALSE,FALSE,FALSE,FALSE,FALSE,FALSE,FALSE,FALSE,FALSE,FALSE,-26.75,0,26.65,FALSE,FALSE,FALSE,1.186665,1.093639,1.20432,FALSE,FALSE,FALSE,0,0,0,FALSE,FALSE,FALSE,1.171186,FALSE,11.24,FALSE,25.62,FALSE
2025-11-28 09:43:36,357,12,83,200,312,278,165,172,178,234,291,239,280,231,177,183,242,309,367,666,378,344,449,273,239,476,484,560,428,259,473,496,570,475,319,380,343,253,209,501,394,FALSE,FALSE,FALSE,FALSE,FALSE,FALSE,FALSE,FALSE,FALSE,FALSE,FALSE,FALSE,FALSE,FALSE,FALSE,FALSE,FALSE,FALSE,FALSE,FALSE,FALSE,FALSE,FALSE,FALSE,FALSE,FALSE,FALSE,FALSE,FALSE,FALSE,FALSE,FALSE,FALSE,FALSE,FALSE,FALSE,FALSE,FALSE,FALSE,FALSE,FALSE,2.326751,5.072123,2.235197,2.959617,2.57964,2.566352,2.610543,2.659194,2.412084,2.679118,3.017611,3.329483,3.156131,3.475425,3.613657,3.378066,3.430229,3.648916,10.98713,3.003355,2.933152,2.93331,2.446493,2.775103,2.655033,2.51366,2.681806,2.609814,2.669355,2.51187,2.742248,3.497047,10.49288,4.316833,4.261845,3.027563,3.151689,3.103113,3.302663,4.408186,12.29601,FALSE,FALSE,FALSE,FALSE,FALSE,FALSE,FALSE,FALSE,FALSE,FALSE,FALSE,FALSE,FALSE,FALSE,FALSE,FALSE,FALSE,FALSE,TRUE,FALSE,FALSE,FALSE,FALSE,FALSE,FALSE,FALSE,FALSE,FALSE,FALSE,FALSE,FALSE,FALSE,TRUE,FALSE,FALSE,FALSE,FALSE,FALSE,FALSE,FALSE,TRUE,-26.55,0,26.15,FALSE,FALSE,FALSE,1.192022,1.099415,1.215803,FALSE,FALSE,FALSE,0,0,0,FALSE,FALSE,FALSE,1.168155,FALSE,12.63,FALSE,27.25,FALSE
2025-11-27 08:58:49,357,12,87,201,313,277,165,173,180,235,293,240,282,237,181,183,241,299,305,679,383,349,463,280,243,486,509,570,430,261,475,487,491,483,336,380,332,249,205,474,325,FALSE,FALSE,FALSE,FALSE,FALSE,FALSE,FALSE,FALSE,FALSE,FALSE,FALSE,FALSE,FALSE,FALSE,FALSE,FALSE,FALSE,FALSE,FALSE,FALSE,FALSE,FALSE,FALSE,FALSE,FALSE,FALSE,FALSE,FALSE,FALSE,FALSE,FALSE,FALSE,FALSE,FALSE,FALSE,FALSE,FALSE,FALSE,FALSE,FALSE,FALSE,2.382169,4.831987,1.814584,2.636099,2.178922,2.182908,2.238517,2.318572,1.984723,2.294234,2.555752,2.803099,2.54975,2.695231,2.948582,2.964787,3.034595,3.092415,3.667462,2.179868,1.956134,2.004019,1.435647,1.85626,1.810665,1.548479,1.810214,1.816629,1.949476,1.684348,2.012162,2.04014,2.41313,2.792917,2.516034,2.323831,2.458342,2.178272,2.407229,2.446373,3.21083,FALSE,FALSE,FALSE,FALSE,FALSE,FALSE,FALSE,FALSE,FALSE,FALSE,FALSE,FALSE,FALSE,FALSE,FALSE,FALSE,FALSE,FALSE,FALSE,FALSE,FALSE,FALSE,FALSE,FALSE,FALSE,FALSE,FALSE,FALSE,FALSE,FALSE,FALSE,FALSE,FALSE,FALSE,FALSE,FALSE,FALSE,FALSE,FALSE,FALSE,FALSE,-26.525,0,26.475,FALSE,FALSE,FALSE,1.186893,1.091105,1.204753,FALSE,FALSE,FALSE,0,0,0,FALSE,FALSE,FALSE,1.170357,FALSE,12.78,FALSE,24.88,FALSE
2025-11-26 09:19:03,357,12,87,201,312,279,165,173,180,235,293,239,279,237,180,182,241,299,301,670,384,351,461,278,243,490,511,572,432,262,477,489,485,510,345,381,336,251,206,476,324,FALSE,FALSE,FALSE,FALSE,FALSE,FALSE,FALSE,FALSE,FALSE,FALSE,FALSE,FALSE,FALSE,FALSE,FALSE,FALSE,FALSE,FALSE,FALSE,FALSE,FALSE,FALSE,FALSE,FALSE,FALSE,FALSE,FALSE,FALSE,FALSE,FALSE,FALSE,FALSE,FALSE,FALSE,FALSE,FALSE,FALSE,FALSE,FALSE,FALSE,FALSE,2.466421,4.878867,1.89491,2.612442,2.179967,2.171787,2.239988,2.30023,1.963116,2.273605,2.486855,2.794285,2.515602,2.451429,2.680316,2.851301,2.879413,3.134786,5.832646,2.163907,1.947302,1.970348,1.42331,1.844526,1.813724,1.525878,1.848658,1.797592,1.959828,1.633381,1.951375,2.034006,3.781967,3.315313,3.037655,2.468186,2.510134,2.266561,2.474454,2.467729,4.149678,FALSE,FALSE,FALSE,FALSE,FALSE,FALSE,FALSE,FALSE,FALSE,FALSE,FALSE,FALSE,FALSE,FALSE,FALSE,FALSE,FALSE,FALSE,FALSE,FALSE,FALSE,FALSE,FALSE,FALSE,FALSE,FALSE,FALSE,FALSE,FALSE,FALSE,FALSE,FALSE,FALSE,FALSE,FALSE,FALSE,FALSE,FALSE,FALSE,FALSE,FALSE,-26.475,0,26.475,FALSE,FALSE,FALSE,1.187832,1.091145,1.205222,FALSE,FALSE,FALSE,0,0,0,FALSE,FALSE,FALSE,1.17077,FALSE,12.68,FALSE,24.75,FALSE
2025-11-25 08:32:43,357,12,89,201,313,278,165,173,180,235,292,234,274,229,174,177,233,293,343,682,387,351,465,278,241,480,495,563,426,257,470,491,551,474,322,376,340,251,206,490,382,FALSE,FALSE,FALSE,FALSE,FALSE,FALSE,FALSE,FALSE,FALSE,FALSE,FALSE,FALSE,FALSE,FALSE,FALSE,FALSE,FALSE,FALSE,FALSE,FALSE,FALSE,FALSE,FALSE,FALSE,FALSE,FALSE,FALSE,FALSE,FALSE,FALSE,FALSE,FALSE,FALSE,FALSE,FALSE,FALSE,FALSE,FALSE,FALSE,FALSE,FALSE,3.064649,4.682141,2.352487,2.512369,2.056177,2.046067,2.142673,2.230938,1.889939,2.193032,2.457204,2.755579,2.4536,2.579275,2.853717,2.820575,2.90872,3.221425,7.788513,2.203241,1.95126,2.122048,1.70078,2.044378,2.009976,1.83542,2.027712,1.828737,2.015459,1.825239,2.151924,2.586927,6.907915,4.777821,4.500775,3.329223,3.301032,3.188209,3.234171,3.808192,8.28285,FALSE,FALSE,FALSE,FALSE,FALSE,FALSE,FALSE,FALSE,FALSE,FALSE,FALSE,FALSE,FALSE,FALSE,FALSE,FALSE,FALSE,FALSE,TRUE,FALSE,FALSE,FALSE,FALSE,FALSE,FALSE,FALSE,FALSE,FALSE,FALSE,FALSE,FALSE,FALSE,TRUE,FALSE,FALSE,FALSE,FALSE,FALSE,FALSE,FALSE,TRUE,-26.425,0,26.6,FALSE,FALSE,FALSE,1.184718,1.082702,1.200051,FALSE,FALSE,FALSE,0,0,0,FALSE,FALSE,FALSE,1.162459,FALSE,11.95,FALSE,24,FALSE
2025-11-24 08:39:35,357,12,91,201,314,279,165,173,180,237,292,236,275,233,177,179,236,293,306,685,394,357,473,283,245,492,510,576,434,262,476,493,502,516,348,387,343,256,211,489,342,FALSE,FALSE,FALSE,FALSE,FALSE,FALSE,FALSE,FALSE,FALSE,FALSE,FALSE,FALSE,FALSE,FALSE,FALSE,FALSE,FALSE,FALSE,FALSE,FALSE,FALSE,FALSE,FALSE,FALSE,FALSE,FALSE,FALSE,FALSE,FALSE,FALSE,FALSE,FALSE,FALSE,FALSE,FALSE,FALSE,FALSE,FALSE,FALSE,FALSE,FALSE,3.554673,4.790192,2.812973,2.644289,2.162547,2.143421,2.245844,2.324074,1.976142,2.286855,2.538839,2.783111,2.509079,2.678818,2.905555,2.952705,2.997385,3.095898,3.849984,2.297325,1.979096,2.072914,1.756546,2.032667,2.035118,1.80141,2.128986,1.961891,2.19047,1.89238,2.204263,2.196937,2.302267,4.443614,4.390466,4.206516,4.207248,4.104196,4.120021,4.066012,4.510289,FALSE,FALSE,FALSE,FALSE,FALSE,FALSE,FALSE,FALSE,FALSE,FALSE,FALSE,FALSE,FALSE,FALSE,FALSE,FALSE,FALSE,FALSE,FALSE,FALSE,FALSE,FALSE,FALSE,FALSE,FALSE,FALSE,FALSE,FALSE,FALSE,FALSE,FALSE,FALSE,FALSE,FALSE,FALSE,FALSE,FALSE,FALSE,FALSE,FALSE,FALSE,-26.35,0,26.525,FALSE,FALSE,FALSE,1.183573,1.079068,1.200393,FALSE,FALSE,FALSE,0,0,0,FALSE,FALSE,FALSE,1.158986,FALSE,12.7,FALSE,23.75,FALSE
2025-11-21 09:49:27,357,12,91,201,314,279,165,173,180,237,292,236,275,233,177,179,236,293,306,685,394,357,473,283,245,492,510,576,434,262,476,493,502,516,348,387,343,256,211,489,342,FALSE,FALSE,FALSE,FALSE,FALSE,FALSE,FALSE,FALSE,FALSE,FALSE,FALSE,FALSE,FALSE,FALSE,FALSE,FALSE,FALSE,FALSE,FALSE,FALSE,FALSE,FALSE,FALSE,FALSE,FALSE,FALSE,FALSE,FALSE,FALSE,FALSE,FALSE,FALSE,FALSE,FALSE,FALSE,FALSE,FALSE,FALSE,FALSE,FALSE,FALSE,2.80126,4.633987,2.401254,2.458577,2.018157,1.986492,2.077474,2.176273,1.866351,2.117841,2.366641,2.671444,2.415382,2.518655,2.733173,2.78507,2.835054,2.919747,3.561901,2.104107,1.85296,1.906868,1.553679,1.835908,1.823269,1.634943,1.90004,1.804809,1.976129,1.696038,1.944763,2.028923,2.10112,4.11247,3.952616,3.725146,3.737561,3.599772,3.641871,3.622953,3.937723,FALSE,FALSE,FALSE,FALSE,FALSE,FALSE,FALSE,FALSE,FALSE,FALSE,FALSE,FALSE,FALSE,FALSE,FALSE,FALSE,FALSE,FALSE,FALSE,FALSE,FALSE,FALSE,FALSE,FALSE,FALSE,FALSE,FALSE,FALSE,FALSE,FALSE,FALSE,FALSE,FALSE,FALSE,FALSE,FALSE,FALSE,FALSE,FALSE,FALSE,FALSE,-26.4,0,26.6,FALSE,FALSE,FALSE,1.183247,1.072159,1.197981,FALSE,FALSE,FALSE,0,0,0,FALSE,FALSE,FALSE,1.154458,FALSE,10.92,FALSE,23.75,FALSE
2025-11-20 09:24:07,357,12,86,201,313,278,165,173,180,236,293,236,276,237,180,181,240,297,294,671,381,351,460,276,239,487,506,561,424,259,470,485,475,523,347,376,335,250,205,471,316,FALSE,FALSE,FALSE,FALSE,FALSE,FALSE,FALSE,FALSE,FALSE,FALSE,FALSE,FALSE,FALSE,FALSE,FALSE,FALSE,FALSE,FALSE,FALSE,FALSE,FALSE,FALSE,FALSE,FALSE,FALSE,FALSE,FALSE,FALSE,FALSE,FALSE,FALSE,FALSE,FALSE,FALSE,FALSE,FALSE,FALSE,FALSE,FALSE,FALSE,FALSE,2.005972,4.967809,1.690839,2.742775,2.31482,2.322412,2.370385,2.43297,2.154507,2.407507,2.658996,2.894669,2.62505,2.812332,2.991297,3.048226,3.089236,3.188468,3.749046,2.355338,2.141238,2.205517,1.602917,2.029985,1.975462,1.719506,1.892795,2.035251,2.144338,1.855376,2.145995,2.151612,2.203156,2.798494,2.602268,2.463606,2.588892,2.408144,2.617117,2.589338,2.966459,FALSE,FALSE,FALSE,FALSE,FALSE,FALSE,FALSE,FALSE,FALSE,FALSE,FALSE,FALSE,FALSE,FALSE,FALSE,FALSE,FALSE,FALSE,FALSE,FALSE,FALSE,FALSE,FALSE,FALSE,FALSE,FALSE,FALSE,FALSE,FALSE,FALSE,FALSE,FALSE,FALSE,FALSE,FALSE,FALSE,FALSE,FALSE,FALSE,FALSE,FALSE,-26.5,0,26.3,FALSE,FALSE,FALSE,1.189573,1.097642,1.210613,FALSE,FALSE,FALSE,0,0,0,FALSE,FALSE,FALSE,1.174914,FALSE,11.76,FALSE,25.75,FALSE
2025-11-19 09:10:44,357,12,86,201,313,278,165,173,180,236,293,236,276,237,180,181,240,297,294,671,381,351,460,276,239,487,506,561,424,259,470,485,475,523,347,376,335,250,205,471,316,FALSE,FALSE,FALSE,FALSE,FALSE,FALSE,FALSE,FALSE,FALSE,FALSE,FALSE,FALSE,FALSE,FALSE,FALSE,FALSE,FALSE,FALSE,FALSE,FALSE,FALSE,FALSE,FALSE,FALSE,FALSE,FALSE,FALSE,FALSE,FALSE,FALSE,FALSE,FALSE,FALSE,FALSE,FALSE,FALSE,FALSE,FALSE,FALSE,FALSE,FALSE,1.973786,4.580738,1.665014,2.364294,2.008839,1.991471,2.036446,2.0951,1.86797,2.071706,2.31186,2.482127,2.306449,2.43969,2.600298,2.665886,2.689205,2.787819,3.365318,2.108188,1.837062,1.862457,1.381517,1.749474,1.721508,1.478107,1.761643,1.719618,1.906362,1.690949,1.894617,1.923114,2.000256,2.448018,2.202953,1.960679,2.024619,1.897774,2.01043,2.059147,2.568851,FALSE,FALSE,FALSE,FALSE,FALSE,FALSE,FALSE,FALSE,FALSE,FALSE,FALSE,FALSE,FALSE,FALSE,FALSE,FALSE,FALSE,FALSE,FALSE,FALSE,FALSE,FALSE,FALSE,FALSE,FALSE,FALSE,FALSE,FALSE,FALSE,FALSE,FALSE,FALSE,FALSE,FALSE,FALSE,FALSE,FALSE,FALSE,FALSE,FALSE,FALSE,-26.45,0,26.375,FALSE,FALSE,FALSE,1.188836,1.091419,1.207112,FALSE,FALSE,FALSE,0,0,0,FALSE,FALSE,FALSE,1.171911,FALSE,8.71,FALSE,25,FALSE
2025-11-18 09:45:26,357,12,87,199,312,277,164,172,178,235,293,239,280,231,178,180,237,297,314,665,387,351,462,279,244,487,508,569,436,261,476,493,515,471,330,377,334,248,205,478,343,FALSE,FALSE,FALSE,FALSE,FALSE,FALSE,FALSE,FALSE,FALSE,FALSE,FALSE,FALSE,FALSE,FALSE,FALSE,FALSE,FALSE,FALSE,FALSE,FALSE,FALSE,FALSE,FALSE,FALSE,FALSE,FALSE,FALSE,FALSE,FALSE,FALSE,FALSE,FALSE,FALSE,FALSE,FALSE,FALSE,FALSE,FALSE,FALSE,FALSE,FALSE,2.142907,4.383053,1.859045,2.06945,1.689558,1.677621,1.747559,1.826487,1.56001,1.791078,1.997236,2.132734,1.90795,2.095219,2.299369,2.2523,2.31372,2.362423,3.372037,2.060587,1.731547,1.80096,1.375325,1.73109,1.71332,1.480616,1.758293,1.713585,1.858484,1.645674,1.900611,1.948467,2.43561,2.613919,2.546586,2.272678,2.31199,2.146015,2.242002,2.327216,3.186813,FALSE,FALSE,FALSE,FALSE,FALSE,FALSE,FALSE,FALSE,FALSE,FALSE,FALSE,FALSE,FALSE,FALSE,FALSE,FALSE,FALSE,FALSE,FALSE,FALSE,FALSE,FALSE,FALSE,FALSE,FALSE,FALSE,FALSE,FALSE,FALSE,FALSE,FALSE,FALSE,FALSE,FALSE,FALSE,FALSE,FALSE,FALSE,FALSE,FALSE,FALSE,-26.4,0,26.475,FALSE,FALSE,FALSE,1.186796,1.081686,1.201992,FALSE,FALSE,FALSE,0,0,0,FALSE,FALSE,FALSE,1.165055,FALSE,9.12,FALSE,24.38,FALSE
2025-11-17 10:00:34,357,12,82,200,311,277,165,173,179,235,292,239,280,240,183,185,244,303,301,651,379,345,453,275,239,481,503,566,429,259,471,484,477,514,348,388,341,252,209,479,320,FALSE,FALSE,FALSE,FALSE,FALSE,FALSE,FALSE,FALSE,FALSE,FALSE,FALSE,FALSE,FALSE,FALSE,FALSE,FALSE,FALSE,FALSE,FALSE,FALSE,FALSE,FALSE,FALSE,FALSE,FALSE,FALSE,FALSE,FALSE,FALSE,FALSE,FALSE,FALSE,FALSE,FALSE,FALSE,FALSE,FALSE,FALSE,FALSE,FALSE,FALSE,2.230671,4.58992,1.93894,2.224482,1.867999,1.922562,1.938221,1.960297,1.741122,1.989625,2.179644,2.302152,2.120345,2.281056,2.424799,2.426022,2.498124,2.539368,3.121455,2.610503,2.480642,2.498135,2.003263,2.368871,2.29226,2.081279,2.163019,2.317613,2.343048,2.183281,2.334735,2.354972,2.496759,2.617214,2.596946,2.503304,2.547993,2.543862,2.601578,2.638839,2.835857,FALSE,FALSE,FALSE,FALSE,FALSE,FALSE,FALSE,FALSE,FALSE,FALSE,FALSE,FALSE,FALSE,FALSE,FALSE,FALSE,FALSE,FALSE,FALSE,FALSE,FALSE,FALSE,FALSE,FALSE,FALSE,FALSE,FALSE,FALSE,FALSE,FALSE,FALSE,FALSE,FALSE,FALSE,FALSE,FALSE,FALSE,FALSE,FALSE,FALSE,FALSE,-26.55,0,26.1,FALSE,FALSE,FALSE,1.192876,1.098817,1.216644,FALSE,FALSE,FALSE,0,0,0,FALSE,FALSE,FALSE,1.165165,FALSE,8.3,FALSE,27.5,FALSE
2025-11-17 09:54:25,357,12,83,199,309,274,161,167,174,223,271,230,275,220,187,220,294,406,705,610,348,308,402,252,225,440,458,590,492,302,564,649,1048,403,296,442,440,320,269,708,832,FALSE,FALSE,FALSE,FALSE,FALSE,FALSE,FALSE,FALSE,FALSE,FALSE,FALSE,FALSE,FALSE,FALSE,FALSE,FALSE,FALSE,FALSE,TRUE,FALSE,FALSE,FALSE,FALSE,FALSE,FALSE,FALSE,FALSE,FALSE,FALSE,FALSE,FALSE,FALSE,TRUE,FALSE,FALSE,FALSE,FALSE,FALSE,FALSE,FALSE,TRUE,2.126925,4.181442,1.458369,1.582077,1.329189,1.350529,1.426927,1.526928,1.44759,1.7165,2.160952,1.655681,1.483729,1.679255,2.566101,4.916509,5.106833,6.356365,9.59454,2.358603,2.253509,2.622547,2.514308,2.154323,1.897234,1.699516,1.886291,2.826683,4.039099,4.269757,4.825035,6.056644,8.610444,2.17383,2.411595,4.829258,6.374824,6.247837,6.380848,7.745872,10.45559,FALSE,FALSE,FALSE,FALSE,FALSE,FALSE,FALSE,FALSE,FALSE,FALSE,FALSE,FALSE,FALSE,FALSE,FALSE,FALSE,FALSE,TRUE,TRUE,FALSE,FALSE,FALSE,FALSE,FALSE,FALSE,FALSE,FALSE,FALSE,FALSE,FALSE,FALSE,TRUE,TRUE,FALSE,FALSE,FALSE,TRUE,TRUE,TRUE,TRUE,TRUE,-26.525,0,26.1,FALSE,FALSE,FALSE,1.192405,1.099196,1.212862,FALSE,FALSE,FALSE,0,0,0,FALSE,FALSE,FALSE,1.16913,FALSE,8.63,FALSE,27.25,FALSE
2025-11-17 09:13:34,357,12,85,198,312,274,162,169,174,226,276,231,272,217,175,197,261,354,573,629,359,319,420,257,228,445,461,563,456,278,515,575,888,399,291,397,382,282,234,607,659,FALSE,FALSE,FALSE,FALSE,FALSE,FALSE,FALSE,FALSE,FALSE,FALSE,FALSE,FALSE,FALSE,FALSE,FALSE,FALSE,FALSE,FALSE,FALSE,FALSE,FALSE,FALSE,FALSE,FALSE,FALSE,FALSE,FALSE,FALSE,FALSE,FALSE,FALSE,FALSE,FALSE,FALSE,FALSE,FALSE,FALSE,FALSE,FALSE,FALSE,TRUE,1.955014,4.176329,1.53434,1.667823,1.348813,1.336167,1.363303,1.458857,1.304505,1.488559,1.832055,1.692685,1.511482,1.725984,2.219364,3.539508,3.692209,4.485235,7.964888,2.079586,1.85878,2.098083,1.959096,1.879454,1.684228,1.497971,1.716777,2.417186,3.327745,3.380054,3.666184,4.726934,7.579439,2.032891,2.194544,3.604329,4.585447,4.523082,4.590288,5.664773,8.877125,FALSE,FALSE,FALSE,FALSE,FALSE,FALSE,FALSE,FALSE,FALSE,FALSE,FALSE,FALSE,FALSE,FALSE,FALSE,FALSE,FALSE,FALSE,TRUE,FALSE,FALSE,FALSE,FALSE,FALSE,FALSE,FALSE,FALSE,FALSE,FALSE,FALSE,FALSE,FALSE,TRUE,FALSE,FALSE,FALSE,FALSE,FALSE,FALSE,FALSE,TRUE,-26.45,0,26.375,FALSE,FALSE,FALSE,1.188204,1.092444,1.202629,FALSE,FALSE,FALSE,0,0,0,FALSE,FALSE,FALSE,1.17652,FALSE,9.68,FALSE,25.25,FALSE
2025-11-14 09:26:11,357,12,83,201,314,278,164,172,178,232,286,235,275,224,174,186,245,323,452,651,371,336,436,266,234,458,470,553,435,262,481,524,697,422,296,375,350,258,214,533,505,FALSE,FALSE,FALSE,FALSE,FALSE,FALSE,FALSE,FALSE,FALSE,FALSE,FALSE,FALSE,FALSE,FALSE,FALSE,FALSE,FALSE,FALSE,FALSE,FALSE,FALSE,FALSE,FALSE,FALSE,FALSE,FALSE,FALSE,FALSE,FALSE,FALSE,FALSE,FALSE,FALSE,FALSE,FALSE,FALSE,FALSE,FALSE,FALSE,FALSE,FALSE,1.950171,4.51908,1.57141,2.259359,1.937648,1.898912,1.957691,2.038908,1.831415,2.072095,2.426293,2.510566,2.237406,2.714238,2.64027,3.129321,3.283965,4.277502,12.96931,2.34469,2.211923,2.402664,2.193956,2.221633,2.048146,1.999551,2.172445,2.151291,2.817568,2.834784,3.099084,4.510449,12.23268,3.547028,3.162954,2.815298,3.721112,3.696363,3.782667,5.906913,15.09144,FALSE,FALSE,FALSE,FALSE,FALSE,FALSE,FALSE,FALSE,FALSE,FALSE,FALSE,FALSE,FALSE,FALSE,FALSE,FALSE,FALSE,FALSE,TRUE,FALSE,FALSE,FALSE,FALSE,FALSE,FALSE,FALSE,FALSE,FALSE,FALSE,FALSE,FALSE,FALSE,TRUE,FALSE,FALSE,FALSE,FALSE,FALSE,FALSE,FALSE,TRUE,-26.5,0,26.225,FALSE,FALSE,FALSE,1.191006,1.098529,1.212075,FALSE,FALSE,FALSE,0,0,0,FALSE,FALSE,FALSE,1.175463,FALSE,8.68,FALSE,26.12,FALSE
2025-11-13 10:41:52,357,12,82,200,311,277,164,172,179,236,291,239,280,237,182,184,243,303,298,657,379,346,453,274,239,480,496,564,428,256,467,483,474,508,345,383,336,250,207,475,318,FALSE,FALSE,FALSE,FALSE,FALSE,FALSE,FALSE,FALSE,FALSE,FALSE,FALSE,FALSE,FALSE,FALSE,FALSE,FALSE,FALSE,FALSE,FALSE,FALSE,FALSE,FALSE,FALSE,FALSE,FALSE,FALSE,FALSE,FALSE,FALSE,FALSE,FALSE,FALSE,FALSE,FALSE,FALSE,FALSE,FALSE,FALSE,FALSE,FALSE,FALSE,2.315265,4.875978,2.113487,2.711881,2.344464,2.304758,2.371092,2.421461,2.156916,2.409614,2.645417,2.914604,2.713439,2.812573,3.047749,3.055094,3.117784,3.160375,3.765094,2.826785,2.730664,2.735723,2.179801,2.559454,2.483909,2.244375,2.313486,2.465692,2.529494,2.332506,2.520821,2.545997,2.711399,3.074392,2.972661,2.906744,2.984396,2.905565,3.04239,3.024281,3.177,FALSE,FALSE,FALSE,FALSE,FALSE,FALSE,FALSE,FALSE,FALSE,FALSE,FALSE,FALSE,FALSE,FALSE,FALSE,FALSE,FALSE,FALSE,FALSE,FALSE,FALSE,FALSE,FALSE,FALSE,FALSE,FALSE,FALSE,FALSE,FALSE,FALSE,FALSE,FALSE,FALSE,FALSE,FALSE,FALSE,FALSE,FALSE,FALSE,FALSE,FALSE,-26.6,0,26.2,FALSE,FALSE,FALSE,1.192405,1.100981,1.217202,FALSE,FALSE,FALSE,0,0,0,FALSE,FALSE,FALSE,1.173257,FALSE,10.82,FALSE,26.75,FALSE
2025-11-13 10:26:47,357,12,83,200,311,276,163,169,176,226,276,231,274,221,181,208,280,381,656,625,357,318,413,255,227,448,469,590,469,291,538,619,993,416,301,424,411,300,252,656,773,FALSE,FALSE,FALSE,FALSE,FALSE,FALSE,FALSE,FALSE,FALSE,FALSE,FALSE,FALSE,FALSE,FALSE,FALSE,FALSE,FALSE,FALSE,TRUE,FALSE,FALSE,FALSE,FALSE,FALSE,FALSE,FALSE,FALSE,FALSE,FALSE,FALSE,FALSE,FALSE,TRUE,FALSE,FALSE,FALSE,FALSE,FALSE,FALSE,FALSE,TRUE,2.121077,4.739377,1.777761,2.559669,2.209104,2.186187,2.261512,2.316283,2.106005,2.396328,2.775165,2.660118,2.54757,3.067551,4.286044,5.163636,5.451713,6.004351,8.013083,2.792567,2.658178,2.906775,2.439177,2.575378,2.255219,2.02697,2.53015,3.472179,4.06733,4.127518,4.50967,5.277263,6.939118,4.009951,4.49187,5.257482,5.789931,5.820698,5.93471,6.658267,8.535671,FALSE,FALSE,FALSE,FALSE,FALSE,FALSE,FALSE,FALSE,FALSE,FALSE,FALSE,FALSE,FALSE,FALSE,FALSE,FALSE,FALSE,TRUE,TRUE,FALSE,FALSE,FALSE,FALSE,FALSE,FALSE,FALSE,FALSE,FALSE,FALSE,FALSE,FALSE,FALSE,TRUE,FALSE,FALSE,FALSE,FALSE,FALSE,FALSE,TRUE,TRUE,-26.475,0,26.15,FALSE,FALSE,FALSE,1.191738,1.099047,1.214115,FALSE,FALSE,FALSE,0,0,0,FALSE,FALSE,FALSE,1.176028,FALSE,10.04,FALSE,26.38,FALSE
2025-11-13 09:57:09,357,12,86,200,312,275,163,169,177,228,280,231,274,218,174,197,262,356,586,646,367,325,425,261,229,450,465,573,461,282,522,591,906,410,290,398,386,283,235,608,690,FALSE,FALSE,FALSE,FALSE,FALSE,FALSE,FALSE,FALSE,FALSE,FALSE,FALSE,FALSE,FALSE,FALSE,FALSE,FALSE,FALSE,FALSE,FALSE,FALSE,FALSE,FALSE,FALSE,FALSE,FALSE,FALSE,FALSE,FALSE,FALSE,FALSE,FALSE,FALSE,FALSE,FALSE,FALSE,FALSE,FALSE,FALSE,FALSE,FALSE,TRUE,2.002118,4.676962,1.565214,2.429226,2.071904,1.9686,1.977151,2.061886,1.893597,2.248186,2.853056,2.420834,2.382082,2.657097,3.367047,5.602664,5.966467,7.528183,15.59707,2.425328,2.433134,2.942943,2.834809,2.516748,2.095705,1.865486,1.951699,2.970089,4.368539,4.724711,5.294326,7.089675,14.70138,2.722919,2.584338,4.790154,6.590338,6.581944,6.759256,9.277594,17.6178,FALSE,FALSE,FALSE,FALSE,FALSE,FALSE,FALSE,FALSE,FALSE,FALSE,FALSE,FALSE,FALSE,FALSE,FALSE,FALSE,FALSE,TRUE,TRUE,FALSE,FALSE,FALSE,FALSE,FALSE,FALSE,FALSE,FALSE,FALSE,FALSE,FALSE,FALSE,TRUE,TRUE,FALSE,FALSE,FALSE,TRUE,TRUE,TRUE,TRUE,TRUE,-26.425,0,26.35,FALSE,FALSE,FALSE,1.189502,1.088912,1.206483,FALSE,FALSE,FALSE,0,0,0,FALSE,FALSE,FALSE,1.171509,FALSE,10.75,FALSE,25,FALSE
2025-11-12 09:43:21,357,12,88,200,311,275,164,172,178,235,291,234,275,232,177,178,234,293,312,663,386,348,460,276,239,479,503,561,428,257,469,488,502,479,324,371,329,246,202,473,338,FALSE,FALSE,FALSE,FALSE,FALSE,FALSE,FALSE,FALSE,FALSE,FALSE,FALSE,FALSE,FALSE,FALSE,FALSE,FALSE,FALSE,FALSE,FALSE,FALSE,FALSE,FALSE,FALSE,FALSE,FALSE,FALSE,FALSE,FALSE,FALSE,FALSE,FALSE,FALSE,FALSE,FALSE,FALSE,FALSE,FALSE,FALSE,FALSE,FALSE,FALSE,2.133142,4.439799,1.786552,2.330754,1.947694,1.919776,1.992802,2.068943,1.775244,2.024044,2.249087,2.465057,2.243495,2.484036,2.710601,2.62277,2.702192,2.75114,3.89668,2.099575,1.818637,1.856132,1.339144,1.765569,1.731883,1.498485,1.821828,1.794802,1.925654,1.655691,1.968432,1.965234,2.5262,3.012904,2.821191,2.421245,2.368427,2.22301,2.30587,2.390211,3.311958,FALSE,FALSE,FALSE,FALSE,FALSE,FALSE,FALSE,FALSE,FALSE,FALSE,FALSE,FALSE,FALSE,FALSE,FALSE,FALSE,FALSE,FALSE,FALSE,FALSE,FALSE,FALSE,FALSE,FALSE,FALSE,FALSE,FALSE,FALSE,FALSE,FALSE,FALSE,FALSE,FALSE,FALSE,FALSE,FALSE,FALSE,FALSE,FALSE,FALSE,FALSE,-26.45,0,26.425,FALSE,FALSE,FALSE,1.187821,1.081114,1.203474,FALSE,FALSE,FALSE,0,0,0,FALSE,FALSE,FALSE,1.163023,FALSE,9.36,FALSE,24.62,FALSE
2025-11-11 09:56:44,357,12,84,198,310,275,164,172,177,234,290,235,275,236,181,182,240,298,303,662,376,346,460,274,238,480,504,570,427,258,469,483,481,511,346,389,341,252,208,477,325,FALSE,FALSE,FALSE,FALSE,FALSE,FALSE,FALSE,FALSE,FALSE,FALSE,FALSE,FALSE,FALSE,FALSE,FALSE,FALSE,FALSE,FALSE,FALSE,FALSE,FALSE,FALSE,FALSE,FALSE,FALSE,FALSE,FALSE,FALSE,FALSE,FALSE,FALSE,FALSE,FALSE,FALSE,FALSE,FALSE,FALSE,FALSE,FALSE,FALSE,FALSE,2.358943,4.794117,2.189439,2.752897,2.445857,2.40995,2.439626,2.480938,2.284199,2.480676,2.729774,2.945432,2.772302,2.89678,3.08497,3.008015,3.095232,3.154737,4.116379,2.859545,2.697025,2.770825,2.249512,2.62675,2.551754,2.380278,2.458553,2.532029,2.566492,2.41664,2.606564,2.617189,3.024304,3.319958,3.107528,2.791864,2.795171,2.78602,2.864879,2.979876,3.319808,FALSE,FALSE,FALSE,FALSE,FALSE,FALSE,FALSE,FALSE,FALSE,FALSE,FALSE,FALSE,FALSE,FALSE,FALSE,FALSE,FALSE,FALSE,FALSE,FALSE,FALSE,FALSE,FALSE,FALSE,FALSE,FALSE,FALSE,FALSE,FALSE,FALSE,FALSE,FALSE,FALSE,FALSE,FALSE,FALSE,FALSE,FALSE,FALSE,FALSE,FALSE,-26.6,0,26.2,FALSE,FALSE,FALSE,1.192549,1.099019,1.218484,FALSE,FALSE,FALSE,0,0,0,FALSE,FALSE,FALSE,1.166666,FALSE,9.58,FALSE,27.62,FALSE
2025-11-10 09:25:20,357,12,91,201,313,278,165,173,179,234,293,238,279,234,179,181,238,296,310,694,398,359,471,287,250,499,520,581,445,267,486,504,509,500,348,395,351,260,215,501,351,FALSE,FALSE,FALSE,FALSE,FALSE,FALSE,FALSE,FALSE,FALSE,FALSE,FALSE,FALSE,FALSE,FALSE,FALSE,FALSE,FALSE,FALSE,FALSE,FALSE,FALSE,FALSE,FALSE,FALSE,FALSE,FALSE,FALSE,FALSE,FALSE,FALSE,FALSE,FALSE,FALSE,FALSE,FALSE,FALSE,FALSE,FALSE,FALSE,FALSE,FALSE,3.111195,4.483672,2.653321,2.123008,1.764988,1.721299,1.793234,1.857747,1.592506,1.821653,2.020689,2.220235,1.979747,2.228256,2.389827,2.379066,2.427039,2.498448,3.592524,2.196563,1.876558,1.950464,1.694388,1.958884,1.950178,1.761928,2.087848,1.920524,2.069759,1.860739,2.088395,2.0488,2.692798,5.129704,4.940415,4.650922,4.594686,4.549102,4.555374,4.492402,5.005829,FALSE,FALSE,FALSE,FALSE,FALSE,FALSE,FALSE,FALSE,FALSE,FALSE,FALSE,FALSE,FALSE,FALSE,FALSE,FALSE,FALSE,FALSE,FALSE,FALSE,FALSE,FALSE,FALSE,FALSE,FALSE,FALSE,FALSE,FALSE,FALSE,FALSE,FALSE,FALSE,FALSE,FALSE,FALSE,FALSE,FALSE,FALSE,FALSE,FALSE,FALSE,-26.35,0,26.675,FALSE,FALSE,FALSE,1.182629,1.067832,1.197325,FALSE,FALSE,FALSE,0,0,0,FALSE,FALSE,FALSE,1.14886,FALSE,8.48,FALSE,23.25,FALSE
2025-11-08 14:00:47,357,12,86,199,311,276,164,172,178,233,291,238,276,232,178,180,236,295,313,659,379,348,458,275,239,482,494,564,422,256,467,485,499,480,326,372,332,247,203,473,336,FALSE,FALSE,FALSE,FALSE,FALSE,FALSE,FALSE,FALSE,FALSE,FALSE,FALSE,FALSE,FALSE,FALSE,FALSE,FALSE,FALSE,FALSE,FALSE,FALSE,FALSE,FALSE,FALSE,FALSE,FALSE,FALSE,FALSE,FALSE,FALSE,FALSE,FALSE,FALSE,FALSE,FALSE,FALSE,FALSE,FALSE,FALSE,FALSE,FALSE,FALSE,2.05417,4.47519,1.568415,2.203041,1.86656,1.834141,1.904546,1.956341,1.732805,1.938187,2.153506,2.318549,2.117892,2.303847,2.506912,2.456806,2.521039,2.589437,3.727714,2.076183,1.749739,1.842947,1.368119,1.741249,1.695283,1.474346,1.788629,1.744545,1.855211,1.653721,1.954449,1.916683,2.61692,2.480093,2.330956,1.935627,1.953272,1.853316,1.926651,1.993276,2.99156,FALSE,FALSE,FALSE,FALSE,FALSE,FALSE,FALSE,FALSE,FALSE,FALSE,FALSE,FALSE,FALSE,FALSE,FALSE,FALSE,FALSE,FALSE,FALSE,FALSE,FALSE,FALSE,FALSE,FALSE,FALSE,FALSE,FALSE,FALSE,FALSE,FALSE,FALSE,FALSE,FALSE,FALSE,FALSE,FALSE,FALSE,FALSE,FALSE,FALSE,FALSE,-26.45,0,26.325,FALSE,FALSE,FALSE,1.189029,1.094,1.206749,FALSE,FALSE,FALSE,0,0,0,FALSE,FALSE,FALSE,1.173124,FALSE,8.1,FALSE,25.12,FALSE
2025-11-07 10:03:39,357,12,82,200,311,276,164,171,178,233,289,238,276,230,175,179,236,300,341,654,377,347,452,275,239,476,486,553,426,253,462,485,547,458,317,373,336,247,205,489,376,FALSE,FALSE,FALSE,FALSE,FALSE,FALSE,FALSE,FALSE,FALSE,FALSE,FALSE,FALSE,FALSE,FALSE,FALSE,FALSE,FALSE,FALSE,FALSE,FALSE,FALSE,FALSE,FALSE,FALSE,FALSE,FALSE,FALSE,FALSE,FALSE,FALSE,FALSE,FALSE,FALSE,FALSE,FALSE,FALSE,FALSE,FALSE,FALSE,FALSE,FALSE,2.392351,4.631155,2.196252,2.275543,1.963915,1.957236,1.998114,2.015835,1.802709,2.021384,2.207617,2.356018,2.200278,2.360596,2.515843,2.50632,2.584262,2.614682,3.325002,2.858351,2.695569,2.717058,2.240912,2.577043,2.516348,2.301657,2.37746,2.514167,2.551457,2.356544,2.544877,2.57217,2.788651,2.643839,2.649152,2.450909,2.47242,2.501998,2.534971,2.621062,2.905065,FALSE,FALSE,FALSE,FALSE,FALSE,FALSE,FALSE,FALSE,FALSE,FALSE,FALSE,FALSE,FALSE,FALSE,FALSE,FALSE,FALSE,FALSE,FALSE,FALSE,FALSE,FALSE,FALSE,FALSE,FALSE,FALSE,FALSE,FALSE,FALSE,FALSE,FALSE,FALSE,FALSE,FALSE,FALSE,FALSE,FALSE,FALSE,FALSE,FALSE,FALSE,-26.55,0,26.025,FALSE,FALSE,FALSE,1.192206,1.097064,1.217935,FALSE,FALSE,FALSE,0,0,0,FALSE,FALSE,FALSE,1.160258,FALSE,8.13,FALSE,28.12,FALSE
2025-11-06 09:53:33,357,12,83,199,311,274,164,171,177,232,291,237,275,237,183,183,241,301,298,652,380,349,452,275,238,481,506,564,436,260,473,488,479,517,347,381,338,252,208,475,320,FALSE,FALSE,FALSE,FALSE,FALSE,FALSE,FALSE,FALSE,FALSE,FALSE,FALSE,FALSE,FALSE,FALSE,FALSE,FALSE,FALSE,FALSE,FALSE,FALSE,FALSE,FALSE,FALSE,FALSE,FALSE,FALSE,FALSE,FALSE,FALSE,FALSE,FALSE,FALSE,FALSE,FALSE,FALSE,FALSE,FALSE,FALSE,FALSE,FALSE,FALSE,2.049584,4.767187,1.575925,2.600649,2.2382,2.194375,2.258024,2.290645,2.0388,2.288423,2.530656,2.750615,2.530528,2.692861,2.885752,2.893666,2.962085,3.104067,3.623913,2.277391,2.068674,2.119689,1.53741,1.932114,1.907754,1.626905,1.856665,1.923566,2.042454,1.780466,2.070325,2.106179,2.273025,2.607472,2.444156,2.286171,2.386849,2.229079,2.407849,2.47612,2.977294,FALSE,FALSE,FALSE,FALSE,FALSE,FALSE,FALSE,FALSE,FALSE,FALSE,FALSE,FALSE,FALSE,FALSE,FALSE,FALSE,FALSE,FALSE,FALSE,FALSE,FALSE,FALSE,FALSE,FALSE,FALSE,FALSE,FALSE,FALSE,FALSE,FALSE,FALSE,FALSE,FALSE,FALSE,FALSE,FALSE,FALSE,FALSE,FALSE,FALSE,FALSE,-26.5,0,26.35,FALSE,FALSE,FALSE,1.189562,1.095601,1.209299,FALSE,FALSE,FALSE,0,0,0,FALSE,FALSE,FALSE,1.173986,FALSE,10.53,FALSE,25.62,FALSE
2025-11-05 09:49:00,357,12,83,199,311,274,164,171,177,232,291,237,275,237,183,183,241,301,298,652,380,349,452,275,238,481,506,564,436,260,473,488,479,517,347,381,338,252,208,475,320,FALSE,FALSE,FALSE,FALSE,FALSE,FALSE,FALSE,FALSE,FALSE,FALSE,FALSE,FALSE,FALSE,FALSE,FALSE,FALSE,FALSE,FALSE,FALSE,FALSE,FALSE,FALSE,FALSE,FALSE,FALSE,FALSE,FALSE,FALSE,FALSE,FALSE,FALSE,FALSE,FALSE,FALSE,FALSE,FALSE,FALSE,FALSE,FALSE,FALSE,FALSE,2.058045,4.686926,1.584933,2.494567,2.104462,2.106239,2.149836,2.222974,1.941335,2.176072,2.42083,2.643692,2.399646,2.488091,2.707885,2.781116,2.815595,2.918272,3.881885,2.177829,1.916393,1.960553,1.421029,1.852344,1.787149,1.51348,1.755582,1.791894,1.931108,1.700211,2.01492,1.995792,2.460639,2.564379,2.316481,2.075175,2.172351,1.980958,2.148722,2.22635,3.028597,FALSE,FALSE,FALSE,FALSE,FALSE,FALSE,FALSE,FALSE,FALSE,FALSE,FALSE,FALSE,FALSE,FALSE,FALSE,FALSE,FALSE,FALSE,FALSE,FALSE,FALSE,FALSE,FALSE,FALSE,FALSE,FALSE,FALSE,FALSE,FALSE,FALSE,FALSE,FALSE,FALSE,FALSE,FALSE,FALSE,FALSE,FALSE,FALSE,FALSE,FALSE,-26.5,0,26.375,FALSE,FALSE,FALSE,1.189613,1.092697,1.20862,FALSE,FALSE,FALSE,0,0,0,FALSE,FALSE,FALSE,1.1724,FALSE,9.99,FALSE,25.25,FALSE
2025-11-04 09:59:02,357,12,83,199,311,274,164,171,177,232,291,237,275,237,183,183,241,301,298,652,380,349,452,275,238,481,506,564,436,260,473,488,479,517,347,381,338,252,208,475,320,FALSE,FALSE,FALSE,FALSE,FALSE,FALSE,FALSE,FALSE,FALSE,FALSE,FALSE,FALSE,FALSE,FALSE,FALSE,FALSE,FALSE,FALSE,FALSE,FALSE,FALSE,FALSE,FALSE,FALSE,FALSE,FALSE,FALSE,FALSE,FALSE,FALSE,FALSE,FALSE,FALSE,FALSE,FALSE,FALSE,FALSE,FALSE,FALSE,FALSE,FALSE,2.594666,4.597683,2.06197,2.382926,1.993591,1.971728,2.034639,2.122436,1.840427,2.084349,2.308897,2.487041,2.245392,2.440238,2.619394,2.625101,2.707842,2.814226,3.428092,2.08746,1.825208,1.856538,1.487282,1.812677,1.78317,1.517709,1.868542,1.774977,1.932028,1.694486,2.015175,1.98263,1.992533,3.051778,2.924894,2.72413,2.739104,2.580618,2.666781,2.623227,3.097933,FALSE,FALSE,FALSE,FALSE,FALSE,FALSE,FALSE,FALSE,FALSE,FALSE,FALSE,FALSE,FALSE,FALSE,FALSE,FALSE,FALSE,FALSE,FALSE,FALSE,FALSE,FALSE,FALSE,FALSE,FALSE,FALSE,FALSE,FALSE,FALSE,FALSE,FALSE,FALSE,FALSE,FALSE,FALSE,FALSE,FALSE,FALSE,FALSE,FALSE,FALSE,-26.4,0,26.45,FALSE,FALSE,FALSE,1.185838,1.085211,1.204381,FALSE,FALSE,FALSE,0,0,0,FALSE,FALSE,FALSE,1.165517,FALSE,9.98,FALSE,24.38,FALSE
2025-11-03 09:56:54,357,12,83,199,311,274,164,171,177,232,291,237,275,237,183,183,241,301,298,652,380,349,452,275,238,481,506,564,436,260,473,488,479,517,347,381,338,252,208,475,320,FALSE,FALSE,FALSE,FALSE,FALSE,FALSE,FALSE,FALSE,FALSE,FALSE,FALSE,FALSE,FALSE,FALSE,FALSE,FALSE,FALSE,FALSE,FALSE,FALSE,FALSE,FALSE,FALSE,FALSE,FALSE,FALSE,FALSE,FALSE,FALSE,FALSE,FALSE,FALSE,FALSE,FALSE,FALSE,FALSE,FALSE,FALSE,FALSE,FALSE,FALSE,2.071579,4.616022,1.765551,2.354659,2.006278,1.990147,2.027315,2.035358,1.852659,2.064822,2.287418,2.449987,2.242346,2.42783,2.588234,2.589052,2.650227,2.75951,3.363346,2.552046,2.322994,2.40055,1.844048,2.285621,2.189202,1.938596,2.05772,2.191869,2.261787,2.073868,2.307389,2.33015,2.503011,2.781991,2.753472,2.575325,2.650626,2.643941,2.717409,2.773307,3.00367,FALSE,FALSE,FALSE,FALSE,FALSE,FALSE,FALSE,FALSE,FALSE,FALSE,FALSE,FALSE,FALSE,FALSE,FALSE,FALSE,FALSE,FALSE,FALSE,FALSE,FALSE,FALSE,FALSE,FALSE,FALSE,FALSE,FALSE,FALSE,FALSE,FALSE,FALSE,FALSE,FALSE,FALSE,FALSE,FALSE,FALSE,FALSE,FALSE,FALSE,FALSE,-26.575,0,26.125,FALSE,FALSE,FALSE,1.1913,1.100963,1.216142,FALSE,FALSE,FALSE,0,0,0,FALSE,FALSE,FALSE,1.171915,FALSE,9.21,FALSE,26.88,FALSE
2025-11-02 22:15:30,357,12,87,199,311,276,164,171,178,231,289,235,272,221,171,179,237,309,416,662,374,342,445,270,236,462,473,553,429,260,473,509,659,428,296,370,341,251,209,509,470,FALSE,FALSE,FALSE,FALSE,FALSE,FALSE,FALSE,FALSE,FALSE,FALSE,FALSE,FALSE,FALSE,FALSE,FALSE,FALSE,FALSE,FALSE,FALSE,FALSE,FALSE,FALSE,FALSE,FALSE,FALSE,FALSE,FALSE,FALSE,FALSE,FALSE,FALSE,FALSE,FALSE,FALSE,FALSE,FALSE,FALSE,FALSE,FALSE,FALSE,FALSE,2.138766,4.605009,1.894437,2.249516,1.816151,1.811841,1.826504,1.919203,1.606461,1.884871,2.146914,2.26767,2.114444,2.303573,2.640474,3.703389,3.929784,4.987301,11.74922,2.205296,2.009737,2.249849,1.977165,2.031832,1.901078,1.780021,1.957645,2.188818,2.94147,3.061878,3.477308,4.648026,10.71734,3.602484,3.036981,2.950583,3.89869,3.807642,3.940931,5.66731,12.66151,FALSE,FALSE,FALSE,FALSE,FALSE,FALSE,FALSE,FALSE,FALSE,FALSE,FALSE,FALSE,FALSE,FALSE,FALSE,FALSE,FALSE,FALSE,TRUE,FALSE,FALSE,FALSE,FALSE,FALSE,FALSE,FALSE,FALSE,FALSE,FALSE,FALSE,FALSE,FALSE,TRUE,FALSE,FALSE,FALSE,FALSE,FALSE,FALSE,FALSE,TRUE,-26.5,0,26.4,FALSE,FALSE,FALSE,1.187223,1.092915,1.203078,FALSE,FALSE,FALSE,0,0,0,FALSE,FALSE,FALSE,1.175,FALSE,10.23,FALSE,25.12,FALSE
2025-11-02 21:52:00,357,12,94,200,311,276,163,169,175,226,274,225,266,212,170,196,261,358,614,671,378,335,435,266,234,464,482,590,479,295,544,622,981,451,314,446,437,318,266,692,799,FALSE,FALSE,FALSE,FALSE,FALSE,FALSE,FALSE,FALSE,FALSE,FALSE,FALSE,FALSE,FALSE,FALSE,FALSE,FALSE,FALSE,FALSE,FALSE,FALSE,FALSE,FALSE,FALSE,FALSE,FALSE,FALSE,FALSE,FALSE,FALSE,FALSE,FALSE,FALSE,TRUE,FALSE,FALSE,FALSE,FALSE,FALSE,FALSE,FALSE,TRUE,3.274273,4.390383,3.233816,2.162861,1.718434,1.673738,1.72472,1.845219,1.529593,1.77117,2.082179,2.310093,2.149591,2.321706,3.362689,5.094279,5.322875,6.450563,9.501599,2.572775,2.400752,2.694522,2.634712,2.367568,2.209572,2.024345,2.231771,3.245013,4.226051,4.357736,4.885259,5.987316,8.531554,6.242719,5.796942,6.258575,7.034539,7.079893,7.033638,8.181655,10.53248,FALSE,FALSE,FALSE,FALSE,FALSE,FALSE,FALSE,FALSE,FALSE,FALSE,FALSE,FALSE,FALSE,FALSE,FALSE,FALSE,FALSE,TRUE,TRUE,FALSE,FALSE,FALSE,FALSE,FALSE,FALSE,FALSE,FALSE,FALSE,FALSE,FALSE,FALSE,FALSE,TRUE,TRUE,FALSE,TRUE,TRUE,TRUE,TRUE,TRUE,TRUE,-26.45,0,26.725,FALSE,FALSE,FALSE,1.180107,1.067032,1.193236,FALSE,FALSE,FALSE,0,0,0,FALSE,FALSE,FALSE,1.152333,FALSE,10.2,FALSE,23.25,FALSE
2025-11-01 13:07:07,357,12,84,201,312,276,164,172,179,233,291,238,277,229,176,180,236,301,345,659,379,346,457,273,240,476,492,558,427,257,470,492,545,456,314,368,328,246,203,480,373,FALSE,FALSE,FALSE,FALSE,FALSE,FALSE,FALSE,FALSE,FALSE,FALSE,FALSE,FALSE,FALSE,FALSE,FALSE,FALSE,FALSE,FALSE,FALSE,FALSE,FALSE,FALSE,FALSE,FALSE,FALSE,FALSE,FALSE,FALSE,FALSE,FALSE,FALSE,FALSE,FALSE,FALSE,FALSE,FALSE,FALSE,FALSE,FALSE,FALSE,FALSE,1.978892,4.590214,1.556001,2.368515,2.01303,1.990638,2.014725,2.093246,1.836239,2.092709,2.330562,2.501536,2.254112,2.495704,2.659902,2.741807,2.831854,3.127946,7.050952,2.243931,2.004181,2.088414,1.485308,1.967095,1.896344,1.644019,1.821115,1.864731,2.060581,1.858958,2.167357,2.485373,6.278875,3.274258,3.046391,2.227057,2.347457,2.209776,2.340243,2.89617,7.076748,FALSE,FALSE,FALSE,FALSE,FALSE,FALSE,FALSE,FALSE,FALSE,FALSE,FALSE,FALSE,FALSE,FALSE,FALSE,FALSE,FALSE,FALSE,TRUE,FALSE,FALSE,FALSE,FALSE,FALSE,FALSE,FALSE,FALSE,FALSE,FALSE,FALSE,FALSE,FALSE,TRUE,FALSE,FALSE,FALSE,FALSE,FALSE,FALSE,FALSE,TRUE,-26.5,0,26.3,FALSE,FALSE,FALSE,1.189578,1.097341,1.208549,FALSE,FALSE,FALSE,0,0,0,FALSE,FALSE,FALSE,1.17551,FALSE,9.38,FALSE,25.88,FALSE
2025-10-31 10:19:28,357,12,82,199,310,275,162,170,176,231,285,231,270,225,173,181,240,312,407,653,374,341,439,266,233,467,472,557,426,260,474,509,641,464,310,376,344,256,211,512,459,FALSE,FALSE,FALSE,FALSE,FALSE,FALSE,FALSE,FALSE,FALSE,FALSE,FALSE,FALSE,FALSE,FALSE,FALSE,FALSE,FALSE,FALSE,FALSE,FALSE,FALSE,FALSE,FALSE,FALSE,FALSE,FALSE,FALSE,FALSE,FALSE,FALSE,FALSE,FALSE,FALSE,FALSE,FALSE,FALSE,FALSE,FALSE,FALSE,FALSE,FALSE,2.223728,4.636978,2.00892,2.466373,2.076555,2.104784,2.178447,2.238941,2.033592,2.277172,2.625059,2.79253,2.559549,3.218151,3.111068,2.999285,3.06378,4.052849,15.08053,2.773777,2.703493,2.83819,2.537441,2.626262,2.491138,2.504333,2.750862,2.378015,2.864537,2.754627,2.990327,4.56196,14.19118,5.178823,4.509503,2.804016,3.671406,3.589147,3.729206,6.03764,17.18948,FALSE,FALSE,FALSE,FALSE,FALSE,FALSE,FALSE,FALSE,FALSE,FALSE,FALSE,FALSE,FALSE,FALSE,FALSE,FALSE,FALSE,FALSE,TRUE,FALSE,FALSE,FALSE,FALSE,FALSE,FALSE,FALSE,FALSE,FALSE,FALSE,FALSE,FALSE,FALSE,TRUE,FALSE,FALSE,FALSE,FALSE,FALSE,FALSE,TRUE,TRUE,-26.625,0,26.15,FALSE,FALSE,FALSE,1.190121,1.099526,1.217076,FALSE,FALSE,FALSE,0,0,0,FALSE,FALSE,FALSE,1.170096,FALSE,9.8,FALSE,27.38,FALSE
2025-10-31 09:57:38,357,13,84,205,316,282,167,173,179,234,289,236,275,224,172,188,249,326,475,659,374,339,445,269,234,466,475,570,444,269,492,539,755,449,302,387,356,265,219,554,550,FALSE,FALSE,FALSE,FALSE,FALSE,FALSE,FALSE,FALSE,FALSE,FALSE,FALSE,FALSE,FALSE,FALSE,FALSE,FALSE,FALSE,FALSE,FALSE,FALSE,FALSE,FALSE,FALSE,FALSE,FALSE,FALSE,FALSE,FALSE,FALSE,FALSE,FALSE,FALSE,FALSE,FALSE,FALSE,FALSE,FALSE,FALSE,FALSE,FALSE,FALSE,2.053427,4.807641,1.705742,2.612386,2.245022,2.251961,2.310094,2.412753,2.152689,2.478936,2.833045,2.953226,2.677963,3.040978,3.052162,3.604961,3.749716,4.681817,11.5026,2.628206,2.48036,2.663948,2.157321,2.428581,2.222564,2.005723,2.050411,2.531698,3.202301,3.231277,3.613034,4.787796,11.01738,3.406309,3.015281,3.30598,4.252453,4.227455,4.348014,6.072198,13.26326,FALSE,FALSE,FALSE,FALSE,FALSE,FALSE,FALSE,FALSE,FALSE,FALSE,FALSE,FALSE,FALSE,FALSE,FALSE,FALSE,FALSE,FALSE,TRUE,FALSE,FALSE,FALSE,FALSE,FALSE,FALSE,FALSE,FALSE,FALSE,FALSE,FALSE,FALSE,FALSE,TRUE,FALSE,FALSE,FALSE,FALSE,FALSE,FALSE,TRUE,TRUE,-25.75,0,25.45,FALSE,FALSE,FALSE,1.204356,1.111286,1.227555,FALSE,FALSE,FALSE,0,0,0,FALSE,FALSE,FALSE,1.186608,FALSE,12.15,FALSE,26.25,FALSE
2025-10-30 09:38:55,357,12,83,199,309,274,163,170,178,232,292,237,278,234,182,181,240,300,297,656,380,348,456,276,240,478,499,560,433,259,472,488,484,489,336,373,333,249,205,470,319,FALSE,FALSE,FALSE,FALSE,FALSE,FALSE,FALSE,FALSE,FALSE,FALSE,FALSE,FALSE,FALSE,FALSE,FALSE,FALSE,FALSE,FALSE,FALSE,FALSE,FALSE,FALSE,FALSE,FALSE,FALSE,FALSE,FALSE,FALSE,FALSE,FALSE,FALSE,FALSE,FALSE,FALSE,FALSE,FALSE,FALSE,FALSE,FALSE,FALSE,FALSE,1.934904,4.51355,1.484038,2.276242,1.90059,1.901499,1.96129,1.992017,1.761476,1.994554,2.216559,2.41383,2.236033,2.346417,2.587989,2.554194,2.602944,2.660463,3.477618,2.232327,2.009736,2.058078,1.550098,1.92925,1.867813,1.652779,1.874104,1.87755,2.012915,1.781384,2.062112,2.06479,2.601083,2.497199,2.401048,2.204243,2.28076,2.169223,2.327199,2.403837,3.118732,FALSE,FALSE,FALSE,FALSE,FALSE,FALSE,FALSE,FALSE,FALSE,FALSE,FALSE,FALSE,FALSE,FALSE,FALSE,FALSE,FALSE,FALSE,FALSE,FALSE,FALSE,FALSE,FALSE,FALSE,FALSE,FALSE,FALSE,FALSE,FALSE,FALSE,FALSE,FALSE,FALSE,FALSE,FALSE,FALSE,FALSE,FALSE,FALSE,FALSE,FALSE,-26.575,0,26.325,FALSE,FALSE,FALSE,1.188054,1.096481,1.209678,FALSE,FALSE,FALSE,0,0,0,FALSE,FALSE,FALSE,1.17389,FALSE,9.64,FALSE,25.75,FALSE
2025-10-29 10:05:17,357,12,84,199,310,276,163,170,177,229,284,232,271,220,171,182,241,316,455,652,370,335,437,267,232,462,469,550,435,263,480,529,721,433,295,374,349,257,213,535,519,FALSE,FALSE,FALSE,FALSE,FALSE,FALSE,FALSE,FALSE,FALSE,FALSE,FALSE,FALSE,FALSE,FALSE,FALSE,FALSE,FALSE,FALSE,FALSE,FALSE,FALSE,FALSE,FALSE,FALSE,FALSE,FALSE,FALSE,FALSE,FALSE,FALSE,FALSE,FALSE,FALSE,FALSE,FALSE,FALSE,FALSE,FALSE,FALSE,FALSE,FALSE,1.935035,4.506328,1.553194,2.294345,1.905959,1.901604,1.975614,2.055676,1.743075,2.024097,2.280878,2.50686,2.221435,2.45305,2.680704,3.505289,3.76926,4.743494,9.367172,2.288376,2.039303,2.222524,1.806387,2.076364,1.905677,1.650486,1.819628,2.253872,2.951552,3.146952,3.700236,4.436615,8.385578,2.71015,2.499837,3.012454,3.886929,3.911125,3.939161,5.330967,9.940837,FALSE,FALSE,FALSE,FALSE,FALSE,FALSE,FALSE,FALSE,FALSE,FALSE,FALSE,FALSE,FALSE,FALSE,FALSE,FALSE,FALSE,FALSE,TRUE,FALSE,FALSE,FALSE,FALSE,FALSE,FALSE,FALSE,FALSE,FALSE,FALSE,FALSE,FALSE,FALSE,TRUE,FALSE,FALSE,FALSE,FALSE,FALSE,FALSE,FALSE,TRUE,-26.575,0,26.325,FALSE,FALSE,FALSE,1.187539,1.095425,1.206277,FALSE,FALSE,FALSE,0,0,0,FALSE,FALSE,FALSE,1.173715,FALSE,9.37,FALSE,25.75,FALSE
2025-10-28 09:43:18,357,12,85,198,307,272,163,170,177,231,288,234,272,231,175,177,233,292,308,657,380,347,456,274,238,479,496,556,427,256,464,482,495,481,327,369,331,246,202,472,333,FALSE,FALSE,FALSE,FALSE,FALSE,FALSE,FALSE,FALSE,FALSE,FALSE,FALSE,FALSE,FALSE,FALSE,FALSE,FALSE,FALSE,FALSE,FALSE,FALSE,FALSE,FALSE,FALSE,FALSE,FALSE,FALSE,FALSE,FALSE,FALSE,FALSE,FALSE,FALSE,FALSE,FALSE,FALSE,FALSE,FALSE,FALSE,FALSE,FALSE,FALSE,2.152539,4.596822,1.70428,2.169608,1.743589,1.765509,1.83307,1.907701,1.637545,1.881559,2.104287,2.280994,2.05353,2.219846,2.415334,2.423668,2.465056,2.556624,3.257963,2.07579,1.835633,1.862581,1.358407,1.744904,1.714825,1.472745,1.757759,1.722442,1.878367,1.662574,1.962609,1.936875,2.109717,2.634158,2.415984,2.171708,2.213148,2.048028,2.156804,2.211724,2.800127,FALSE,FALSE,FALSE,FALSE,FALSE,FALSE,FALSE,FALSE,FALSE,FALSE,FALSE,FALSE,FALSE,FALSE,FALSE,FALSE,FALSE,FALSE,FALSE,FALSE,FALSE,FALSE,FALSE,FALSE,FALSE,FALSE,FALSE,FALSE,FALSE,FALSE,FALSE,FALSE,FALSE,FALSE,FALSE,FALSE,FALSE,FALSE,FALSE,FALSE,FALSE,-26.575,0,26.425,FALSE,FALSE,FALSE,1.18498,1.088954,1.203943,FALSE,FALSE,FALSE,0,0,0,FALSE,FALSE,FALSE,1.169475,FALSE,9.59,FALSE,25,FALSE
2025-10-27 09:41:59,357,12,85,199,309,275,163,170,178,231,291,237,276,228,174,178,236,297,337,664,378,345,455,275,239,472,492,551,422,256,467,490,546,461,318,370,332,246,203,484,372,FALSE,FALSE,FALSE,FALSE,FALSE,FALSE,FALSE,FALSE,FALSE,FALSE,FALSE,FALSE,FALSE,FALSE,FALSE,FALSE,FALSE,FALSE,FALSE,FALSE,FALSE,FALSE,FALSE,FALSE,FALSE,FALSE,FALSE,FALSE,FALSE,FALSE,FALSE,FALSE,FALSE,FALSE,FALSE,FALSE,FALSE,FALSE,FALSE,FALSE,FALSE,2.498048,4.698877,1.998534,2.356791,1.955297,1.940872,1.982364,2.065372,1.741668,2.038744,2.232465,2.434258,2.191086,2.450495,2.629416,2.713716,2.844189,3.427953,10.10103,2.083424,1.856191,2.023256,1.6721,1.978413,1.895275,1.823027,2.094417,1.689427,1.933691,1.911212,2.348734,3.020561,9.352824,4.081554,3.742526,2.16687,2.415342,2.303771,2.388236,3.666943,10.91012,FALSE,FALSE,FALSE,FALSE,FALSE,FALSE,FALSE,FALSE,FALSE,FALSE,FALSE,FALSE,FALSE,FALSE,FALSE,FALSE,FALSE,FALSE,TRUE,FALSE,FALSE,FALSE,FALSE,FALSE,FALSE,FALSE,FALSE,FALSE,FALSE,FALSE,FALSE,FALSE,TRUE,FALSE,FALSE,FALSE,FALSE,FALSE,FALSE,FALSE,TRUE,-26.575,0,26.525,FALSE,FALSE,FALSE,1.18543,1.09199,1.201414,FALSE,FALSE,FALSE,0,0,0,FALSE,FALSE,FALSE,1.170815,FALSE,10.04,FALSE,24.75,FALSE
2025-10-24 09:49:54,357,12,83,197,309,273,162,171,177,233,291,236,275,236,182,183,241,298,297,659,377,345,455,275,238,484,502,562,430,257,468,482,474,504,337,377,332,250,205,471,317,FALSE,FALSE,FALSE,FALSE,FALSE,FALSE,FALSE,FALSE,FALSE,FALSE,FALSE,FALSE,FALSE,FALSE,FALSE,FALSE,FALSE,FALSE,FALSE,FALSE,FALSE,FALSE,FALSE,FALSE,FALSE,FALSE,FALSE,FALSE,FALSE,FALSE,FALSE,FALSE,FALSE,FALSE,FALSE,FALSE,FALSE,FALSE,FALSE,FALSE,FALSE,2.078843,4.617574,1.769445,2.224244,1.79888,1.830513,1.896127,1.9185,1.696745,1.920356,2.158081,2.344269,2.116935,2.262585,2.473262,2.508404,2.489343,2.649114,3.247084,2.543979,2.360601,2.389827,1.838901,2.243089,2.178512,1.925551,2.062067,2.211891,2.299587,2.106295,2.361776,2.310357,2.442351,2.786259,2.727733,2.633141,2.701128,2.621392,2.752187,2.750134,2.993667,FALSE,FALSE,FALSE,FALSE,FALSE,FALSE,FALSE,FALSE,FALSE,FALSE,FALSE,FALSE,FALSE,FALSE,FALSE,FALSE,FALSE,FALSE,FALSE,FALSE,FALSE,FALSE,FALSE,FALSE,FALSE,FALSE,FALSE,FALSE,FALSE,FALSE,FALSE,FALSE,FALSE,FALSE,FALSE,FALSE,FALSE,FALSE,FALSE,FALSE,FALSE,-26.575,0,26.2,FALSE,FALSE,FALSE,1.188924,1.10038,1.214298,FALSE,FALSE,FALSE,0,0,0,FALSE,FALSE,FALSE,1.174361,FALSE,10.08,FALSE,26.62,FALSE
2025-10-23 09:03:46,357,12,85,198,308,273,162,169,177,230,289,236,275,229,175,179,236,297,338,659,383,348,456,277,241,481,494,564,434,260,475,498,543,466,319,374,334,249,205,488,370,FALSE,FALSE,FALSE,FALSE,FALSE,FALSE,FALSE,FALSE,FALSE,FALSE,FALSE,FALSE,FALSE,FALSE,FALSE,FALSE,FALSE,FALSE,FALSE,FALSE,FALSE,FALSE,FALSE,FALSE,FALSE,FALSE,FALSE,FALSE,FALSE,FALSE,FALSE,FALSE,FALSE,FALSE,FALSE,FALSE,FALSE,FALSE,FALSE,FALSE,FALSE,2.297024,4.402872,1.808816,2.08815,1.611633,1.642203,1.731489,1.840267,1.520601,1.822855,2.022578,2.210293,1.894517,2.252424,2.501016,2.360339,2.424803,2.56896,5.251182,2.190326,1.919686,1.966255,1.490044,1.865003,1.785089,1.572571,1.870751,1.757521,1.884406,1.610698,2.00187,2.204823,5.277309,2.915082,2.794463,2.28722,2.381853,2.168011,2.312775,2.591004,6.278558,FALSE,FALSE,FALSE,FALSE,FALSE,FALSE,FALSE,FALSE,FALSE,FALSE,FALSE,FALSE,FALSE,FALSE,FALSE,FALSE,FALSE,FALSE,FALSE,FALSE,FALSE,FALSE,FALSE,FALSE,FALSE,FALSE,FALSE,FALSE,FALSE,FALSE,FALSE,FALSE,FALSE,FALSE,FALSE,FALSE,FALSE,FALSE,FALSE,FALSE,TRUE,-26.5,0,26.475,FALSE,FALSE,FALSE,1.185246,1.087352,1.203377,FALSE,FALSE,FALSE,0,0,0,FALSE,FALSE,FALSE,1.168268,FALSE,10.7,FALSE,24.75,FALSE
2025-10-22 21:30:22,357,12,82,197,306,273,161,168,177,231,289,235,274,228,177,178,234,297,320,652,375,343,449,273,235,475,491,556,422,256,464,483,513,460,321,373,330,246,204,473,348,FALSE,FALSE,FALSE,FALSE,FALSE,FALSE,FALSE,FALSE,FALSE,FALSE,FALSE,FALSE,FALSE,FALSE,FALSE,FALSE,FALSE,FALSE,FALSE,FALSE,FALSE,FALSE,FALSE,FALSE,FALSE,FALSE,FALSE,FALSE,FALSE,FALSE,FALSE,FALSE,FALSE,FALSE,FALSE,FALSE,FALSE,FALSE,FALSE,FALSE,FALSE,2.064545,4.518518,1.57362,2.235531,1.764071,1.782504,1.795697,1.825322,1.49048,1.738011,1.834876,1.931126,1.666703,2.381165,2.2312,2.856449,3.013097,4.384357,15.81889,2.347326,2.050022,2.172318,1.831825,2.046035,1.969486,2.079663,2.574701,2.058959,2.482241,2.390141,2.678956,4.118098,14.40704,5.782689,4.688103,2.644178,3.45182,3.282621,3.474791,5.89105,17.18047,FALSE,FALSE,FALSE,FALSE,FALSE,FALSE,FALSE,FALSE,FALSE,FALSE,FALSE,FALSE,FALSE,FALSE,FALSE,FALSE,FALSE,FALSE,TRUE,FALSE,FALSE,FALSE,FALSE,FALSE,FALSE,FALSE,FALSE,FALSE,FALSE,FALSE,FALSE,FALSE,TRUE,FALSE,FALSE,FALSE,FALSE,FALSE,FALSE,FALSE,TRUE,-26.6,0,26.225,FALSE,FALSE,FALSE,1.188783,1.10015,1.212089,FALSE,FALSE,FALSE,0,0,0,FALSE,FALSE,FALSE,1.175647,FALSE,10.92,FALSE,26.5,FALSE
2025-10-22 21:13:47,357,12,83,197,306,271,160,165,174,222,270,224,265,212,171,195,260,357,602,625,357,317,413,255,224,442,459,558,453,282,517,588,928,403,286,400,385,286,238,620,710,FALSE,FALSE,FALSE,FALSE,FALSE,FALSE,FALSE,FALSE,FALSE,FALSE,FALSE,FALSE,FALSE,FALSE,FALSE,FALSE,FALSE,FALSE,FALSE,FALSE,FALSE,FALSE,FALSE,FALSE,FALSE,FALSE,FALSE,FALSE,FALSE,FALSE,FALSE,FALSE,FALSE,FALSE,FALSE,FALSE,FALSE,FALSE,FALSE,FALSE,TRUE,1.968433,4.390018,1.497434,2.053659,1.610633,1.628615,1.68258,1.726184,1.45273,1.711347,1.947967,2.097972,1.937594,2.286269,3.40844,4.749214,4.936926,5.747725,8.04701,2.230839,1.993762,2.197467,1.905334,1.978612,1.885231,1.693713,2.049677,3.008045,3.758938,3.856715,4.296746,5.153427,6.898654,3.263965,3.090689,4.394918,5.279589,5.301182,5.352379,6.292497,8.158519,FALSE,FALSE,FALSE,FALSE,FALSE,FALSE,FALSE,FALSE,FALSE,FALSE,FALSE,FALSE,FALSE,FALSE,FALSE,FALSE,FALSE,FALSE,TRUE,FALSE,FALSE,FALSE,FALSE,FALSE,FALSE,FALSE,FALSE,FALSE,FALSE,FALSE,FALSE,FALSE,TRUE,FALSE,FALSE,FALSE,FALSE,FALSE,FALSE,TRUE,TRUE,-26.6,0,26.3,FALSE,FALSE,FALSE,1.188112,1.098464,1.206566,FALSE,FALSE,FALSE,0,0,0,FALSE,FALSE,FALSE,1.176787,FALSE,11.22,FALSE,26,FALSE
2025-10-22 21:01:54,357,12,82,197,309,272,160,166,173,222,272,225,266,213,173,199,265,364,619,635,358,317,414,252,223,443,459,561,457,283,521,591,934,409,288,403,394,289,241,626,724,FALSE,FALSE,FALSE,FALSE,FALSE,FALSE,FALSE,FALSE,FALSE,FALSE,FALSE,FALSE,FALSE,FALSE,FALSE,FALSE,FALSE,FALSE,TRUE,FALSE,FALSE,FALSE,FALSE,FALSE,FALSE,FALSE,FALSE,FALSE,FALSE,FALSE,FALSE,FALSE,FALSE,FALSE,FALSE,FALSE,FALSE,FALSE,FALSE,FALSE,TRUE,2.072513,4.611904,1.577204,2.437319,1.979827,1.982404,2.103189,2.231813,1.89602,2.295346,2.624349,2.611611,2.200944,2.484182,3.372816,4.435433,4.690894,5.477534,7.45671,2.578973,2.466328,2.63633,2.085299,2.274514,2.10253,1.825602,2.236623,3.03572,3.669947,3.926777,4.48855,5.000969,6.664476,3.87297,3.345769,4.319862,5.071461,5.030909,5.078938,6.021129,7.632887,FALSE,FALSE,FALSE,FALSE,FALSE,FALSE,FALSE,FALSE,FALSE,FALSE,FALSE,FALSE,FALSE,FALSE,FALSE,FALSE,FALSE,FALSE,TRUE,FALSE,FALSE,FALSE,FALSE,FALSE,FALSE,FALSE,FALSE,FALSE,FALSE,FALSE,FALSE,FALSE,TRUE,FALSE,FALSE,FALSE,FALSE,FALSE,FALSE,TRUE,TRUE,-26.725,0,26.425,FALSE,FALSE,FALSE,1.187132,1.09749,1.206228,FALSE,FALSE,FALSE,0,0,0,FALSE,FALSE,FALSE,1.175981,FALSE,11.39,FALSE,25.75,FALSE
2025-10-22 09:56:52,357,12,83,197,308,272,162,169,176,229,287,235,277,230,177,181,238,298,333,649,377,343,450,275,238,470,487,561,430,257,469,491,528,466,322,371,331,247,204,481,355,FALSE,FALSE,FALSE,FALSE,FALSE,FALSE,FALSE,FALSE,FALSE,FALSE,FALSE,FALSE,FALSE,FALSE,FALSE,FALSE,FALSE,FALSE,FALSE,FALSE,FALSE,FALSE,FALSE,FALSE,FALSE,FALSE,FALSE,FALSE,FALSE,FALSE,FALSE,FALSE,FALSE,FALSE,FALSE,FALSE,FALSE,FALSE,FALSE,FALSE,FALSE,1.965272,4.636699,1.572597,2.369237,1.936165,1.96727,2.010169,2.084712,1.794943,2.080505,2.345546,2.557546,2.329343,2.541681,2.752365,2.758035,2.808986,3.058039,7.626475,2.288961,2.092034,2.139501,1.528695,1.994847,1.906666,1.684869,1.899214,1.910639,2.066502,1.856475,2.233076,2.497489,6.951781,3.285148,3.178133,2.318797,2.425513,2.309921,2.443844,3.082815,8.052029,FALSE,FALSE,FALSE,FALSE,FALSE,FALSE,FALSE,FALSE,FALSE,FALSE,FALSE,FALSE,FALSE,FALSE,FALSE,FALSE,FALSE,FALSE,TRUE,FALSE,FALSE,FALSE,FALSE,FALSE,FALSE,FALSE,FALSE,FALSE,FALSE,FALSE,FALSE,FALSE,TRUE,FALSE,FALSE,FALSE,FALSE,FALSE,FALSE,FALSE,TRUE,-26.625,0,26.325,FALSE,FALSE,FALSE,1.188572,1.099161,1.209361,FALSE,FALSE,FALSE,0,0,0,FALSE,FALSE,FALSE,1.174761,FALSE,10.72,FALSE,26,FALSE
2025-10-22 09:42:25,357,12,85,166,262,236,139,145,149,183,214,221,302,288,348,508,745,1157,2375,539,299,261,342,242,240,505,648,1029,953,598,1247,1664,3284,1120,1109,1917,1975,1368,1176,3457,4491,FALSE,FALSE,FALSE,FALSE,FALSE,FALSE,FALSE,FALSE,FALSE,FALSE,FALSE,FALSE,FALSE,FALSE,FALSE,TRUE,TRUE,TRUE,TRUE,FALSE,FALSE,FALSE,FALSE,FALSE,FALSE,FALSE,FALSE,FALSE,TRUE,TRUE,TRUE,TRUE,TRUE,TRUE,TRUE,TRUE,TRUE,TRUE,TRUE,TRUE,TRUE,2.155951,4.468929,1.768685,5.685427,4.835149,4.051628,3.13446,2.546855,2.301479,2.347696,2.867106,2.741462,2.460421,2.386248,2.780169,3.147168,3.455028,4.073554,4.8728,2.097863,1.854424,2.025061,1.363519,1.858075,1.849156,1.588362,2.148927,2.580781,2.818136,2.836409,3.656786,4.156538,4.320498,6.989457,8.827376,8.362438,7.793943,7.688851,8.04955,8.067955,8.052876,FALSE,FALSE,FALSE,FALSE,FALSE,FALSE,FALSE,FALSE,FALSE,FALSE,FALSE,FALSE,FALSE,FALSE,FALSE,FALSE,FALSE,FALSE,FALSE,FALSE,FALSE,FALSE,FALSE,FALSE,FALSE,FALSE,FALSE,FALSE,FALSE,FALSE,FALSE,FALSE,FALSE,TRUE,TRUE,TRUE,TRUE,TRUE,TRUE,TRUE,TRUE,-26.6,0,26.475,FALSE,FALSE,FALSE,1.183912,1.090416,1.202414,FALSE,FALSE,FALSE,0,0,0,FALSE,FALSE,FALSE,1.172299,FALSE,10.31,FALSE,25.12,FALSE
2025-10-21 09:08:55,357,12,89,199,310,275,164,170,178,231,288,233,271,224,171,175,231,296,357,675,386,352,459,278,240,480,489,563,431,260,474,503,583,471,320,382,343,256,211,504,416,FALSE,FALSE,FALSE,FALSE,FALSE,FALSE,FALSE,FALSE,FALSE,FALSE,FALSE,FALSE,FALSE,FALSE,FALSE,FALSE,FALSE,FALSE,FALSE,FALSE,FALSE,FALSE,FALSE,FALSE,FALSE,FALSE,FALSE,FALSE,FALSE,FALSE,FALSE,FALSE,FALSE,FALSE,FALSE,FALSE,FALSE,FALSE,FALSE,FALSE,FALSE,3.202811,4.492509,2.683557,2.244649,1.759656,1.785133,1.839241,1.942304,1.622917,1.903267,2.149294,2.340463,2.082052,2.366328,2.546578,2.666597,2.706983,3.009206,5.788508,2.14838,1.884253,1.987306,1.705412,1.910874,1.903587,1.710028,2.053144,1.788487,2.056208,1.879183,2.124347,2.521785,5.112931,4.746116,4.609903,4.237893,4.353735,4.294934,4.32387,4.721787,7.28094,FALSE,FALSE,FALSE,FALSE,FALSE,FALSE,FALSE,FALSE,FALSE,FALSE,FALSE,FALSE,FALSE,FALSE,FALSE,FALSE,FALSE,FALSE,FALSE,FALSE,FALSE,FALSE,FALSE,FALSE,FALSE,FALSE,FALSE,FALSE,FALSE,FALSE,FALSE,FALSE,FALSE,FALSE,FALSE,FALSE,FALSE,FALSE,FALSE,FALSE,TRUE,-26.45,0,26.575,FALSE,FALSE,FALSE,1.180822,1.077353,1.198051,FALSE,FALSE,FALSE,0,0,0,FALSE,FALSE,FALSE,1.158373,FALSE,11.8,FALSE,23.88,FALSE
2025-10-20 09:10:56,357,12,90,200,310,276,163,170,177,229,283,229,268,217,168,178,237,311,450,678,386,346,452,274,238,473,482,560,442,271,493,542,749,461,315,395,370,275,227,569,567,FALSE,FALSE,FALSE,FALSE,FALSE,FALSE,FALSE,FALSE,FALSE,FALSE,FALSE,FALSE,FALSE,FALSE,FALSE,FALSE,FALSE,FALSE,FALSE,FALSE,FALSE,FALSE,FALSE,FALSE,FALSE,FALSE,FALSE,FALSE,FALSE,FALSE,FALSE,FALSE,FALSE,FALSE,FALSE,FALSE,FALSE,FALSE,FALSE,FALSE,FALSE,4.098871,4.637483,3.346245,2.441362,1.945621,1.934929,2.02091,2.125442,1.763717,2.055803,2.243341,2.616804,2.33371,2.480481,2.819252,3.510959,3.784462,4.709592,10.07344,2.511796,2.295113,2.551952,2.599026,2.504331,2.400666,2.272515,2.425737,2.171995,2.730971,2.846116,3.27655,4.135298,8.715991,6.692997,6.348339,5.127744,5.360996,5.409857,5.384989,6.339651,10.61844,FALSE,FALSE,FALSE,FALSE,FALSE,FALSE,FALSE,FALSE,FALSE,FALSE,FALSE,FALSE,FALSE,FALSE,FALSE,FALSE,FALSE,FALSE,TRUE,FALSE,FALSE,FALSE,FALSE,FALSE,FALSE,FALSE,FALSE,FALSE,FALSE,FALSE,FALSE,FALSE,TRUE,TRUE,TRUE,FALSE,FALSE,FALSE,FALSE,TRUE,TRUE,-26.45,0,26.675,FALSE,FALSE,FALSE,1.179183,1.073221,1.195462,FALSE,FALSE,FALSE,0,0,0,FALSE,FALSE,FALSE,1.153124,FALSE,12.82,FALSE,23.25,FALSE
2025-10-17 09:06:57,357,12,88,197,307,273,162,170,177,232,291,236,277,233,179,180,238,295,291,673,392,355,468,285,248,497,520,581,444,266,486,497,489,507,349,391,346,259,213,490,329,FALSE,FALSE,FALSE,FALSE,FALSE,FALSE,FALSE,FALSE,FALSE,FALSE,FALSE,FALSE,FALSE,FALSE,FALSE,FALSE,FALSE,FALSE,FALSE,FALSE,FALSE,FALSE,FALSE,FALSE,FALSE,FALSE,FALSE,FALSE,FALSE,FALSE,FALSE,FALSE,FALSE,FALSE,FALSE,FALSE,FALSE,FALSE,FALSE,FALSE,FALSE,3.166068,4.481114,2.594398,2.265972,1.782783,1.786447,1.887037,1.972011,1.617441,1.926017,2.141378,2.335923,2.032241,2.250608,2.468874,2.504497,2.5464,2.643005,3.396503,2.236397,1.902258,1.941125,1.616137,1.917021,1.894037,1.645593,1.976456,1.863237,2.043079,1.768317,2.06078,2.07879,2.080862,4.444271,4.421502,4.231061,4.220397,4.165213,4.149835,4.102807,4.371571,FALSE,FALSE,FALSE,FALSE,FALSE,FALSE,FALSE,FALSE,FALSE,FALSE,FALSE,FALSE,FALSE,FALSE,FALSE,FALSE,FALSE,FALSE,FALSE,FALSE,FALSE,FALSE,FALSE,FALSE,FALSE,FALSE,FALSE,FALSE,FALSE,FALSE,FALSE,FALSE,FALSE,FALSE,FALSE,FALSE,FALSE,FALSE,FALSE,FALSE,FALSE,-26.45,0,26.625,FALSE,FALSE,FALSE,1.181555,1.075981,1.199022,FALSE,FALSE,FALSE,0,0,0,FALSE,FALSE,FALSE,1.157639,FALSE,11.31,FALSE,23.75,FALSE
2025-10-16 09:42:51,357,12,83,196,309,273,162,169,178,230,289,238,277,234,180,181,239,298,302,662,379,348,454,277,242,482,504,576,435,260,474,488,486,472,332,376,336,248,205,470,323,FALSE,FALSE,FALSE,FALSE,FALSE,FALSE,FALSE,FALSE,FALSE,FALSE,FALSE,FALSE,FALSE,FALSE,FALSE,FALSE,FALSE,FALSE,FALSE,FALSE,FALSE,FALSE,FALSE,FALSE,FALSE,FALSE,FALSE,FALSE,FALSE,FALSE,FALSE,FALSE,FALSE,FALSE,FALSE,FALSE,FALSE,FALSE,FALSE,FALSE,FALSE,2.066098,4.62055,1.640126,2.252474,1.807661,1.844371,1.90225,1.968126,1.666557,1.953764,2.180167,2.3476,2.084798,2.298528,2.496348,2.504095,2.567285,2.672577,3.484854,2.355047,2.138708,2.227322,1.593786,2.056396,1.986618,1.697163,1.936167,2.03475,2.138348,1.885893,2.204663,2.197297,2.396996,2.765387,2.60361,2.370711,2.452812,2.296317,2.457448,2.533959,3.069313,FALSE,FALSE,FALSE,FALSE,FALSE,FALSE,FALSE,FALSE,FALSE,FALSE,FALSE,FALSE,FALSE,FALSE,FALSE,FALSE,FALSE,FALSE,FALSE,FALSE,FALSE,FALSE,FALSE,FALSE,FALSE,FALSE,FALSE,FALSE,FALSE,FALSE,FALSE,FALSE,FALSE,FALSE,FALSE,FALSE,FALSE,FALSE,FALSE,FALSE,FALSE,-26.525,0,26.325,FALSE,FALSE,FALSE,1.18714,1.097725,1.208745,FALSE,FALSE,FALSE,0,0,0,FALSE,FALSE,FALSE,1.17507,FALSE,10.99,FALSE,25.88,FALSE
2025-10-15 09:27:38,357,12,82,196,305,270,161,168,174,229,285,237,276,228,178,183,241,303,343,659,378,343,454,276,242,481,495,572,441,262,479,505,550,465,324,385,343,255,211,499,374,FALSE,FALSE,FALSE,FALSE,FALSE,FALSE,FALSE,FALSE,FALSE,FALSE,FALSE,FALSE,FALSE,FALSE,FALSE,FALSE,FALSE,FALSE,FALSE,FALSE,FALSE,FALSE,FALSE,FALSE,FALSE,FALSE,FALSE,FALSE,FALSE,FALSE,FALSE,FALSE,FALSE,FALSE,FALSE,FALSE,FALSE,FALSE,FALSE,FALSE,FALSE,2.687298,4.563443,2.60928,2.297603,1.924532,1.956968,2.010234,2.075794,1.80915,2.120995,2.445626,2.469584,2.2417,3.121897,2.967472,2.980348,3.084383,3.572738,9.742105,3.352962,3.276814,3.362276,2.877174,3.166951,3.032226,2.956699,3.11043,2.958875,3.208899,3.111147,3.377434,4.008507,9.464183,4.980691,4.724206,2.941749,3.289932,3.282958,3.369279,4.509175,10.68114,FALSE,FALSE,FALSE,FALSE,FALSE,FALSE,FALSE,FALSE,FALSE,FALSE,FALSE,FALSE,FALSE,FALSE,FALSE,FALSE,FALSE,FALSE,TRUE,FALSE,FALSE,FALSE,FALSE,FALSE,FALSE,FALSE,FALSE,FALSE,FALSE,FALSE,FALSE,FALSE,TRUE,FALSE,FALSE,FALSE,FALSE,FALSE,FALSE,FALSE,TRUE,-26.65,0,26.05,FALSE,FALSE,FALSE,1.190259,1.09593,1.218778,FALSE,FALSE,FALSE,0,0,0,FALSE,FALSE,FALSE,1.157511,FALSE,10.7,FALSE,28.38,FALSE
2025-10-14 09:25:05,357,12,88,199,309,275,163,170,179,232,289,235,271,227,174,176,232,295,333,669,388,351,462,278,242,482,500,566,435,260,473,497,547,479,328,378,340,253,209,494,380,FALSE,FALSE,FALSE,FALSE,FALSE,FALSE,FALSE,FALSE,FALSE,FALSE,FALSE,FALSE,FALSE,FALSE,FALSE,FALSE,FALSE,FALSE,FALSE,FALSE,FALSE,FALSE,FALSE,FALSE,FALSE,FALSE,FALSE,FALSE,FALSE,FALSE,FALSE,FALSE,FALSE,FALSE,FALSE,FALSE,FALSE,FALSE,FALSE,FALSE,FALSE,2.832484,4.432761,2.314791,1.935102,1.36476,1.465741,1.556944,1.6948,1.292847,1.630638,1.790081,1.937313,1.596374,1.909763,2.130467,2.279992,2.29206,2.806398,7.604583,2.131289,1.912758,2.020041,1.681201,1.933958,1.889708,1.79111,2.093713,1.741707,1.975207,1.792399,2.17199,2.583901,6.901967,5.813393,5.54762,3.817654,3.557771,3.534359,3.483317,3.895643,7.789273,FALSE,FALSE,FALSE,FALSE,FALSE,FALSE,FALSE,FALSE,FALSE,FALSE,FALSE,FALSE,FALSE,FALSE,FALSE,FALSE,FALSE,FALSE,TRUE,FALSE,FALSE,FALSE,FALSE,FALSE,FALSE,FALSE,FALSE,FALSE,FALSE,FALSE,FALSE,FALSE,TRUE,FALSE,FALSE,FALSE,FALSE,FALSE,FALSE,FALSE,TRUE,-26.475,0,26.525,FALSE,FALSE,FALSE,1.181718,1.078471,1.19764,FALSE,FALSE,FALSE,0,0,0,FALSE,FALSE,FALSE,1.158764,FALSE,10.79,FALSE,24.12,FALSE
2025-10-13 10:05:00,357,12,85,197,306,271,161,167,175,228,283,231,269,219,171,179,237,309,413,652,374,340,443,269,237,465,479,559,436,264,481,521,671,431,301,370,344,253,210,515,473,FALSE,FALSE,FALSE,FALSE,FALSE,FALSE,FALSE,FALSE,FALSE,FALSE,FALSE,FALSE,FALSE,FALSE,FALSE,FALSE,FALSE,FALSE,FALSE,FALSE,FALSE,FALSE,FALSE,FALSE,FALSE,FALSE,FALSE,FALSE,FALSE,FALSE,FALSE,FALSE,FALSE,FALSE,FALSE,FALSE,FALSE,FALSE,FALSE,FALSE,FALSE,2.21451,4.223155,1.70537,1.845572,1.319868,1.402853,1.441645,1.520181,1.217801,1.490632,1.785957,1.865729,1.543627,1.954631,2.186423,3.078355,3.307821,4.375443,10.99506,2.126126,1.874963,2.077018,1.96607,1.975711,1.838292,1.671546,1.897296,2.062776,2.788229,2.777751,3.091996,4.3282,10.05952,3.047205,2.802937,2.878472,3.785881,3.754197,3.844999,5.567683,12.03587,FALSE,FALSE,FALSE,FALSE,FALSE,FALSE,FALSE,FALSE,FALSE,FALSE,FALSE,FALSE,FALSE,FALSE,FALSE,FALSE,FALSE,FALSE,TRUE,FALSE,FALSE,FALSE,FALSE,FALSE,FALSE,FALSE,FALSE,FALSE,FALSE,FALSE,FALSE,FALSE,TRUE,FALSE,FALSE,FALSE,FALSE,FALSE,FALSE,FALSE,TRUE,-26.525,0,26.475,FALSE,FALSE,FALSE,1.184358,1.088305,1.201612,FALSE,FALSE,FALSE,0,0,0,FALSE,FALSE,FALSE,1.169356,FALSE,10.79,FALSE,24.88,FALSE
2025-10-13 09:57:06,378,12,86,197,306,270,160,166,174,223,270,222,260,211,169,192,257,351,600,642,364,324,421,258,227,450,461,565,461,285,522,598,942,431,295,408,398,292,244,637,729,FALSE,FALSE,FALSE,FALSE,FALSE,FALSE,FALSE,FALSE,FALSE,FALSE,FALSE,FALSE,FALSE,FALSE,FALSE,FALSE,FALSE,FALSE,FALSE,FALSE,FALSE,FALSE,FALSE,FALSE,FALSE,FALSE,FALSE,FALSE,FALSE,FALSE,FALSE,FALSE,FALSE,FALSE,FALSE,FALSE,FALSE,FALSE,FALSE,FALSE,TRUE,2.569299,4.211733,2.069132,1.781161,1.28056,1.350281,1.439558,1.582282,1.256387,1.596902,1.929545,1.85555,1.598829,2.484104,4.490848,5.859502,6.245784,7.051357,9.283177,2.248929,2.085607,2.41304,2.241573,2.019971,1.790502,1.643526,2.565993,3.587796,4.42744,4.688906,5.282645,6.009745,7.864066,4.488331,4.995629,6.051358,6.654355,6.653625,6.75367,7.678763,9.618703,FALSE,FALSE,FALSE,FALSE,FALSE,FALSE,FALSE,FALSE,FALSE,FALSE,FALSE,FALSE,FALSE,FALSE,FALSE,FALSE,TRUE,TRUE,TRUE,FALSE,FALSE,FALSE,FALSE,FALSE,FALSE,FALSE,FALSE,FALSE,FALSE,FALSE,FALSE,TRUE,TRUE,FALSE,FALSE,TRUE,TRUE,TRUE,TRUE,TRUE,TRUE,-26.5,0,26.525,FALSE,FALSE,FALSE,1.182884,1.082301,1.198817,FALSE,FALSE,FALSE,0,0,0,FALSE,FALSE,FALSE,1.164671,FALSE,10.39,FALSE,24.38,FALSE
2025-10-13 09:47:48,378,12,88,197,306,270,160,166,173,221,268,223,263,209,170,196,261,361,623,643,365,322,420,258,229,448,471,583,476,293,541,618,980,413,298,420,412,304,255,666,781,FALSE,FALSE,FALSE,FALSE,FALSE,FALSE,FALSE,FALSE,FALSE,FALSE,FALSE,FALSE,FALSE,FALSE,FALSE,FALSE,FALSE,FALSE,TRUE,FALSE,FALSE,FALSE,FALSE,FALSE,FALSE,FALSE,FALSE,FALSE,FALSE,FALSE,FALSE,FALSE,TRUE,FALSE,FALSE,FALSE,FALSE,FALSE,FALSE,FALSE,TRUE,2.910261,4.324808,2.551233,1.777006,1.233386,1.325414,1.425363,1.598497,1.306169,1.614861,1.967772,1.835802,1.517126,2.340448,4.202564,5.649106,5.960162,6.815899,8.75863,2.325788,2.201569,2.501033,2.362336,2.158585,1.895283,1.648131,2.35681,3.290987,4.147742,4.322678,4.913311,5.746257,7.229753,4.83766,5.189438,5.976829,6.476418,6.433922,6.506813,7.257769,8.842973,FALSE,FALSE,FALSE,FALSE,FALSE,FALSE,FALSE,FALSE,FALSE,FALSE,FALSE,FALSE,FALSE,FALSE,FALSE,FALSE,FALSE,TRUE,TRUE,FALSE,FALSE,FALSE,FALSE,FALSE,FALSE,FALSE,FALSE,FALSE,FALSE,FALSE,FALSE,FALSE,TRUE,FALSE,FALSE,FALSE,TRUE,TRUE,TRUE,TRUE,TRUE,-26.5,0,26.675,FALSE,FALSE,FALSE,1.180981,1.074373,1.195619,FALSE,FALSE,FALSE,0,0,0,FALSE,FALSE,FALSE,1.156995,FALSE,10.54,FALSE,23.88,FALSE
2025-10-12 22:55:25,378,12,90,197,308,273,163,170,177,231,288,234,274,228,175,177,233,291,313,678,386,354,467,285,245,482,509,569,435,264,479,496,523,476,336,391,345,258,213,495,360,FALSE,FALSE,FALSE,FALSE,FALSE,FALSE,FALSE,FALSE,FALSE,FALSE,FALSE,FALSE,FALSE,FALSE,FALSE,FALSE,FALSE,FALSE,FALSE,FALSE,FALSE,FALSE,FALSE,FALSE,FALSE,FALSE,FALSE,FALSE,FALSE,FALSE,FALSE,FALSE,FALSE,FALSE,FALSE,FALSE,FALSE,FALSE,FALSE,FALSE,FALSE,2.938809,4.39504,2.782871,1.888639,1.286685,1.406045,1.502668,1.664858,1.270404,1.583152,1.769427,1.951667,1.579977,1.797043,2.056246,2.085741,2.032543,2.129916,3.023817,2.163829,1.895565,1.942212,1.613477,1.869224,1.843462,1.665844,1.987297,1.849602,2.001689,1.750367,2.045465,2.04128,2.105292,4.944986,4.853866,4.672329,4.62727,4.621846,4.579225,4.539896,4.90711,FALSE,FALSE,FALSE,FALSE,FALSE,FALSE,FALSE,FALSE,FALSE,FALSE,FALSE,FALSE,FALSE,FALSE,FALSE,FALSE,FALSE,FALSE,FALSE,FALSE,FALSE,FALSE,FALSE,FALSE,FALSE,FALSE,FALSE,FALSE,FALSE,FALSE,FALSE,FALSE,FALSE,FALSE,FALSE,FALSE,FALSE,FALSE,FALSE,FALSE,FALSE,-26.5,0,26.675,FALSE,FALSE,FALSE,1.180453,1.072807,1.196606,FALSE,FALSE,FALSE,0,0,0,FALSE,FALSE,FALSE,1.157319,FALSE,11.09,FALSE,23.62,FALSE
2025-10-12 22:46:36,378,12,93,197,310,273,163,170,177,232,288,234,274,226,175,176,232,291,311,694,393,361,475,290,250,497,513,585,440,269,488,505,531,523,370,419,374,279,232,535,388,FALSE,FALSE,FALSE,FALSE,FALSE,FALSE,FALSE,FALSE,FALSE,FALSE,FALSE,FALSE,FALSE,FALSE,FALSE,FALSE,FALSE,FALSE,FALSE,FALSE,FALSE,FALSE,FALSE,FALSE,FALSE,FALSE,FALSE,FALSE,FALSE,FALSE,FALSE,FALSE,FALSE,FALSE,FALSE,FALSE,FALSE,FALSE,FALSE,FALSE,FALSE,3.549482,4.283739,3.366247,1.771718,1.225069,1.311903,1.396239,1.560016,1.210646,1.48789,1.661324,1.821854,1.438031,1.696632,1.942117,1.921387,1.89847,2.006191,2.87095,2.363937,2.08391,2.205539,1.96024,2.154596,2.164459,1.975136,2.229414,2.082985,2.219102,1.999681,2.240302,2.257303,2.215635,7.590934,7.790886,7.698446,7.590076,7.701433,7.680953,7.598622,7.655997,FALSE,FALSE,FALSE,FALSE,FALSE,FALSE,FALSE,FALSE,FALSE,FALSE,FALSE,FALSE,FALSE,FALSE,FALSE,FALSE,FALSE,FALSE,FALSE,FALSE,FALSE,FALSE,FALSE,FALSE,FALSE,FALSE,FALSE,FALSE,FALSE,FALSE,FALSE,FALSE,FALSE,TRUE,TRUE,TRUE,TRUE,TRUE,TRUE,TRUE,TRUE,-26.475,0,26.85,FALSE,FALSE,FALSE,1.177007,1.060144,1.194478,FALSE,FALSE,FALSE,0,0,0,FALSE,FALSE,FALSE,1.143991,FALSE,11.3,FALSE,23,FALSE
2025-10-12 22:39:09,402,12,92,198,311,275,163,171,178,232,288,232,271,227,171,174,231,289,309,707,403,369,486,290,253,503,522,590,444,270,492,510,534,558,384,439,391,296,243,569,411,FALSE,FALSE,FALSE,FALSE,FALSE,FALSE,FALSE,FALSE,FALSE,FALSE,FALSE,FALSE,FALSE,FALSE,FALSE,FALSE,FALSE,FALSE,FALSE,FALSE,FALSE,FALSE,FALSE,FALSE,FALSE,FALSE,FALSE,FALSE,FALSE,FALSE,FALSE,FALSE,FALSE,FALSE,FALSE,FALSE,FALSE,FALSE,FALSE,FALSE,FALSE,4.186219,4.305297,3.959603,1.758302,1.175382,1.320154,1.42609,1.597492,1.208789,1.522832,1.656118,1.815649,1.359859,1.654066,1.873025,1.906983,1.856125,1.933746,2.888346,2.591546,2.34084,2.437904,2.334531,2.466205,2.474447,2.300374,2.546645,2.357376,2.452454,2.25769,2.462456,2.433062,2.458618,10.74014,11.01974,10.96721,10.80023,10.94792,10.87628,10.83684,10.6363,FALSE,FALSE,FALSE,FALSE,FALSE,FALSE,FALSE,FALSE,FALSE,FALSE,FALSE,FALSE,FALSE,FALSE,FALSE,FALSE,FALSE,FALSE,FALSE,FALSE,FALSE,FALSE,FALSE,FALSE,FALSE,FALSE,FALSE,FALSE,FALSE,FALSE,FALSE,FALSE,FALSE,TRUE,TRUE,TRUE,TRUE,TRUE,TRUE,TRUE,TRUE,-26.425,0,26.925,FALSE,FALSE,FALSE,1.173692,1.04827,1.195717,FALSE,FALSE,FALSE,0,0,0,FALSE,FALSE,FALSE,1.132197,FALSE,11.69,FALSE,22.38,FALSE
2025-10-10 12:59:58,368,12,81,197,308,273,161,170,177,229,287,238,278,234,182,183,241,300,304,649,377,343,456,275,239,479,501,569,431,261,478,481,488,470,331,380,339,248,206,477,327,FALSE,FALSE,FALSE,FALSE,FALSE,FALSE,FALSE,FALSE,FALSE,FALSE,FALSE,FALSE,FALSE,FALSE,FALSE,FALSE,FALSE,FALSE,FALSE,FALSE,FALSE,FALSE,FALSE,FALSE,FALSE,FALSE,FALSE,FALSE,FALSE,FALSE,FALSE,FALSE,FALSE,FALSE,FALSE,FALSE,FALSE,FALSE,FALSE,FALSE,FALSE,2.33727,4.382174,1.480409,1.344663,0.8012806,1.132484,1.169796,1.217259,0.9635429,1.231353,1.335391,1.258126,0.9555192,1.231008,1.379292,1.335865,1.292526,1.363394,2.293131,2.432906,2.223074,2.211561,1.763221,2.125912,2.072836,1.845833,2.031838,2.1184,2.218702,2.013811,2.177225,2.263152,2.371594,2.080903,2.174622,1.905284,1.951448,1.889434,1.983344,2.028479,2.462596,FALSE,FALSE,FALSE,FALSE,FALSE,FALSE,FALSE,FALSE,FALSE,FALSE,FALSE,FALSE,FALSE,FALSE,FALSE,FALSE,FALSE,FALSE,FALSE,FALSE,FALSE,FALSE,FALSE,FALSE,FALSE,FALSE,FALSE,FALSE,FALSE,FALSE,FALSE,FALSE,FALSE,FALSE,FALSE,FALSE,FALSE,FALSE,FALSE,FALSE,FALSE,-26.45,0,26.275,FALSE,FALSE,FALSE,1.187893,1.09947,1.209062,FALSE,FALSE,FALSE,0,0,0,FALSE,FALSE,FALSE,1.167607,FALSE,9.9,FALSE,27.62,FALSE
2025-10-10 12:43:15,368,12,81,197,308,273,161,170,177,229,287,238,278,234,182,183,241,300,304,649,377,343,456,275,239,479,501,569,431,261,478,481,488,470,331,380,339,248,206,477,327,FALSE,FALSE,FALSE,FALSE,FALSE,FALSE,FALSE,FALSE,FALSE,FALSE,FALSE,FALSE,FALSE,FALSE,FALSE,FALSE,FALSE,FALSE,FALSE,FALSE,FALSE,FALSE,FALSE,FALSE,FALSE,FALSE,FALSE,FALSE,FALSE,FALSE,FALSE,FALSE,FALSE,FALSE,FALSE,FALSE,FALSE,FALSE,FALSE,FALSE,FALSE,2.387051,4.38487,1.535355,1.434121,0.8269132,1.198749,1.23477,1.281546,0.9849086,1.302848,1.438905,1.324098,1.003142,1.265898,1.400732,1.375556,1.35423,1.40937,2.294559,2.50392,2.261331,2.306746,1.794863,2.200589,2.159549,1.929937,2.026696,2.159323,2.258572,2.035113,2.174387,2.338426,2.375209,2.194841,2.185636,1.977588,2.007493,1.95768,2.06026,2.116584,2.541677,FALSE,FALSE,FALSE,FALSE,FALSE,FALSE,FALSE,FALSE,FALSE,FALSE,FALSE,FALSE,FALSE,FALSE,FALSE,FALSE,FALSE,FALSE,FALSE,FALSE,FALSE,FALSE,FALSE,FALSE,FALSE,FALSE,FALSE,FALSE,FALSE,FALSE,FALSE,FALSE,FALSE,FALSE,FALSE,FALSE,FALSE,FALSE,FALSE,FALSE,FALSE,-26.45,0,26.325,FALSE,FALSE,FALSE,1.18766,1.099385,1.208148,FALSE,FALSE,FALSE,0,0,0,FALSE,FALSE,FALSE,1.1672,FALSE,10.47,FALSE,27.5,FALSE
2025-10-10 12:02:12,368,12,82,196,309,273,161,169,175,231,285,233,274,233,179,182,240,299,294,662,375,343,456,274,238,480,500,560,427,261,477,475,469,500,345,385,338,252,207,474,315,FALSE,FALSE,FALSE,FALSE,FALSE,FALSE,FALSE,FALSE,FALSE,FALSE,FALSE,FALSE,FALSE,FALSE,FALSE,FALSE,FALSE,FALSE,FALSE,FALSE,FALSE,FALSE,FALSE,FALSE,FALSE,FALSE,FALSE,FALSE,FALSE,FALSE,FALSE,FALSE,FALSE,FALSE,FALSE,FALSE,FALSE,FALSE,FALSE,FALSE,FALSE,2.076207,4.300338,1.682121,1.686437,1.147627,1.348441,1.408969,1.474995,1.114533,1.481999,1.685961,1.687068,1.362074,1.61262,1.781939,1.786813,1.79577,1.847671,2.644302,2.620726,2.435775,2.437019,1.936127,2.335887,2.257798,2.023254,2.152884,2.284808,2.399297,2.183265,2.271571,2.410435,2.477116,2.44561,2.403933,2.193695,2.265528,2.152003,2.297809,2.35148,2.682636,FALSE,FALSE,FALSE,FALSE,FALSE,FALSE,FALSE,FALSE,FALSE,FALSE,FALSE,FALSE,FALSE,FALSE,FALSE,FALSE,FALSE,FALSE,FALSE,FALSE,FALSE,FALSE,FALSE,FALSE,FALSE,FALSE,FALSE,FALSE,FALSE,FALSE,FALSE,FALSE,FALSE,FALSE,FALSE,FALSE,FALSE,FALSE,FALSE,FALSE,FALSE,-26.425,0,26.325,FALSE,FALSE,FALSE,1.188713,1.100067,1.21069,FALSE,FALSE,FALSE,0,0,0,FALSE,FALSE,FALSE,1.168621,FALSE,12.57,FALSE,27.38,FALSE
2025-10-10 11:56:09,368,12,82,196,309,273,161,169,175,231,285,233,274,233,179,182,240,299,294,662,375,343,456,274,238,480,500,560,427,261,477,475,469,500,345,385,338,252,207,474,315,FALSE,FALSE,FALSE,FALSE,FALSE,FALSE,FALSE,FALSE,FALSE,FALSE,FALSE,FALSE,FALSE,FALSE,FALSE,FALSE,FALSE,FALSE,FALSE,FALSE,FALSE,FALSE,FALSE,FALSE,FALSE,FALSE,FALSE,FALSE,FALSE,FALSE,FALSE,FALSE,FALSE,FALSE,FALSE,FALSE,FALSE,FALSE,FALSE,FALSE,FALSE,2.109951,4.300024,1.717077,1.6694,1.148616,1.349606,1.394507,1.461866,1.114073,1.479007,1.640835,1.651491,1.343955,1.627651,1.773613,1.757746,1.773541,1.856797,2.623744,2.679102,2.452898,2.496077,1.940191,2.335996,2.260038,2.056542,2.120942,2.292703,2.369323,2.200704,2.281978,2.452685,2.536154,2.635997,2.511118,2.341337,2.415883,2.339097,2.449514,2.509972,2.794459,FALSE,FALSE,FALSE,FALSE,FALSE,FALSE,FALSE,FALSE,FALSE,FALSE,FALSE,FALSE,FALSE,FALSE,FALSE,FALSE,FALSE,FALSE,FALSE,FALSE,FALSE,FALSE,FALSE,FALSE,FALSE,FALSE,FALSE,FALSE,FALSE,FALSE,FALSE,FALSE,FALSE,FALSE,FALSE,FALSE,FALSE,FALSE,FALSE,FALSE,FALSE,-26.475,0,26.05,FALSE,FALSE,FALSE,1.188807,1.100609,1.21234,FALSE,FALSE,FALSE,0,0,0,FALSE,FALSE,FALSE,1.169428,FALSE,12.66,FALSE,27.25,FALSE
2025-10-10 09:28:07,368,12,85,203,315,277,165,173,178,235,293,240,282,241,187,189,249,309,304,683,386,354,456,283,246,494,499,587,446,266,474,497,485,544,372,416,370,276,228,517,330,FALSE,FALSE,FALSE,FALSE,FALSE,FALSE,FALSE,FALSE,FALSE,FALSE,FALSE,FALSE,FALSE,FALSE,FALSE,FALSE,FALSE,FALSE,FALSE,FALSE,FALSE,FALSE,FALSE,FALSE,FALSE,FALSE,FALSE,FALSE,FALSE,FALSE,FALSE,FALSE,FALSE,FALSE,FALSE,FALSE,FALSE,FALSE,FALSE,FALSE,FALSE,2.12272,4.415493,2.303413,1.849853,1.419786,1.710254,1.676278,1.680236,1.509166,1.718638,1.828605,2.013391,1.759237,1.848361,1.990658,2.022195,1.966684,2.093387,2.807121,3.010379,2.816055,2.887471,2.134584,2.761344,2.616198,2.385748,2.396089,2.663178,2.675145,2.474355,2.614078,2.608064,2.769121,5.274084,5.400468,5.423126,5.421114,5.480872,5.52036,5.503231,5.063016,FALSE,FALSE,FALSE,FALSE,FALSE,FALSE,FALSE,FALSE,FALSE,FALSE,FALSE,FALSE,FALSE,FALSE,FALSE,FALSE,FALSE,FALSE,FALSE,FALSE,FALSE,FALSE,FALSE,FALSE,FALSE,FALSE,FALSE,FALSE,FALSE,FALSE,FALSE,FALSE,FALSE,FALSE,FALSE,FALSE,FALSE,FALSE,FALSE,FALSE,FALSE,-27.05,0,26.35,FALSE,FALSE,FALSE,1.184333,1.098416,1.202208,FALSE,FALSE,FALSE,0,0,0,FALSE,FALSE,FALSE,1.170117,FALSE,11.58,FALSE,27.12,FALSE
2025-10-09 09:15:24,368,12,90,204,318,281,166,175,181,239,298,242,280,237,183,184,243,302,311,694,395,362,470,291,252,507,506,588,454,269,481,507,516,494,338,380,337,254,210,483,327,FALSE,FALSE,FALSE,FALSE,FALSE,FALSE,FALSE,FALSE,FALSE,FALSE,FALSE,FALSE,FALSE,FALSE,FALSE,FALSE,FALSE,FALSE,FALSE,FALSE,FALSE,FALSE,FALSE,FALSE,FALSE,FALSE,FALSE,FALSE,FALSE,FALSE,FALSE,FALSE,FALSE,FALSE,FALSE,FALSE,FALSE,FALSE,FALSE,FALSE,FALSE,2.613554,4.287134,1.930711,1.658163,1.236153,1.513453,1.494396,1.449337,1.325471,1.523896,1.656543,1.719508,1.540454,1.702423,1.885834,1.843419,1.845961,1.896809,3.638938,2.271585,1.977379,2.053102,1.399901,1.941169,1.86218,1.541693,1.744949,1.886009,1.9983,1.684956,1.923133,2.017099,3.329428,2.832634,2.703655,2.394051,2.413701,2.473269,2.426603,2.58957,3.928838,FALSE,FALSE,FALSE,FALSE,FALSE,FALSE,FALSE,FALSE,FALSE,FALSE,FALSE,FALSE,FALSE,FALSE,FALSE,FALSE,FALSE,FALSE,FALSE,FALSE,FALSE,FALSE,FALSE,FALSE,FALSE,FALSE,FALSE,FALSE,FALSE,FALSE,FALSE,FALSE,FALSE,FALSE,FALSE,FALSE,FALSE,FALSE,FALSE,FALSE,FALSE,-26.725,0,26.775,FALSE,FALSE,FALSE,1.178229,1.07519,1.204199,FALSE,FALSE,FALSE,0,0,0,FALSE,FALSE,FALSE,1.151921,FALSE,8.54,FALSE,24,FALSE
2025-10-08 08:50:34,368,12,92,203,315,279,166,174,180,237,292,238,278,229,175,179,236,298,328,702,398,364,471,289,250,503,505,584,443,267,476,506,555,458,318,369,330,246,204,479,356,FALSE,FALSE,FALSE,FALSE,FALSE,FALSE,FALSE,FALSE,FALSE,FALSE,FALSE,FALSE,FALSE,FALSE,FALSE,FALSE,FALSE,FALSE,FALSE,FALSE,FALSE,FALSE,FALSE,FALSE,FALSE,FALSE,FALSE,FALSE,FALSE,FALSE,FALSE,FALSE,FALSE,FALSE,FALSE,FALSE,FALSE,FALSE,FALSE,FALSE,FALSE,2.018298,4.224245,2.493092,1.652807,1.174254,1.504978,1.476248,1.45772,1.2808,1.545471,1.654568,1.683698,1.510258,2.040642,2.276752,1.933,1.878763,1.802032,5.527227,2.258791,2.028157,2.117826,1.525278,1.977589,1.926627,1.775518,2.182172,2.119113,2.165638,1.837465,2.02422,2.005502,4.93393,4.357261,4.119131,2.754722,2.676181,2.712472,2.630838,2.764871,6.488214,FALSE,FALSE,FALSE,FALSE,FALSE,FALSE,FALSE,FALSE,FALSE,FALSE,FALSE,FALSE,FALSE,FALSE,FALSE,FALSE,FALSE,FALSE,FALSE,FALSE,FALSE,FALSE,FALSE,FALSE,FALSE,FALSE,FALSE,FALSE,FALSE,FALSE,FALSE,FALSE,FALSE,FALSE,FALSE,FALSE,FALSE,FALSE,FALSE,FALSE,TRUE,-26.9,0,26.975,FALSE,FALSE,FALSE,1.172616,1.0652,1.201483,FALSE,FALSE,FALSE,0,0,0,FALSE,FALSE,FALSE,1.145881,FALSE,9.61,FALSE,23.38,FALSE
2025-10-07 08:36:57,368,12,92,205,320,284,167,176,182,239,299,240,280,238,182,183,242,302,298,708,400,366,471,291,252,513,519,597,451,270,481,506,502,513,342,382,339,253,210,478,317,FALSE,FALSE,FALSE,FALSE,FALSE,FALSE,FALSE,FALSE,FALSE,FALSE,FALSE,FALSE,FALSE,FALSE,FALSE,FALSE,FALSE,FALSE,FALSE,FALSE,FALSE,FALSE,FALSE,FALSE,FALSE,FALSE,FALSE,FALSE,FALSE,FALSE,FALSE,FALSE,FALSE,FALSE,FALSE,FALSE,FALSE,FALSE,FALSE,FALSE,FALSE,2.667812,4.332335,2.423857,1.866602,1.334123,1.701443,1.688435,1.681668,1.449237,1.731796,1.84926,1.936869,1.703867,1.878417,2.031279,2.055087,2.036124,2.040415,2.779057,2.354708,2.155126,2.19971,1.487188,2.030358,1.925532,1.634611,1.804177,2.029988,2.144794,1.780747,1.956949,2.08398,2.196392,3.087427,2.928805,2.848465,2.88812,2.896484,2.876771,2.985033,3.085659,FALSE,FALSE,FALSE,FALSE,FALSE,FALSE,FALSE,FALSE,FALSE,FALSE,FALSE,FALSE,FALSE,FALSE,FALSE,FALSE,FALSE,FALSE,FALSE,FALSE,FALSE,FALSE,FALSE,FALSE,FALSE,FALSE,FALSE,FALSE,FALSE,FALSE,FALSE,FALSE,FALSE,FALSE,FALSE,FALSE,FALSE,FALSE,FALSE,FALSE,FALSE,-26.65,0,26.725,FALSE,FALSE,FALSE,1.176481,1.070569,1.20502,FALSE,FALSE,FALSE,0,0,0,FALSE,FALSE,FALSE,1.146873,FALSE,11.05,FALSE,23.62,FALSE
2025-10-06 19:28:59,368,12,90,205,316,282,167,175,180,236,294,240,278,229,176,181,240,307,371,687,393,356,457,282,247,489,491,572,436,264,472,510,607,447,309,374,340,250,209,491,403,FALSE,FALSE,FALSE,FALSE,FALSE,FALSE,FALSE,FALSE,FALSE,FALSE,FALSE,FALSE,FALSE,FALSE,FALSE,FALSE,FALSE,FALSE,FALSE,FALSE,FALSE,FALSE,FALSE,FALSE,FALSE,FALSE,FALSE,FALSE,FALSE,FALSE,FALSE,FALSE,FALSE,FALSE,FALSE,FALSE,FALSE,FALSE,FALSE,FALSE,FALSE,1.976856,4.363499,2.085723,1.868403,1.368578,1.68869,1.629,1.596506,1.375692,1.602244,1.719704,1.786098,1.631847,2.111234,2.144212,2.362979,2.39616,3.070077,9.90552,2.318021,2.064675,2.1534,1.698799,2.014956,1.929116,1.864738,2.110844,2.064504,2.437115,2.219584,2.430682,3.387859,9.300735,4.822201,3.673245,2.893279,3.277907,3.261048,3.285115,4.696548,11.63779,FALSE,FALSE,FALSE,FALSE,FALSE,FALSE,FALSE,FALSE,FALSE,FALSE,FALSE,FALSE,FALSE,FALSE,FALSE,FALSE,FALSE,FALSE,TRUE,FALSE,FALSE,FALSE,FALSE,FALSE,FALSE,FALSE,FALSE,FALSE,FALSE,FALSE,FALSE,FALSE,TRUE,FALSE,FALSE,FALSE,FALSE,FALSE,FALSE,FALSE,TRUE,-26.775,0,26.7,FALSE,FALSE,FALSE,1.176165,1.077651,1.199014,FALSE,FALSE,FALSE,0,0,0,FALSE,FALSE,FALSE,1.158009,FALSE,11.07,FALSE,24.25,FALSE
2025-10-06 19:08:57,368,12,97,206,319,280,165,172,177,227,277,228,270,215,175,204,272,373,650,693,388,341,436,275,242,480,480,621,506,309,560,657,1069,408,291,412,404,298,250,651,760,FALSE,FALSE,FALSE,FALSE,FALSE,FALSE,FALSE,FALSE,FALSE,FALSE,FALSE,FALSE,FALSE,FALSE,FALSE,FALSE,FALSE,FALSE,TRUE,FALSE,FALSE,FALSE,FALSE,FALSE,FALSE,FALSE,FALSE,FALSE,FALSE,FALSE,FALSE,FALSE,TRUE,FALSE,FALSE,FALSE,FALSE,FALSE,FALSE,FALSE,TRUE,2.457419,4.372066,3.472921,1.711508,1.131214,1.482947,1.412377,1.355053,1.171558,1.411308,1.647243,1.676308,1.781918,2.316364,3.678398,5.081179,5.201411,5.975564,8.395653,2.426733,2.191102,2.321933,2.415684,2.180336,2.151551,1.998173,2.392046,3.658082,4.470253,4.357545,4.55773,5.702219,7.574938,4.692916,4.21318,5.401079,6.277646,6.169713,6.258727,7.301842,9.202766,FALSE,FALSE,FALSE,FALSE,FALSE,FALSE,FALSE,FALSE,FALSE,FALSE,FALSE,FALSE,FALSE,FALSE,FALSE,FALSE,FALSE,FALSE,TRUE,FALSE,FALSE,FALSE,FALSE,FALSE,FALSE,FALSE,FALSE,FALSE,FALSE,FALSE,FALSE,FALSE,TRUE,FALSE,FALSE,FALSE,TRUE,TRUE,TRUE,TRUE,TRUE,-26.725,0,27.075,FALSE,FALSE,FALSE,1.170122,1.04872,1.19822,FALSE,FALSE,FALSE,0,0,0,FALSE,FALSE,FALSE,1.131309,FALSE,10.89,FALSE,22.62,FALSE
2025-10-03 09:11:30,368,12,85,204,317,279,166,174,179,234,292,240,278,228,178,187,248,320,411,671,387,349,445,279,243,480,482,583,452,268,480,530,665,458,321,399,370,272,229,550,470,FALSE,FALSE,FALSE,FALSE,FALSE,FALSE,FALSE,FALSE,FALSE,FALSE,FALSE,FALSE,FALSE,FALSE,FALSE,FALSE,FALSE,FALSE,FALSE,FALSE,FALSE,FALSE,FALSE,FALSE,FALSE,FALSE,FALSE,FALSE,FALSE,FALSE,FALSE,FALSE,FALSE,FALSE,FALSE,FALSE,FALSE,FALSE,FALSE,FALSE,FALSE,4.140459,4.327072,2.629845,2.020282,1.609636,1.823275,1.798775,1.801009,1.669786,1.860154,2.172397,2.278082,2.075579,2.980828,2.770668,2.576672,2.58641,3.457169,13.91929,3.056904,2.967486,3.049822,2.33215,2.899754,2.712442,2.576963,2.596773,2.612164,2.898338,2.860106,3.206903,4.251617,13.46764,6.548659,6.422106,5.168134,5.421522,5.442285,5.500022,6.998266,17.09643,FALSE,FALSE,FALSE,FALSE,FALSE,FALSE,FALSE,FALSE,FALSE,FALSE,FALSE,FALSE,FALSE,FALSE,FALSE,FALSE,FALSE,FALSE,TRUE,FALSE,FALSE,FALSE,FALSE,FALSE,FALSE,FALSE,FALSE,FALSE,FALSE,FALSE,FALSE,FALSE,TRUE,TRUE,TRUE,FALSE,FALSE,FALSE,FALSE,TRUE,TRUE,-26.8,0,26.35,FALSE,FALSE,FALSE,1.18646,1.097267,1.202729,FALSE,FALSE,FALSE,0,0,0,FALSE,FALSE,FALSE,1.17265,FALSE,9.98,FALSE,26.25,FALSE
2025-10-03 08:46:21,368,12,88,204,315,281,164,172,176,229,278,230,272,219,177,202,270,367,625,656,375,330,420,265,234,464,471,593,480,292,529,616,981,422,294,415,404,298,250,647,737,FALSE,FALSE,FALSE,FALSE,FALSE,FALSE,FALSE,FALSE,FALSE,FALSE,FALSE,FALSE,FALSE,FALSE,FALSE,FALSE,FALSE,FALSE,TRUE,FALSE,FALSE,FALSE,FALSE,FALSE,FALSE,FALSE,FALSE,FALSE,FALSE,FALSE,FALSE,FALSE,TRUE,FALSE,FALSE,FALSE,FALSE,FALSE,FALSE,FALSE,TRUE,4.321024,4.544239,2.212282,1.984643,1.449855,1.740556,1.636862,1.578393,1.384673,1.529893,1.752496,2.010046,2.091892,2.713845,4.283552,5.636493,5.716903,6.446385,8.923802,2.416066,2.188087,2.223543,2.094546,2.083199,2.079106,1.951446,2.436344,4.020964,4.798426,4.647802,4.960062,6.052568,7.941523,4.956964,5.223338,6.666308,7.532146,7.465675,7.568124,8.649719,10.58927,FALSE,FALSE,FALSE,FALSE,FALSE,FALSE,FALSE,FALSE,FALSE,FALSE,FALSE,FALSE,FALSE,FALSE,FALSE,FALSE,FALSE,TRUE,TRUE,FALSE,FALSE,FALSE,FALSE,FALSE,FALSE,FALSE,FALSE,FALSE,FALSE,FALSE,FALSE,TRUE,TRUE,FALSE,FALSE,TRUE,TRUE,TRUE,TRUE,TRUE,TRUE,-26.775,0,26.6,FALSE,FALSE,FALSE,1.182702,1.082762,1.198712,FALSE,FALSE,FALSE,0,0,0,FALSE,FALSE,FALSE,1.159871,FALSE,11.74,FALSE,24.88,FALSE
2025-10-02 10:07:49,368,12,85,202,315,279,165,173,179,236,293,241,283,240,184,187,247,308,314,674,388,355,457,285,247,494,499,592,447,265,471,500,508,536,368,421,371,277,230,524,348,FALSE,FALSE,FALSE,FALSE,FALSE,FALSE,FALSE,FALSE,FALSE,FALSE,FALSE,FALSE,FALSE,FALSE,FALSE,FALSE,FALSE,FALSE,FALSE,FALSE,FALSE,FALSE,FALSE,FALSE,FALSE,FALSE,FALSE,FALSE,FALSE,FALSE,FALSE,FALSE,FALSE,FALSE,FALSE,FALSE,FALSE,FALSE,FALSE,FALSE,FALSE,3.371284,4.291788,2.823277,1.861625,1.584009,1.706147,1.682608,1.700852,1.621011,1.69842,1.843753,2.110434,1.908372,2.014285,2.189547,2.212643,2.1614,2.241948,2.937341,2.991379,2.892804,2.931421,2.279994,2.822892,2.696837,2.493754,2.493534,2.701257,2.66977,2.55477,2.646392,2.696078,2.93215,5.698508,5.822494,5.840693,5.799834,5.877259,5.86468,5.841597,5.685243,FALSE,FALSE,FALSE,FALSE,FALSE,FALSE,FALSE,FALSE,FALSE,FALSE,FALSE,FALSE,FALSE,FALSE,FALSE,FALSE,FALSE,FALSE,FALSE,FALSE,FALSE,FALSE,FALSE,FALSE,FALSE,FALSE,FALSE,FALSE,FALSE,FALSE,FALSE,FALSE,FALSE,FALSE,FALSE,FALSE,FALSE,FALSE,FALSE,FALSE,FALSE,-26.85,0,26.225,FALSE,FALSE,FALSE,1.186645,1.099726,1.20488,FALSE,FALSE,FALSE,0,0,0,FALSE,FALSE,FALSE,1.171206,FALSE,7.93,FALSE,27.38,FALSE
2025-10-02 08:47:22,368,12,88,202,315,279,166,173,180,236,296,242,280,235,182,184,242,303,308,691,397,361,464,289,250,500,505,594,448,268,477,503,510,483,335,378,340,251,210,476,323,FALSE,FALSE,FALSE,FALSE,FALSE,FALSE,FALSE,FALSE,FALSE,FALSE,FALSE,FALSE,FALSE,FALSE,FALSE,FALSE,FALSE,FALSE,FALSE,FALSE,FALSE,FALSE,FALSE,FALSE,FALSE,FALSE,FALSE,FALSE,FALSE,FALSE,FALSE,FALSE,FALSE,FALSE,FALSE,FALSE,FALSE,FALSE,FALSE,FALSE,FALSE,2.619859,4.305805,2.091768,1.763638,1.246958,1.594186,1.569155,1.558725,1.368215,1.613501,1.736745,1.837885,1.597847,1.820093,2.026387,1.984137,1.93039,1.953866,3.589062,2.269962,2.064671,2.133893,1.390442,1.99894,1.890813,1.554756,1.749548,1.958341,2.07709,1.719175,1.90684,2.07719,3.1888,3.252736,3.062578,2.701899,2.731505,2.789115,2.730744,2.809611,3.767447,FALSE,FALSE,FALSE,FALSE,FALSE,FALSE,FALSE,FALSE,FALSE,FALSE,FALSE,FALSE,FALSE,FALSE,FALSE,FALSE,FALSE,FALSE,FALSE,FALSE,FALSE,FALSE,FALSE,FALSE,FALSE,FALSE,FALSE,FALSE,FALSE,FALSE,FALSE,FALSE,FALSE,FALSE,FALSE,FALSE,FALSE,FALSE,FALSE,FALSE,FALSE,-26.85,0,26.875,FALSE,FALSE,FALSE,1.176728,1.065892,1.202267,FALSE,FALSE,FALSE,0,0,0,FALSE,FALSE,FALSE,1.143013,FALSE,9.89,FALSE,23.75,FALSE
2025-10-01 08:44:08,368,12,88,202,315,279,166,173,180,236,296,242,280,235,182,184,242,303,308,691,397,361,464,289,250,500,505,594,448,268,477,503,510,483,335,378,340,251,210,476,323,FALSE,FALSE,FALSE,FALSE,FALSE,FALSE,FALSE,FALSE,FALSE,FALSE,FALSE,FALSE,FALSE,FALSE,FALSE,FALSE,FALSE,FALSE,FALSE,FALSE,FALSE,FALSE,FALSE,FALSE,FALSE,FALSE,FALSE,FALSE,FALSE,FALSE,FALSE,FALSE,FALSE,FALSE,FALSE,FALSE,FALSE,FALSE,FALSE,FALSE,FALSE,2.519139,4.13533,2.005702,1.645869,1.228997,1.492492,1.473501,1.463037,1.313049,1.525116,1.625819,1.697229,1.50144,1.73379,1.88158,1.841827,1.862024,1.901374,2.96184,2.21269,1.977103,2.031195,1.404659,1.894804,1.832506,1.495157,1.756489,1.854484,1.967795,1.706698,1.938814,1.982688,2.500159,2.773856,2.698512,2.458766,2.488985,2.500238,2.471079,2.655837,3.386809,FALSE,FALSE,FALSE,FALSE,FALSE,FALSE,FALSE,FALSE,FALSE,FALSE,FALSE,FALSE,FALSE,FALSE,FALSE,FALSE,FALSE,FALSE,FALSE,FALSE,FALSE,FALSE,FALSE,FALSE,FALSE,FALSE,FALSE,FALSE,FALSE,FALSE,FALSE,FALSE,FALSE,FALSE,FALSE,FALSE,FALSE,FALSE,FALSE,FALSE,FALSE,-26.85,0,26.775,FALSE,FALSE,FALSE,1.176898,1.073542,1.20309,FALSE,FALSE,FALSE,0,0,0,FALSE,FALSE,FALSE,1.149895,FALSE,8.41,FALSE,24,FALSE
2025-09-30 09:57:39,368,12,83,203,317,279,166,174,182,236,298,241,281,240,183,188,247,308,316,679,392,358,461,285,245,500,505,591,445,268,477,511,518,579,381,426,378,283,234,536,354,FALSE,FALSE,FALSE,FALSE,FALSE,FALSE,FALSE,FALSE,FALSE,FALSE,FALSE,FALSE,FALSE,FALSE,FALSE,FALSE,FALSE,FALSE,FALSE,FALSE,FALSE,FALSE,FALSE,FALSE,FALSE,FALSE,FALSE,FALSE,FALSE,FALSE,FALSE,FALSE,FALSE,FALSE,FALSE,FALSE,FALSE,FALSE,FALSE,FALSE,FALSE,3.819264,4.245528,3.094659,1.854356,1.568803,1.706506,1.68473,1.734989,1.609769,1.720386,1.808486,2.135949,1.945215,2.024316,2.253031,2.267559,2.221513,2.250607,3.238461,3.281124,3.216957,3.209505,2.58961,3.145289,2.981572,2.805617,2.734521,2.983261,2.909548,2.830201,2.930511,2.92958,3.475173,6.549699,6.866066,6.862901,6.724546,6.849758,6.822181,6.737913,6.548382,FALSE,FALSE,FALSE,FALSE,FALSE,FALSE,FALSE,FALSE,FALSE,FALSE,FALSE,FALSE,FALSE,FALSE,FALSE,FALSE,FALSE,FALSE,FALSE,FALSE,FALSE,FALSE,FALSE,FALSE,FALSE,FALSE,FALSE,FALSE,FALSE,FALSE,FALSE,FALSE,FALSE,TRUE,TRUE,TRUE,TRUE,TRUE,TRUE,TRUE,TRUE,-26.825,0,26.1,FALSE,FALSE,FALSE,1.186921,1.098945,1.206324,FALSE,FALSE,FALSE,0,0,0,FALSE,FALSE,FALSE,1.166055,FALSE,9.17,FALSE,28.12,FALSE
2025-09-30 09:52:14,368,12,83,205,315,278,161,164,168,215,255,226,286,229,206,274,367,532,1048,603,340,295,372,248,229,458,472,681,590,362,675,835,1496,475,342,592,629,453,382,1080,1343,FALSE,FALSE,FALSE,FALSE,FALSE,FALSE,FALSE,FALSE,FALSE,FALSE,FALSE,FALSE,FALSE,FALSE,FALSE,FALSE,FALSE,FALSE,TRUE,FALSE,FALSE,FALSE,FALSE,FALSE,FALSE,FALSE,FALSE,FALSE,FALSE,FALSE,FALSE,FALSE,TRUE,FALSE,FALSE,FALSE,FALSE,FALSE,FALSE,TRUE,TRUE,1.937914,4.114799,2.333071,1.543578,1.196888,1.408383,1.36795,1.370811,1.309579,1.400085,1.519656,1.58649,1.42238,1.65308,2.175127,2.638314,2.62436,3.075305,3.971301,2.657655,2.4736,2.499417,1.917873,2.391155,2.292315,2.113511,2.268016,2.627159,2.822478,2.798176,3.144921,3.393444,3.843054,4.470388,4.587036,4.709257,4.911977,4.866418,4.879809,5.223258,5.488496,FALSE,FALSE,FALSE,FALSE,FALSE,FALSE,FALSE,FALSE,FALSE,FALSE,FALSE,FALSE,FALSE,FALSE,FALSE,FALSE,FALSE,FALSE,FALSE,FALSE,FALSE,FALSE,FALSE,FALSE,FALSE,FALSE,FALSE,FALSE,FALSE,FALSE,FALSE,FALSE,FALSE,FALSE,FALSE,FALSE,FALSE,FALSE,FALSE,FALSE,FALSE,-26.8,0,26.1,FALSE,FALSE,FALSE,1.187749,1.099729,1.202203,FALSE,FALSE,FALSE,0,0,0,FALSE,FALSE,FALSE,1.169836,FALSE,9.87,FALSE,27.88,FALSE
2025-09-30 09:45:56,368,12,84,204,315,280,165,174,180,238,295,246,287,239,187,190,249,312,322,675,387,356,456,287,250,495,498,587,451,266,476,505,521,526,371,429,383,282,233,535,359,FALSE,FALSE,FALSE,FALSE,FALSE,FALSE,FALSE,FALSE,FALSE,FALSE,FALSE,FALSE,FALSE,FALSE,FALSE,FALSE,FALSE,FALSE,FALSE,FALSE,FALSE,FALSE,FALSE,FALSE,FALSE,FALSE,FALSE,FALSE,FALSE,FALSE,FALSE,FALSE,FALSE,FALSE,FALSE,FALSE,FALSE,FALSE,FALSE,FALSE,FALSE,3.444045,4.391005,2.838267,1.848857,1.52872,1.696476,1.665601,1.718275,1.584415,1.708547,1.813977,2.069592,1.824412,1.951486,2.141896,2.127409,2.092324,2.171593,3.463721,3.111216,3.040036,3.059259,2.390707,2.961623,2.811089,2.587976,2.608266,2.818,2.76338,2.655216,2.775747,2.841503,3.574905,6.12612,6.23965,6.2808,6.188627,6.260938,6.249129,6.250359,6.557644,FALSE,FALSE,FALSE,FALSE,FALSE,FALSE,FALSE,FALSE,FALSE,FALSE,FALSE,FALSE,FALSE,FALSE,FALSE,FALSE,FALSE,FALSE,FALSE,FALSE,FALSE,FALSE,FALSE,FALSE,FALSE,FALSE,FALSE,FALSE,FALSE,FALSE,FALSE,FALSE,FALSE,TRUE,TRUE,TRUE,TRUE,TRUE,TRUE,TRUE,TRUE,-26.825,0,26.125,FALSE,FALSE,FALSE,1.188222,1.100861,1.207151,FALSE,FALSE,FALSE,0,0,0,FALSE,FALSE,FALSE,1.169552,FALSE,8.77,FALSE,27.88,FALSE
2025-09-30 09:42:51,368,12,85,204,317,281,168,174,182,237,299,243,280,239,181,184,246,303,307,677,390,356,455,282,244,493,497,584,434,262,466,497,496,540,362,412,368,271,227,516,340,FALSE,FALSE,FALSE,FALSE,FALSE,FALSE,FALSE,FALSE,FALSE,FALSE,FALSE,FALSE,FALSE,FALSE,FALSE,FALSE,FALSE,FALSE,FALSE,FALSE,FALSE,FALSE,FALSE,FALSE,FALSE,FALSE,FALSE,FALSE,FALSE,FALSE,FALSE,FALSE,FALSE,FALSE,FALSE,FALSE,FALSE,FALSE,FALSE,FALSE,FALSE,3.636255,4.366795,2.961896,1.85677,1.509997,1.675621,1.661794,1.729095,1.584579,1.730059,1.816975,2.084287,1.803471,1.96334,2.147089,2.166465,2.089772,2.166269,3.387298,3.207993,3.106034,3.135206,2.43887,2.988102,2.857298,2.659761,2.650231,2.833848,2.824069,2.760195,2.892634,2.907213,3.557714,6.273416,6.3763,6.285892,6.27745,6.315499,6.362091,6.420325,6.591668,FALSE,FALSE,FALSE,FALSE,FALSE,FALSE,FALSE,FALSE,FALSE,FALSE,FALSE,FALSE,FALSE,FALSE,FALSE,FALSE,FALSE,FALSE,FALSE,FALSE,FALSE,FALSE,FALSE,FALSE,FALSE,FALSE,FALSE,FALSE,FALSE,FALSE,FALSE,FALSE,FALSE,TRUE,TRUE,TRUE,TRUE,TRUE,TRUE,TRUE,TRUE,-26.8,0,26.125,FALSE,FALSE,FALSE,1.187473,1.100722,1.20635,FALSE,FALSE,FALSE,0,0,0,FALSE,FALSE,FALSE,1.169495,FALSE,8.97,FALSE,27.75,FALSE
2025-09-30 09:38:11,368,12,85,204,317,281,168,174,182,237,299,243,280,239,181,184,246,303,307,677,390,356,455,282,244,493,497,584,434,262,466,497,496,540,362,412,368,271,227,516,340,FALSE,FALSE,FALSE,FALSE,FALSE,FALSE,FALSE,FALSE,FALSE,FALSE,FALSE,FALSE,FALSE,FALSE,FALSE,FALSE,FALSE,FALSE,FALSE,FALSE,FALSE,FALSE,FALSE,FALSE,FALSE,FALSE,FALSE,FALSE,FALSE,FALSE,FALSE,FALSE,FALSE,FALSE,FALSE,FALSE,FALSE,FALSE,FALSE,FALSE,FALSE,3.409592,4.369388,2.918386,1.927594,1.602455,1.785145,1.763097,1.821934,1.68233,1.801588,1.897333,2.19733,1.911398,2.054402,2.234138,2.228278,2.174601,2.243491,3.311614,3.196677,3.042922,3.112993,2.432851,3.001484,2.865975,2.641283,2.617741,2.847806,2.803164,2.705971,2.812064,2.876368,3.503875,6.202421,6.254544,6.25209,6.172159,6.26408,6.261502,6.306312,6.542,FALSE,FALSE,FALSE,FALSE,FALSE,FALSE,FALSE,FALSE,FALSE,FALSE,FALSE,FALSE,FALSE,FALSE,FALSE,FALSE,FALSE,FALSE,FALSE,FALSE,FALSE,FALSE,FALSE,FALSE,FALSE,FALSE,FALSE,FALSE,FALSE,FALSE,FALSE,FALSE,FALSE,TRUE,TRUE,TRUE,TRUE,TRUE,TRUE,TRUE,TRUE,-26.925,0,26.225,FALSE,FALSE,FALSE,1.186697,1.100018,1.205413,FALSE,FALSE,FALSE,0,0,0,FALSE,FALSE,FALSE,1.169666,FALSE,9.35,FALSE,27.62,FALSE
2025-09-30 09:20:12,368,12,85,204,317,281,168,174,182,237,299,243,280,239,181,184,246,303,307,677,390,356,455,282,244,493,497,584,434,262,466,497,496,540,362,412,368,271,227,516,340,FALSE,FALSE,FALSE,FALSE,FALSE,FALSE,FALSE,FALSE,FALSE,FALSE,FALSE,FALSE,FALSE,FALSE,FALSE,FALSE,FALSE,FALSE,FALSE,FALSE,FALSE,FALSE,FALSE,FALSE,FALSE,FALSE,FALSE,FALSE,FALSE,FALSE,FALSE,FALSE,FALSE,FALSE,FALSE,FALSE,FALSE,FALSE,FALSE,FALSE,FALSE,4.12688,4.457529,2.871828,2.053188,1.672374,1.902913,1.875719,1.901243,1.738247,1.922809,2.034415,2.311543,2.027382,2.13728,2.316852,2.385198,2.327999,2.433583,3.347114,3.21414,3.139288,3.127536,2.356541,2.992509,2.841234,2.566894,2.55333,2.857947,2.824786,2.684324,2.817991,2.880994,3.327815,6.094154,6.15874,6.257984,6.217771,6.254456,6.29254,6.336205,6.248276,FALSE,FALSE,FALSE,FALSE,FALSE,FALSE,FALSE,FALSE,FALSE,FALSE,FALSE,FALSE,FALSE,FALSE,FALSE,FALSE,FALSE,FALSE,FALSE,FALSE,FALSE,FALSE,FALSE,FALSE,FALSE,FALSE,FALSE,FALSE,FALSE,FALSE,FALSE,FALSE,FALSE,TRUE,TRUE,TRUE,TRUE,TRUE,TRUE,TRUE,TRUE,-26.85,0,26.225,FALSE,FALSE,FALSE,1.187236,1.101632,1.204999,FALSE,FALSE,FALSE,0,0,0,FALSE,FALSE,FALSE,1.172959,FALSE,9.58,FALSE,27.12,FALSE
2025-09-30 09:18:06,368,12,85,204,317,281,168,174,182,237,299,243,280,239,181,184,246,303,307,677,390,356,455,282,244,493,497,584,434,262,466,497,496,540,362,412,368,271,227,516,340,FALSE,FALSE,FALSE,FALSE,FALSE,FALSE,FALSE,FALSE,FALSE,FALSE,FALSE,FALSE,FALSE,FALSE,FALSE,FALSE,FALSE,FALSE,FALSE,FALSE,FALSE,FALSE,FALSE,FALSE,FALSE,FALSE,FALSE,FALSE,FALSE,FALSE,FALSE,FALSE,FALSE,FALSE,FALSE,FALSE,FALSE,FALSE,FALSE,FALSE,FALSE,4.031404,4.400587,2.889594,2.0062,1.623143,1.835738,1.797939,1.845428,1.68296,1.848077,1.974031,2.251141,2.032399,2.116629,2.301469,2.380865,2.330198,2.403897,3.275256,3.16986,3.12063,3.129699,2.333293,2.994298,2.822281,2.589814,2.528935,2.849658,2.813804,2.675896,2.796909,2.839707,3.204722,5.856174,5.966335,6.040236,5.989802,6.065255,6.072994,6.173186,6.038041,FALSE,FALSE,FALSE,FALSE,FALSE,FALSE,FALSE,FALSE,FALSE,FALSE,FALSE,FALSE,FALSE,FALSE,FALSE,FALSE,FALSE,FALSE,FALSE,FALSE,FALSE,FALSE,FALSE,FALSE,FALSE,FALSE,FALSE,FALSE,FALSE,FALSE,FALSE,FALSE,FALSE,FALSE,FALSE,TRUE,FALSE,TRUE,TRUE,TRUE,TRUE,-26.875,0,26.25,FALSE,FALSE,FALSE,1.187345,1.101398,1.204608,FALSE,FALSE,FALSE,0,0,0,FALSE,FALSE,FALSE,1.173449,FALSE,9.79,FALSE,27,FALSE
2025-09-30 08:53:20,368,13,86,205,315,279,163,167,174,221,265,225,273,227,195,245,332,467,895,625,353,306,384,250,225,456,476,653,543,335,614,748,1312,471,331,520,528,382,325,895,1098,FALSE,FALSE,FALSE,FALSE,FALSE,FALSE,FALSE,FALSE,FALSE,FALSE,FALSE,FALSE,FALSE,FALSE,FALSE,FALSE,FALSE,FALSE,TRUE,FALSE,FALSE,FALSE,FALSE,FALSE,FALSE,FALSE,FALSE,FALSE,FALSE,FALSE,FALSE,FALSE,TRUE,FALSE,FALSE,FALSE,FALSE,FALSE,FALSE,FALSE,TRUE,3.822675,4.439394,2.309152,1.795488,1.498074,1.597291,1.592741,1.593444,1.497113,1.642988,1.876019,2.107674,2.10511,3.608865,6.300831,6.969383,7.311221,7.965762,9.221048,2.524689,2.361514,2.380911,1.830133,2.331162,2.351855,2.451468,3.937714,5.191659,5.696779,5.87468,6.609655,7.163651,8.312336,9.321405,10.60787,10.06685,9.925971,10.01149,10.1439,10.64786,12.0402,FALSE,FALSE,FALSE,FALSE,FALSE,FALSE,FALSE,FALSE,FALSE,FALSE,FALSE,FALSE,FALSE,FALSE,TRUE,TRUE,TRUE,TRUE,TRUE,FALSE,FALSE,FALSE,FALSE,FALSE,FALSE,FALSE,FALSE,FALSE,FALSE,FALSE,TRUE,TRUE,TRUE,TRUE,TRUE,TRUE,TRUE,TRUE,TRUE,TRUE,TRUE,-26.75,0,26.35,FALSE,FALSE,FALSE,1.185528,1.095407,1.202435,FALSE,FALSE,FALSE,0,0,0,FALSE,FALSE,FALSE,1.17205,FALSE,10.35,FALSE,25.75,FALSE
2025-09-30 08:30:17,368,12,90,207,315,279,161,165,171,215,257,227,283,236,219,290,391,570,1124,622,343,298,380,251,233,469,501,719,627,386,729,911,1634,484,362,604,632,455,385,1094,1392,FALSE,FALSE,FALSE,FALSE,FALSE,FALSE,FALSE,FALSE,FALSE,FALSE,FALSE,FALSE,FALSE,FALSE,FALSE,FALSE,FALSE,FALSE,TRUE,FALSE,FALSE,FALSE,FALSE,FALSE,FALSE,FALSE,FALSE,FALSE,FALSE,FALSE,FALSE,FALSE,TRUE,FALSE,FALSE,FALSE,FALSE,FALSE,FALSE,TRUE,TRUE,2.762616,4.32296,2.078973,1.626918,1.298324,1.400516,1.398313,1.386617,1.288897,1.466394,1.650846,1.866646,2.073678,3.683897,6.416311,6.956782,7.379721,7.969838,8.520899,2.240196,2.030385,2.020362,1.548687,1.904481,2.037137,2.249942,3.735919,4.902405,5.319283,5.306877,6.006501,6.635363,7.358712,9.743102,11.50541,10.52655,10.05117,10.11546,10.29755,10.45803,11.15112,FALSE,FALSE,FALSE,FALSE,FALSE,FALSE,FALSE,FALSE,FALSE,FALSE,FALSE,FALSE,FALSE,FALSE,TRUE,TRUE,TRUE,TRUE,TRUE,FALSE,FALSE,FALSE,FALSE,FALSE,FALSE,FALSE,FALSE,FALSE,FALSE,FALSE,TRUE,TRUE,TRUE,TRUE,TRUE,TRUE,TRUE,TRUE,TRUE,TRUE,TRUE,-26.725,0,26.65,FALSE,FALSE,FALSE,1.177695,1.072644,1.203081,FALSE,FALSE,FALSE,0,0,0,FALSE,FALSE,FALSE,1.151472,FALSE,9.62,FALSE,24.12,FALSE
2025-09-29 08:59:47,368,12,92,206,319,282,167,176,180,238,298,241,279,234,180,183,242,309,352,697,397,359,466,288,249,498,499,586,445,270,480,517,578,470,326,376,342,253,210,488,378,FALSE,FALSE,FALSE,FALSE,FALSE,FALSE,FALSE,FALSE,FALSE,FALSE,FALSE,FALSE,FALSE,FALSE,FALSE,FALSE,FALSE,FALSE,FALSE,FALSE,FALSE,FALSE,FALSE,FALSE,FALSE,FALSE,FALSE,FALSE,FALSE,FALSE,FALSE,FALSE,FALSE,FALSE,FALSE,FALSE,FALSE,FALSE,FALSE,FALSE,FALSE,2.694828,4.288101,2.176864,1.897159,1.378348,1.706301,1.679914,1.655442,1.454134,1.707084,1.836947,1.93118,1.710564,2.13852,2.258185,2.232478,2.260282,2.497898,6.756596,2.313484,2.073735,2.119056,1.518374,2.013104,1.89363,1.642477,1.956934,1.914302,2.156305,1.746699,1.956763,2.477847,6.535221,2.995008,2.901389,2.806024,3.149148,3.121435,3.108345,3.869168,8.463253,FALSE,FALSE,FALSE,FALSE,FALSE,FALSE,FALSE,FALSE,FALSE,FALSE,FALSE,FALSE,FALSE,FALSE,FALSE,FALSE,FALSE,FALSE,TRUE,FALSE,FALSE,FALSE,FALSE,FALSE,FALSE,FALSE,FALSE,FALSE,FALSE,FALSE,FALSE,FALSE,TRUE,FALSE,FALSE,FALSE,FALSE,FALSE,FALSE,FALSE,TRUE,-26.775,0,26.825,FALSE,FALSE,FALSE,1.176204,1.066308,1.200228,FALSE,FALSE,FALSE,0,0,0,FALSE,FALSE,FALSE,1.144378,FALSE,10.1,FALSE,23.88,FALSE
2025-09-28 11:42:14,368,13,101,208,318,284,167,175,179,234,284,235,273,215,171,189,251,339,539,728,411,367,469,294,254,500,498,622,489,298,539,612,926,399,285,373,358,267,223,568,621,FALSE,FALSE,FALSE,FALSE,FALSE,FALSE,FALSE,FALSE,FALSE,FALSE,FALSE,FALSE,FALSE,FALSE,FALSE,FALSE,FALSE,FALSE,FALSE,FALSE,FALSE,FALSE,FALSE,FALSE,FALSE,FALSE,FALSE,FALSE,FALSE,FALSE,FALSE,FALSE,FALSE,FALSE,FALSE,FALSE,FALSE,FALSE,FALSE,FALSE,FALSE,1.964264,4.184154,3.617071,1.778113,1.215754,1.61056,1.59907,1.573618,1.323353,1.619363,1.832715,1.850038,1.622486,1.850351,2.164136,2.926108,3.072207,3.697104,6.086663,2.567995,2.378422,2.536604,2.336306,2.443174,2.36615,2.114908,2.303878,2.600852,3.020532,2.940389,3.26274,3.856022,5.673768,3.587076,3.427286,3.660514,4.126829,4.153153,4.170967,4.924305,6.656082,FALSE,FALSE,FALSE,FALSE,FALSE,FALSE,FALSE,FALSE,FALSE,FALSE,FALSE,FALSE,FALSE,FALSE,FALSE,FALSE,FALSE,FALSE,TRUE,FALSE,FALSE,FALSE,FALSE,FALSE,FALSE,FALSE,FALSE,FALSE,FALSE,FALSE,FALSE,FALSE,FALSE,FALSE,FALSE,FALSE,FALSE,FALSE,FALSE,FALSE,TRUE,-26.6,0,27.15,FALSE,FALSE,FALSE,1.166326,1.020616,1.187658,FALSE,FALSE,FALSE,0,0,0,FALSE,FALSE,FALSE,1.098529,FALSE,9.97,FALSE,21.38,FALSE
2025-09-26 07:24:30,368,12,86,202,316,281,166,175,180,238,296,238,278,237,182,184,243,302,303,678,388,357,453,283,244,495,497,585,439,261,467,493,494,524,352,395,349,262,216,493,326,FALSE,FALSE,FALSE,FALSE,FALSE,FALSE,FALSE,FALSE,FALSE,FALSE,FALSE,FALSE,FALSE,FALSE,FALSE,FALSE,FALSE,FALSE,FALSE,FALSE,FALSE,FALSE,FALSE,FALSE,FALSE,FALSE,FALSE,FALSE,FALSE,FALSE,FALSE,FALSE,FALSE,FALSE,FALSE,FALSE,FALSE,FALSE,FALSE,FALSE,FALSE,3.369742,4.417785,2.098433,2.008414,1.565545,1.846819,1.823414,1.822512,1.620463,1.862098,2.004228,2.188741,1.954742,2.052061,2.20871,2.268419,2.263037,2.321734,3.137914,2.598584,2.462314,2.498076,1.596248,2.32902,2.184947,1.843144,1.937557,2.292316,2.34009,2.039005,2.270798,2.301706,2.616469,3.669731,3.398829,3.346403,3.401758,3.444022,3.422176,3.592859,3.611476,FALSE,FALSE,FALSE,FALSE,FALSE,FALSE,FALSE,FALSE,FALSE,FALSE,FALSE,FALSE,FALSE,FALSE,FALSE,FALSE,FALSE,FALSE,FALSE,FALSE,FALSE,FALSE,FALSE,FALSE,FALSE,FALSE,FALSE,FALSE,FALSE,FALSE,FALSE,FALSE,FALSE,FALSE,FALSE,FALSE,FALSE,FALSE,FALSE,FALSE,FALSE,-26.75,0,26.575,FALSE,FALSE,FALSE,1.183981,1.079537,1.203158,FALSE,FALSE,FALSE,0,0,0,FALSE,FALSE,FALSE,1.158044,FALSE,11.37,FALSE,24.88,FALSE
2025-09-25 08:50:09,368,12,86,202,316,281,166,175,180,238,296,238,278,237,182,184,243,302,303,678,388,357,453,283,244,495,497,585,439,261,467,493,494,524,352,395,349,262,216,493,326,FALSE,FALSE,FALSE,FALSE,FALSE,FALSE,FALSE,FALSE,FALSE,FALSE,FALSE,FALSE,FALSE,FALSE,FALSE,FALSE,FALSE,FALSE,FALSE,FALSE,FALSE,FALSE,FALSE,FALSE,FALSE,FALSE,FALSE,FALSE,FALSE,FALSE,FALSE,FALSE,FALSE,FALSE,FALSE,FALSE,FALSE,FALSE,FALSE,FALSE,FALSE,4.513109,4.399781,2.547385,1.990327,1.61454,1.812609,1.794869,1.812211,1.645014,1.835423,1.976502,2.196683,1.996557,2.218289,2.426286,2.385798,2.388504,2.387824,3.498852,2.846856,2.704136,2.747286,1.917925,2.572352,2.473484,2.239681,2.332962,2.562138,2.55958,2.398823,2.525508,2.452329,3.070438,4.735504,4.660335,4.339456,4.268923,4.365547,4.382398,4.390753,4.809393,FALSE,FALSE,FALSE,FALSE,FALSE,FALSE,FALSE,FALSE,FALSE,FALSE,FALSE,FALSE,FALSE,FALSE,FALSE,FALSE,FALSE,FALSE,FALSE,FALSE,FALSE,FALSE,FALSE,FALSE,FALSE,FALSE,FALSE,FALSE,FALSE,FALSE,FALSE,FALSE,FALSE,FALSE,FALSE,FALSE,FALSE,FALSE,FALSE,FALSE,FALSE,-26.775,0,26.45,FALSE,FALSE,FALSE,1.185784,1.091012,1.202219,FALSE,FALSE,FALSE,0,0,0,FALSE,FALSE,FALSE,1.167119,FALSE,10.57,FALSE,25.62,FALSE
2025-09-24 10:40:45,368,12,83,201,312,278,164,172,177,235,290,240,281,231,179,186,245,312,361,668,385,355,454,283,247,491,490,580,441,264,473,507,581,519,361,429,391,288,239,565,427,FALSE,FALSE,FALSE,FALSE,FALSE,FALSE,FALSE,FALSE,FALSE,FALSE,FALSE,FALSE,FALSE,FALSE,FALSE,FALSE,FALSE,FALSE,FALSE,FALSE,FALSE,FALSE,FALSE,FALSE,FALSE,FALSE,FALSE,FALSE,FALSE,FALSE,FALSE,FALSE,FALSE,FALSE,FALSE,FALSE,FALSE,FALSE,FALSE,FALSE,FALSE,2.083328,4.417871,2.880467,1.920601,1.581646,1.784926,1.727541,1.768399,1.632857,1.740705,1.829007,2.099652,1.899029,2.041366,2.236088,2.236499,2.148863,2.259088,4.454846,3.461614,3.338069,3.300984,2.612557,3.231751,3.060656,2.835,2.726301,3.032894,3.014224,2.923182,3.054318,3.136782,4.778463,7.198837,7.335139,7.251552,7.104306,7.220678,7.22639,7.173068,7.763247,FALSE,FALSE,FALSE,FALSE,FALSE,FALSE,FALSE,FALSE,FALSE,FALSE,FALSE,FALSE,FALSE,FALSE,FALSE,FALSE,FALSE,FALSE,FALSE,FALSE,FALSE,FALSE,FALSE,FALSE,FALSE,FALSE,FALSE,FALSE,FALSE,FALSE,FALSE,FALSE,FALSE,TRUE,TRUE,TRUE,TRUE,TRUE,TRUE,TRUE,TRUE,-26.95,0,26.25,FALSE,FALSE,FALSE,1.186758,1.098813,1.204671,FALSE,FALSE,FALSE,0,0,0,FALSE,FALSE,FALSE,1.169792,FALSE,11.5,FALSE,28.5,FALSE
2025-09-24 09:48:15,368,12,83,201,312,278,164,172,177,235,290,240,281,231,179,186,245,312,361,668,385,355,454,283,247,491,490,580,441,264,473,507,581,519,361,429,391,288,239,565,427,FALSE,FALSE,FALSE,FALSE,FALSE,FALSE,FALSE,FALSE,FALSE,FALSE,FALSE,FALSE,FALSE,FALSE,FALSE,FALSE,FALSE,FALSE,FALSE,FALSE,FALSE,FALSE,FALSE,FALSE,FALSE,FALSE,FALSE,FALSE,FALSE,FALSE,FALSE,FALSE,FALSE,FALSE,FALSE,FALSE,FALSE,FALSE,FALSE,FALSE,FALSE,4.202738,4.432349,3.835723,2.137598,1.816433,1.935172,1.894052,1.960286,1.807417,1.92954,2.074525,2.352657,2.222412,2.620073,2.696423,2.557787,2.480036,2.807134,8.803741,3.95582,3.894517,3.904586,3.244587,3.782573,3.582258,3.454155,3.268087,3.50208,3.433194,3.380349,3.515758,3.7914,8.623539,9.395433,9.524083,8.982129,8.544119,8.718748,8.655925,8.338089,12.16376,FALSE,FALSE,FALSE,FALSE,FALSE,FALSE,FALSE,FALSE,FALSE,FALSE,FALSE,FALSE,FALSE,FALSE,FALSE,FALSE,FALSE,FALSE,TRUE,FALSE,FALSE,FALSE,FALSE,FALSE,FALSE,FALSE,FALSE,FALSE,FALSE,FALSE,FALSE,FALSE,TRUE,TRUE,TRUE,TRUE,TRUE,TRUE,TRUE,TRUE,TRUE,-27.125,0,26.375,FALSE,FALSE,FALSE,1.183425,1.094827,1.202982,FALSE,FALSE,FALSE,0,0,0,FALSE,FALSE,FALSE,1.163005,FALSE,10.87,FALSE,28.25,FALSE
2025-09-24 08:40:26,368,12,84,202,313,277,165,173,179,235,294,243,283,240,187,188,247,311,309,675,385,354,457,285,249,496,507,588,444,266,476,500,506,516,360,410,367,274,227,513,344,FALSE,FALSE,FALSE,FALSE,FALSE,FALSE,FALSE,FALSE,FALSE,FALSE,FALSE,FALSE,FALSE,FALSE,FALSE,FALSE,FALSE,FALSE,FALSE,FALSE,FALSE,FALSE,FALSE,FALSE,FALSE,FALSE,FALSE,FALSE,FALSE,FALSE,FALSE,FALSE,FALSE,FALSE,FALSE,FALSE,FALSE,FALSE,FALSE,FALSE,FALSE,4.550497,4.350156,3.071388,2.165027,1.786995,2.00391,1.97042,2.002302,1.791507,2.007479,2.114515,2.384497,2.13882,2.201185,2.390632,2.451279,2.412703,2.577639,4.10806,3.336193,3.306245,3.31704,2.487216,3.168454,2.978444,2.678153,2.702217,2.958744,2.982879,2.790337,3.024857,3.029747,4.111487,6.178927,6.319316,6.397467,6.467581,6.540637,6.539728,6.816117,7.50174,FALSE,FALSE,FALSE,FALSE,FALSE,FALSE,FALSE,FALSE,FALSE,FALSE,FALSE,FALSE,FALSE,FALSE,FALSE,FALSE,FALSE,FALSE,FALSE,FALSE,FALSE,FALSE,FALSE,FALSE,FALSE,FALSE,FALSE,FALSE,FALSE,FALSE,FALSE,FALSE,FALSE,TRUE,TRUE,TRUE,TRUE,TRUE,TRUE,TRUE,TRUE,-26.975,0,26.425,FALSE,FALSE,FALSE,1.184203,1.097468,1.200711,FALSE,FALSE,FALSE,0,0,0,FALSE,FALSE,FALSE,1.171441,FALSE,10.67,FALSE,27,FALSE
2025-09-24 08:25:58,368,12,85,202,316,278,165,172,177,232,285,234,273,224,175,186,247,326,462,659,381,344,439,271,237,471,474,565,445,267,479,533,735,454,307,391,369,274,228,563,532,FALSE,FALSE,FALSE,FALSE,FALSE,FALSE,FALSE,FALSE,FALSE,FALSE,FALSE,FALSE,FALSE,FALSE,FALSE,FALSE,FALSE,FALSE,FALSE,FALSE,FALSE,FALSE,FALSE,FALSE,FALSE,FALSE,FALSE,FALSE,FALSE,FALSE,FALSE,FALSE,FALSE,FALSE,FALSE,FALSE,FALSE,FALSE,FALSE,FALSE,FALSE,4.874335,4.630601,2.920329,2.238004,1.827577,1.965032,1.882121,1.851983,1.701877,1.789122,2.062304,2.236726,2.18751,2.400201,3.213835,4.615449,4.647335,5.589241,10.75908,3.039011,2.882468,2.907417,2.805661,2.763643,2.618394,2.486707,2.594129,3.660568,4.411461,4.20115,4.229224,5.726512,10.275,5.241628,5.342014,6.900631,7.731369,7.772952,7.869021,9.20239,13.76021,FALSE,FALSE,FALSE,FALSE,FALSE,FALSE,FALSE,FALSE,FALSE,FALSE,FALSE,FALSE,FALSE,FALSE,FALSE,FALSE,FALSE,FALSE,TRUE,FALSE,FALSE,FALSE,FALSE,FALSE,FALSE,FALSE,FALSE,FALSE,FALSE,FALSE,FALSE,FALSE,TRUE,FALSE,FALSE,TRUE,TRUE,TRUE,TRUE,TRUE,TRUE,-26.95,0,26.525,FALSE,FALSE,FALSE,1.183703,1.092964,1.198828,FALSE,FALSE,FALSE,0,0,0,FALSE,FALSE,FALSE,1.169712,FALSE,11.28,FALSE,26.38,FALSE
2025-09-23 12:42:23,368,12,85,201,311,278,164,172,178,231,288,237,276,225,175,186,245,318,427,666,379,342,441,275,239,474,472,575,443,266,475,522,679,421,302,382,353,259,218,525,473,FALSE,FALSE,FALSE,FALSE,FALSE,FALSE,FALSE,FALSE,FALSE,FALSE,FALSE,FALSE,FALSE,FALSE,FALSE,FALSE,FALSE,FALSE,FALSE,FALSE,FALSE,FALSE,FALSE,FALSE,FALSE,FALSE,FALSE,FALSE,FALSE,FALSE,FALSE,FALSE,FALSE,FALSE,FALSE,FALSE,FALSE,FALSE,FALSE,FALSE,FALSE,1.995746,4.021708,1.855289,1.600507,1.276955,1.457685,1.441004,1.424789,1.333701,1.505937,1.681908,1.685551,1.54356,1.873307,1.923835,2.2999,2.367258,2.806662,7.190257,2.399214,2.164057,2.320146,1.719967,2.179542,2.019347,1.789332,1.909441,2.132115,2.538894,2.365005,2.632899,3.263766,7.097818,3.46496,3.182222,3.037583,3.471561,3.443592,3.462928,4.400897,8.958556,FALSE,FALSE,FALSE,FALSE,FALSE,FALSE,FALSE,FALSE,FALSE,FALSE,FALSE,FALSE,FALSE,FALSE,FALSE,FALSE,FALSE,FALSE,TRUE,FALSE,FALSE,FALSE,FALSE,FALSE,FALSE,FALSE,FALSE,FALSE,FALSE,FALSE,FALSE,FALSE,TRUE,FALSE,FALSE,FALSE,FALSE,FALSE,FALSE,FALSE,TRUE,-26.925,0,26.625,FALSE,FALSE,FALSE,1.181232,1.086847,1.197415,FALSE,FALSE,FALSE,0,0,0,FALSE,FALSE,FALSE,1.169514,FALSE,8.99,FALSE,25,FALSE
2025-09-23 10:53:22,368,12,83,200,312,277,164,172,177,233,293,239,281,239,184,187,247,310,326,680,390,359,455,288,250,501,505,591,446,266,473,506,534,561,392,450,398,295,246,560,387,FALSE,FALSE,FALSE,FALSE,FALSE,FALSE,FALSE,FALSE,FALSE,FALSE,FALSE,FALSE,FALSE,FALSE,FALSE,FALSE,FALSE,FALSE,FALSE,FALSE,FALSE,FALSE,FALSE,FALSE,FALSE,FALSE,FALSE,FALSE,FALSE,FALSE,FALSE,FALSE,FALSE,FALSE,FALSE,FALSE,FALSE,FALSE,FALSE,FALSE,FALSE,2.056401,4.19838,3.140659,1.694076,1.437047,1.566601,1.544073,1.581796,1.500768,1.594163,1.681266,1.895851,1.720727,1.877211,2.031961,1.975111,1.977122,2.01153,3.084344,3.323125,3.226717,3.209303,2.677054,3.13061,2.997351,2.83165,2.774959,2.95962,2.903992,2.833774,2.851429,2.936002,3.671973,7.071226,7.192866,7.152284,7.057565,7.163117,7.172369,7.139565,7.257801,FALSE,FALSE,FALSE,FALSE,FALSE,FALSE,FALSE,FALSE,FALSE,FALSE,FALSE,FALSE,FALSE,FALSE,FALSE,FALSE,FALSE,FALSE,FALSE,FALSE,FALSE,FALSE,FALSE,FALSE,FALSE,FALSE,FALSE,FALSE,FALSE,FALSE,FALSE,FALSE,FALSE,TRUE,TRUE,TRUE,TRUE,TRUE,TRUE,TRUE,TRUE,-27.025,0,26.2,FALSE,FALSE,FALSE,1.186119,1.092489,1.208158,FALSE,FALSE,FALSE,0,0,0,FALSE,FALSE,FALSE,1.155632,FALSE,9.33,FALSE,29.38,FALSE
2025-09-23 10:34:15,368,12,83,201,311,277,164,172,178,233,292,240,280,235,182,188,250,319,374,682,392,358,458,286,249,502,501,598,451,270,481,523,603,553,377,449,403,299,251,583,449,FALSE,FALSE,FALSE,FALSE,FALSE,FALSE,FALSE,FALSE,FALSE,FALSE,FALSE,FALSE,FALSE,FALSE,FALSE,FALSE,FALSE,FALSE,FALSE,FALSE,FALSE,FALSE,FALSE,FALSE,FALSE,FALSE,FALSE,FALSE,FALSE,FALSE,FALSE,FALSE,FALSE,FALSE,FALSE,FALSE,FALSE,FALSE,FALSE,FALSE,FALSE,2.093025,4.262601,3.180509,1.769309,1.484016,1.642193,1.619461,1.647812,1.551282,1.657389,1.73862,1.975827,1.77711,1.988713,2.117017,2.043445,2.002424,2.106084,3.772993,3.345878,3.26461,3.281477,2.677329,3.194524,3.053528,2.857626,2.733377,3.028705,2.958911,2.884048,2.941183,3.009548,4.388669,7.237364,7.427503,7.310317,7.163502,7.282228,7.274588,7.156476,7.675295,FALSE,FALSE,FALSE,FALSE,FALSE,FALSE,FALSE,FALSE,FALSE,FALSE,FALSE,FALSE,FALSE,FALSE,FALSE,FALSE,FALSE,FALSE,FALSE,FALSE,FALSE,FALSE,FALSE,FALSE,FALSE,FALSE,FALSE,FALSE,FALSE,FALSE,FALSE,FALSE,FALSE,TRUE,TRUE,TRUE,TRUE,TRUE,TRUE,TRUE,TRUE,-26.825,0,26.05,FALSE,FALSE,FALSE,1.186191,1.09473,1.208745,FALSE,FALSE,FALSE,0,0,0,FALSE,FALSE,FALSE,1.159871,FALSE,9.26,FALSE,29.12,FALSE
2025-09-23 10:28:04,368,12,83,200,312,276,164,172,178,233,292,241,282,234,184,190,251,320,371,670,388,354,450,285,248,496,495,594,451,269,480,525,600,515,356,441,402,295,247,575,441,FALSE,FALSE,FALSE,FALSE,FALSE,FALSE,FALSE,FALSE,FALSE,FALSE,FALSE,FALSE,FALSE,FALSE,FALSE,FALSE,FALSE,FALSE,FALSE,FALSE,FALSE,FALSE,FALSE,FALSE,FALSE,FALSE,FALSE,FALSE,FALSE,FALSE,FALSE,FALSE,FALSE,FALSE,FALSE,FALSE,FALSE,FALSE,FALSE,FALSE,FALSE,2.136758,4.383159,3.291499,1.839142,1.549464,1.70473,1.698552,1.746296,1.617212,1.776551,1.920438,2.073096,1.860349,2.23822,2.224101,2.573965,2.629534,3.136563,8.43766,3.494592,3.382133,3.496356,2.931187,3.356139,3.199212,3.065278,3.056287,3.15566,3.355654,3.308545,3.452537,4.03303,8.648251,7.650568,7.646215,7.622816,7.814365,7.879569,7.922519,8.606217,12.55223,FALSE,FALSE,FALSE,FALSE,FALSE,FALSE,FALSE,FALSE,FALSE,FALSE,FALSE,FALSE,FALSE,FALSE,FALSE,FALSE,FALSE,FALSE,TRUE,FALSE,FALSE,FALSE,FALSE,FALSE,FALSE,FALSE,FALSE,FALSE,FALSE,FALSE,FALSE,FALSE,TRUE,TRUE,TRUE,TRUE,TRUE,TRUE,TRUE,TRUE,TRUE,-27.075,0,26.3,FALSE,FALSE,FALSE,1.185966,1.094655,1.205831,FALSE,FALSE,FALSE,0,0,0,FALSE,FALSE,FALSE,1.160703,FALSE,10.6,FALSE,29,FALSE
2025-09-23 10:15:23,368,12,83,200,312,276,164,172,178,233,292,241,282,234,184,190,251,320,371,670,388,354,450,285,248,496,495,594,451,269,480,525,600,515,356,441,402,295,247,575,441,FALSE,FALSE,FALSE,FALSE,FALSE,FALSE,FALSE,FALSE,FALSE,FALSE,FALSE,FALSE,FALSE,FALSE,FALSE,FALSE,FALSE,FALSE,FALSE,FALSE,FALSE,FALSE,FALSE,FALSE,FALSE,FALSE,FALSE,FALSE,FALSE,FALSE,FALSE,FALSE,FALSE,FALSE,FALSE,FALSE,FALSE,FALSE,FALSE,FALSE,FALSE,2.063563,4.304748,3.201048,1.840839,1.521498,1.71121,1.676908,1.725401,1.606492,1.765735,1.976725,2.091115,1.853206,2.385883,2.22917,2.569818,2.585477,3.199486,10.25404,3.502078,3.397023,3.482636,2.959916,3.356838,3.184444,3.107144,3.087877,3.117465,3.342064,3.316958,3.489578,4.231233,10.27522,7.9895,7.920671,7.454513,7.712781,7.745251,7.798118,8.615239,14.1731,FALSE,FALSE,FALSE,FALSE,FALSE,FALSE,FALSE,FALSE,FALSE,FALSE,FALSE,FALSE,FALSE,FALSE,FALSE,FALSE,FALSE,FALSE,TRUE,FALSE,FALSE,FALSE,FALSE,FALSE,FALSE,FALSE,FALSE,FALSE,FALSE,FALSE,FALSE,FALSE,TRUE,TRUE,TRUE,TRUE,TRUE,TRUE,TRUE,TRUE,TRUE,-27,0,26.225,FALSE,FALSE,FALSE,1.184985,1.095335,1.206256,FALSE,FALSE,FALSE,0,0,0,FALSE,FALSE,FALSE,1.162479,FALSE,11.13,FALSE,28.88,FALSE
2025-09-23 09:58:00,368,12,82,201,311,276,163,169,176,228,281,234,274,224,179,201,267,358,569,654,370,331,424,268,236,468,464,592,466,282,508,586,879,462,322,449,430,315,265,672,707,FALSE,FALSE,FALSE,FALSE,FALSE,FALSE,FALSE,FALSE,FALSE,FALSE,FALSE,FALSE,FALSE,FALSE,FALSE,FALSE,FALSE,FALSE,FALSE,FALSE,FALSE,FALSE,FALSE,FALSE,FALSE,FALSE,FALSE,FALSE,FALSE,FALSE,FALSE,FALSE,FALSE,FALSE,FALSE,FALSE,FALSE,FALSE,FALSE,FALSE,TRUE,2.048672,4.224287,2.814509,1.676016,1.359974,1.530874,1.473798,1.50022,1.405078,1.492757,1.620484,1.756562,1.671899,1.754861,2.288207,3.267447,3.354268,3.94594,6.217261,2.91194,2.7003,2.772402,2.332147,2.66824,2.606234,2.410408,2.474032,3.060266,3.502241,3.514149,3.689816,4.265823,5.87739,5.701921,5.79224,6.382522,6.733366,6.803086,6.788581,7.353087,8.385307,FALSE,FALSE,FALSE,FALSE,FALSE,FALSE,FALSE,FALSE,FALSE,FALSE,FALSE,FALSE,FALSE,FALSE,FALSE,FALSE,FALSE,FALSE,TRUE,FALSE,FALSE,FALSE,FALSE,FALSE,FALSE,FALSE,FALSE,FALSE,FALSE,FALSE,FALSE,FALSE,FALSE,FALSE,FALSE,TRUE,TRUE,TRUE,TRUE,TRUE,TRUE,-27.075,0,26.35,FALSE,FALSE,FALSE,1.184693,1.096372,1.201954,FALSE,FALSE,FALSE,0,0,0,FALSE,FALSE,FALSE,1.16713,FALSE,8.9,FALSE,28.38,FALSE
2025-09-23 09:52:43,368,12,82,200,313,276,163,170,175,228,279,230,269,222,178,201,269,363,591,648,372,332,422,262,232,461,461,581,473,283,510,594,916,476,320,449,436,318,267,686,748,FALSE,FALSE,FALSE,FALSE,FALSE,FALSE,FALSE,FALSE,FALSE,FALSE,FALSE,FALSE,FALSE,FALSE,FALSE,FALSE,FALSE,FALSE,FALSE,FALSE,FALSE,FALSE,FALSE,FALSE,FALSE,FALSE,FALSE,FALSE,FALSE,FALSE,FALSE,FALSE,FALSE,FALSE,FALSE,FALSE,FALSE,FALSE,FALSE,FALSE,TRUE,2.071289,4.246519,2.70417,1.690445,1.380111,1.527466,1.482444,1.4869,1.406399,1.495257,1.649177,1.788477,1.71275,1.805816,2.293208,3.188051,3.234539,3.868219,6.007462,3.006127,2.805224,2.827248,2.307462,2.70113,2.61832,2.43167,2.470833,3.02915,3.422687,3.426145,3.634009,4.318779,5.731074,5.60093,5.737099,5.910663,6.255461,6.275687,6.305704,6.818333,7.912395,FALSE,FALSE,FALSE,FALSE,FALSE,FALSE,FALSE,FALSE,FALSE,FALSE,FALSE,FALSE,FALSE,FALSE,FALSE,FALSE,FALSE,FALSE,TRUE,FALSE,FALSE,FALSE,FALSE,FALSE,FALSE,FALSE,FALSE,FALSE,FALSE,FALSE,FALSE,FALSE,FALSE,FALSE,FALSE,FALSE,TRUE,TRUE,TRUE,TRUE,TRUE,-26.925,0,26.225,FALSE,FALSE,FALSE,1.184755,1.096929,1.201973,FALSE,FALSE,FALSE,0,0,0,FALSE,FALSE,FALSE,1.168802,FALSE,9.39,FALSE,28.25,FALSE
2025-09-22 09:52:16,368,12,88,204,314,281,166,174,180,238,296,241,281,240,184,186,245,305,307,684,394,358,458,286,248,503,511,587,445,267,477,503,503,513,344,387,343,258,213,486,323,FALSE,FALSE,FALSE,FALSE,FALSE,FALSE,FALSE,FALSE,FALSE,FALSE,FALSE,FALSE,FALSE,FALSE,FALSE,FALSE,FALSE,FALSE,FALSE,FALSE,FALSE,FALSE,FALSE,FALSE,FALSE,FALSE,FALSE,FALSE,FALSE,FALSE,FALSE,FALSE,FALSE,FALSE,FALSE,FALSE,FALSE,FALSE,FALSE,FALSE,FALSE,3.579762,4.382837,2.109107,1.915727,1.44555,1.7487,1.721629,1.737404,1.564103,1.759928,1.884708,2.063581,1.83392,1.971519,2.141149,2.160379,2.153842,2.19373,2.859298,2.494568,2.319279,2.365601,1.515993,2.245302,2.089814,1.784276,1.869796,2.199107,2.237628,1.989983,2.137738,2.187319,2.490017,3.412796,3.350002,3.287226,3.312828,3.336452,3.317338,3.438658,3.492036,FALSE,FALSE,FALSE,FALSE,FALSE,FALSE,FALSE,FALSE,FALSE,FALSE,FALSE,FALSE,FALSE,FALSE,FALSE,FALSE,FALSE,FALSE,FALSE,FALSE,FALSE,FALSE,FALSE,FALSE,FALSE,FALSE,FALSE,FALSE,FALSE,FALSE,FALSE,FALSE,FALSE,FALSE,FALSE,FALSE,FALSE,FALSE,FALSE,FALSE,FALSE,-26.725,0,26.525,FALSE,FALSE,FALSE,1.184849,1.084338,1.205291,FALSE,FALSE,FALSE,0,0,0,FALSE,FALSE,FALSE,1.160721,FALSE,10.58,FALSE,25.12,FALSE
2025-09-21 13:48:53,368,12,91,204,316,280,166,174,181,235,297,241,280,232,174,180,242,303,345,689,396,360,465,288,253,502,503,597,445,269,483,525,575,446,310,373,336,246,210,490,368,FALSE,FALSE,FALSE,FALSE,FALSE,FALSE,FALSE,FALSE,FALSE,FALSE,FALSE,FALSE,FALSE,FALSE,FALSE,FALSE,FALSE,FALSE,FALSE,FALSE,FALSE,FALSE,FALSE,FALSE,FALSE,FALSE,FALSE,FALSE,FALSE,FALSE,FALSE,FALSE,FALSE,FALSE,FALSE,FALSE,FALSE,FALSE,FALSE,FALSE,FALSE,2.310311,4.144683,2.136039,1.657313,1.202153,1.50801,1.489652,1.488492,1.320767,1.53891,1.671207,1.694614,1.477304,1.888618,1.953473,2.030296,2.017238,2.313941,5.334441,2.302559,2.058079,2.158143,1.5502,2.023816,1.912292,1.626279,1.952536,1.968257,2.200878,1.929435,2.152318,2.545472,5.107793,3.127747,3.015778,2.632435,2.965725,2.966249,2.939263,3.76641,6.770333,FALSE,FALSE,FALSE,FALSE,FALSE,FALSE,FALSE,FALSE,FALSE,FALSE,FALSE,FALSE,FALSE,FALSE,FALSE,FALSE,FALSE,FALSE,FALSE,FALSE,FALSE,FALSE,FALSE,FALSE,FALSE,FALSE,FALSE,FALSE,FALSE,FALSE,FALSE,FALSE,FALSE,FALSE,FALSE,FALSE,FALSE,FALSE,FALSE,FALSE,TRUE,-26.8,0,26.85,FALSE,FALSE,FALSE,1.177848,1.065202,1.203472,FALSE,FALSE,FALSE,0,0,0,FALSE,FALSE,FALSE,1.142918,FALSE,8.94,FALSE,23.88,FALSE
2025-09-21 13:22:31,368,12,97,206,318,280,164,169,175,223,266,228,276,226,196,244,333,470,913,675,381,329,421,267,242,489,519,696,585,357,679,822,1433,431,314,484,493,360,307,840,1026,FALSE,FALSE,FALSE,FALSE,FALSE,FALSE,FALSE,FALSE,FALSE,FALSE,FALSE,FALSE,FALSE,FALSE,FALSE,FALSE,FALSE,FALSE,TRUE,FALSE,FALSE,FALSE,FALSE,FALSE,FALSE,FALSE,FALSE,FALSE,FALSE,FALSE,FALSE,FALSE,TRUE,FALSE,FALSE,FALSE,FALSE,FALSE,FALSE,FALSE,TRUE,1.963779,4.078782,3.047171,1.599516,1.272451,1.422132,1.422036,1.497291,1.43794,1.772784,2.303636,1.554322,1.935819,3.7554,7.044102,9.256962,9.607012,10.8746,14.12977,2.63957,2.486009,2.948432,3.218592,2.300105,1.992266,2.320308,3.961304,6.155067,7.446651,7.41186,8.120389,9.94222,12.77779,7.038873,8.153934,10.12171,11.20908,11.23957,11.37588,12.89692,15.56598,FALSE,FALSE,FALSE,FALSE,FALSE,FALSE,FALSE,FALSE,FALSE,FALSE,FALSE,FALSE,FALSE,FALSE,TRUE,TRUE,TRUE,TRUE,TRUE,FALSE,FALSE,FALSE,FALSE,FALSE,FALSE,FALSE,FALSE,TRUE,TRUE,TRUE,TRUE,TRUE,TRUE,TRUE,TRUE,TRUE,TRUE,TRUE,TRUE,TRUE,TRUE,-26.775,0,27.175,FALSE,FALSE,FALSE,1.169076,1.030561,1.194081,FALSE,FALSE,FALSE,0,0,0,FALSE,FALSE,FALSE,1.109913,FALSE,8.82,FALSE,22,FALSE
2025-09-19 08:20:19,368,12,88,203,316,282,166,175,181,237,296,240,278,231,177,182,238,304,344,689,395,358,459,285,249,491,497,576,444,263,470,506,569,450,313,368,334,249,207,485,368,FALSE,FALSE,FALSE,FALSE,FALSE,FALSE,FALSE,FALSE,FALSE,FALSE,FALSE,FALSE,FALSE,FALSE,FALSE,FALSE,FALSE,FALSE,FALSE,FALSE,FALSE,FALSE,FALSE,FALSE,FALSE,FALSE,FALSE,FALSE,FALSE,FALSE,FALSE,FALSE,FALSE,FALSE,FALSE,FALSE,FALSE,FALSE,FALSE,FALSE,FALSE,2.739121,4.265727,1.990704,1.696034,1.29187,1.541922,1.510425,1.515586,1.387486,1.558865,1.64857,1.785501,1.576882,1.746125,1.905349,1.882276,1.87211,1.989002,3.243707,2.226742,2.005973,2.059986,1.334753,1.935239,1.81745,1.530919,1.730563,1.908602,1.998042,1.747181,1.980223,1.990312,2.777513,2.909023,2.768867,2.629539,2.677368,2.692276,2.681784,2.927349,3.659952,FALSE,FALSE,FALSE,FALSE,FALSE,FALSE,FALSE,FALSE,FALSE,FALSE,FALSE,FALSE,FALSE,FALSE,FALSE,FALSE,FALSE,FALSE,FALSE,FALSE,FALSE,FALSE,FALSE,FALSE,FALSE,FALSE,FALSE,FALSE,FALSE,FALSE,FALSE,FALSE,FALSE,FALSE,FALSE,FALSE,FALSE,FALSE,FALSE,FALSE,FALSE,-26.6,0,26.55,FALSE,FALSE,FALSE,1.183323,1.078066,1.204621,FALSE,FALSE,FALSE,0,0,0,FALSE,FALSE,FALSE,1.155328,FALSE,8.64,FALSE,24.62,FALSE
2025-09-18 09:46:31,368,12,84,201,313,277,165,172,177,234,289,241,281,228,178,186,245,316,402,659,379,344,442,278,242,476,472,574,435,261,467,513,634,446,315,390,359,266,222,536,445,FALSE,FALSE,FALSE,FALSE,FALSE,FALSE,FALSE,FALSE,FALSE,FALSE,FALSE,FALSE,FALSE,FALSE,FALSE,FALSE,FALSE,FALSE,FALSE,FALSE,FALSE,FALSE,FALSE,FALSE,FALSE,FALSE,FALSE,FALSE,FALSE,FALSE,FALSE,FALSE,FALSE,FALSE,FALSE,FALSE,FALSE,FALSE,FALSE,FALSE,FALSE,1.991319,4.175331,2.175126,1.598999,1.242752,1.463423,1.427933,1.441589,1.356867,1.497496,1.646822,1.680195,1.494911,1.824892,1.907536,2.392137,2.427582,2.944381,7.683598,2.639451,2.430673,2.519687,1.915756,2.383512,2.246968,2.069129,2.089419,2.358271,2.718396,2.627632,2.787699,3.467731,7.641946,4.363408,4.237977,4.260288,4.676939,4.681798,4.707163,5.522646,9.898133,FALSE,FALSE,FALSE,FALSE,FALSE,FALSE,FALSE,FALSE,FALSE,FALSE,FALSE,FALSE,FALSE,FALSE,FALSE,FALSE,FALSE,FALSE,TRUE,FALSE,FALSE,FALSE,FALSE,FALSE,FALSE,FALSE,FALSE,FALSE,FALSE,FALSE,FALSE,FALSE,TRUE,FALSE,FALSE,FALSE,FALSE,FALSE,FALSE,FALSE,TRUE,-26.8,0,26.3,FALSE,FALSE,FALSE,1.187252,1.100029,1.203056,FALSE,FALSE,FALSE,0,0,0,FALSE,FALSE,FALSE,1.177456,FALSE,9.59,FALSE,26.75,FALSE
2025-09-17 09:10:23,368,12,87,203,316,281,166,174,179,236,293,241,280,230,177,184,243,312,377,689,391,355,455,285,248,494,489,582,450,267,476,518,613,441,306,376,345,255,212,501,408,FALSE,FALSE,FALSE,FALSE,FALSE,FALSE,FALSE,FALSE,FALSE,FALSE,FALSE,FALSE,FALSE,FALSE,FALSE,FALSE,FALSE,FALSE,FALSE,FALSE,FALSE,FALSE,FALSE,FALSE,FALSE,FALSE,FALSE,FALSE,FALSE,FALSE,FALSE,FALSE,FALSE,FALSE,FALSE,FALSE,FALSE,FALSE,FALSE,FALSE,FALSE,2.159238,4.185965,1.8341,1.612542,1.128668,1.489027,1.453599,1.444862,1.302799,1.533768,1.716684,1.667635,1.431171,1.922362,1.854242,2.300782,2.308329,2.941988,8.87689,2.29121,2.06319,2.180816,1.54224,2.007939,1.854737,1.689565,1.905393,1.954835,2.370859,2.171896,2.432477,3.220259,8.610767,3.764474,3.372116,2.655393,3.176617,3.123149,3.158343,4.450392,10.75384,FALSE,FALSE,FALSE,FALSE,FALSE,FALSE,FALSE,FALSE,FALSE,FALSE,FALSE,FALSE,FALSE,FALSE,FALSE,FALSE,FALSE,FALSE,TRUE,FALSE,FALSE,FALSE,FALSE,FALSE,FALSE,FALSE,FALSE,FALSE,FALSE,FALSE,FALSE,FALSE,TRUE,FALSE,FALSE,FALSE,FALSE,FALSE,FALSE,FALSE,TRUE,-26.7,0,26.55,FALSE,FALSE,FALSE,1.182087,1.079992,1.205614,FALSE,FALSE,FALSE,0,0,0,FALSE,FALSE,FALSE,1.163229,FALSE,10.89,FALSE,24.62,FALSE
2025-09-16 10:28:43,368,12,83,203,314,279,165,172,178,234,291,241,282,232,183,190,251,322,393,671,386,349,447,279,244,489,491,589,449,268,477,528,626,487,336,416,378,279,234,555,453,FALSE,FALSE,FALSE,FALSE,FALSE,FALSE,FALSE,FALSE,FALSE,FALSE,FALSE,FALSE,FALSE,FALSE,FALSE,FALSE,FALSE,FALSE,FALSE,FALSE,FALSE,FALSE,FALSE,FALSE,FALSE,FALSE,FALSE,FALSE,FALSE,FALSE,FALSE,FALSE,FALSE,FALSE,FALSE,FALSE,FALSE,FALSE,FALSE,FALSE,FALSE,2.02916,4.476324,2.836643,1.918554,1.568366,1.77033,1.761497,1.81378,1.666805,1.812301,2.001068,2.24317,1.968599,2.200917,2.273247,2.297714,2.286818,2.636667,7.076556,3.250746,3.178289,3.224487,2.46574,3.122144,2.956306,2.726938,2.686094,2.891369,2.94729,2.865936,3.060407,3.337897,6.855133,6.208796,6.331872,5.980224,5.946268,6.008081,6.031681,6.237636,9.170237,FALSE,FALSE,FALSE,FALSE,FALSE,FALSE,FALSE,FALSE,FALSE,FALSE,FALSE,FALSE,FALSE,FALSE,FALSE,FALSE,FALSE,FALSE,TRUE,FALSE,FALSE,FALSE,FALSE,FALSE,FALSE,FALSE,FALSE,FALSE,FALSE,FALSE,FALSE,FALSE,TRUE,TRUE,TRUE,FALSE,FALSE,TRUE,TRUE,TRUE,TRUE,-26.8,0,26.25,FALSE,FALSE,FALSE,1.188422,1.100681,1.205209,FALSE,FALSE,FALSE,0,0,0,FALSE,FALSE,FALSE,1.171697,FALSE,10.7,FALSE,27.88,FALSE
2025-09-16 10:17:37,368,12,84,202,313,277,164,170,179,230,285,234,274,223,175,198,263,348,558,659,375,336,431,269,236,467,467,582,463,279,504,584,871,454,319,422,409,298,249,647,671,FALSE,FALSE,FALSE,FALSE,FALSE,FALSE,FALSE,FALSE,FALSE,FALSE,FALSE,FALSE,FALSE,FALSE,FALSE,FALSE,FALSE,FALSE,FALSE,FALSE,FALSE,FALSE,FALSE,FALSE,FALSE,FALSE,FALSE,FALSE,FALSE,FALSE,FALSE,FALSE,FALSE,FALSE,FALSE,FALSE,FALSE,FALSE,FALSE,FALSE,TRUE,2.018744,4.396522,2.594666,1.897344,1.570763,1.726286,1.698587,1.707954,1.573485,1.720378,1.941847,2.093096,1.907903,2.061941,2.262434,3.300149,3.387479,4.197493,7.958093,3.097286,2.966045,2.984721,2.312927,2.839056,2.692306,2.471502,2.425701,3.09179,3.57319,3.694107,4.169152,4.79758,7.676764,5.698437,5.680094,5.633251,6.153149,6.181556,6.2499,7.135984,9.914369,FALSE,FALSE,FALSE,FALSE,FALSE,FALSE,FALSE,FALSE,FALSE,FALSE,FALSE,FALSE,FALSE,FALSE,FALSE,FALSE,FALSE,FALSE,TRUE,FALSE,FALSE,FALSE,FALSE,FALSE,FALSE,FALSE,FALSE,FALSE,FALSE,FALSE,FALSE,FALSE,TRUE,FALSE,FALSE,FALSE,TRUE,TRUE,TRUE,TRUE,TRUE,-26.775,0,26.25,FALSE,FALSE,FALSE,1.188103,1.101193,1.202869,FALSE,FALSE,FALSE,0,0,0,FALSE,FALSE,FALSE,1.175421,FALSE,11,FALSE,27.38,FALSE
2025-09-16 10:08:02,368,12,84,196,306,269,158,164,168,218,259,226,275,239,222,271,368,518,968,626,349,306,387,252,230,471,507,701,592,360,673,809,1425,557,422,615,616,455,384,1046,1317,FALSE,FALSE,FALSE,FALSE,FALSE,FALSE,FALSE,FALSE,FALSE,FALSE,FALSE,FALSE,FALSE,FALSE,FALSE,FALSE,FALSE,FALSE,TRUE,FALSE,FALSE,FALSE,FALSE,FALSE,FALSE,FALSE,FALSE,FALSE,FALSE,FALSE,FALSE,FALSE,TRUE,FALSE,FALSE,FALSE,FALSE,FALSE,FALSE,TRUE,TRUE,3.849609,4.494352,2.964919,3.461876,3.026926,2.919338,2.695054,2.60501,2.480724,2.782861,3.396115,2.743304,2.176841,5.008731,10.44188,10.77211,11.95804,12.41885,13.5861,3.357619,3.259506,3.425522,3.099055,3.069631,2.718916,3.044931,6.057596,7.600563,8.136049,8.69159,9.897586,10.49952,11.89518,18.48535,21.96981,17.47501,16.15625,16.78024,16.85578,16.89382,18.70717,FALSE,FALSE,FALSE,FALSE,FALSE,FALSE,FALSE,FALSE,FALSE,FALSE,FALSE,FALSE,FALSE,FALSE,TRUE,TRUE,TRUE,TRUE,TRUE,FALSE,FALSE,FALSE,FALSE,FALSE,FALSE,FALSE,TRUE,TRUE,TRUE,TRUE,TRUE,TRUE,TRUE,TRUE,TRUE,TRUE,TRUE,TRUE,TRUE,TRUE,TRUE,-26.9,0,26.475,FALSE,FALSE,FALSE,1.184035,1.097213,1.200764,FALSE,FALSE,FALSE,0,0,0,FALSE,FALSE,FALSE,1.172007,FALSE,10.04,FALSE,27,FALSE
2025-09-15 09:34:58,368,12,86,201,314,278,165,173,179,235,294,241,281,239,183,186,246,307,305,672,387,353,457,285,242,495,508,590,443,265,475,499,496,513,353,391,353,258,216,485,322,FALSE,FALSE,FALSE,FALSE,FALSE,FALSE,FALSE,FALSE,FALSE,FALSE,FALSE,FALSE,FALSE,FALSE,FALSE,FALSE,FALSE,FALSE,FALSE,FALSE,FALSE,FALSE,FALSE,FALSE,FALSE,FALSE,FALSE,FALSE,FALSE,FALSE,FALSE,FALSE,FALSE,FALSE,FALSE,FALSE,FALSE,FALSE,FALSE,FALSE,FALSE,3.644831,4.316853,2.156931,1.977017,1.562763,1.787155,1.76115,1.795757,1.601154,1.82111,1.984122,2.163498,1.908955,2.055909,2.242945,2.247399,2.241455,2.276999,3.034215,2.621099,2.488068,2.517001,1.679471,2.374586,2.233467,1.924105,1.99111,2.254598,2.341356,2.091783,2.283282,2.316314,2.709638,3.550678,3.374375,3.307013,3.345591,3.360224,3.36698,3.519412,3.686132,FALSE,FALSE,FALSE,FALSE,FALSE,FALSE,FALSE,FALSE,FALSE,FALSE,FALSE,FALSE,FALSE,FALSE,FALSE,FALSE,FALSE,FALSE,FALSE,FALSE,FALSE,FALSE,FALSE,FALSE,FALSE,FALSE,FALSE,FALSE,FALSE,FALSE,FALSE,FALSE,FALSE,FALSE,FALSE,FALSE,FALSE,FALSE,FALSE,FALSE,FALSE,-26.9,0,26.55,FALSE,FALSE,FALSE,1.181761,1.089519,1.202381,FALSE,FALSE,FALSE,0,0,0,FALSE,FALSE,FALSE,1.165778,FALSE,10.26,FALSE,25.62,FALSE
2025-09-14 20:49:39,425,12,89,201,310,276,163,169,177,233,290,237,280,241,184,188,249,314,314,737,415,386,497,308,270,549,546,639,491,292,520,552,564,633,423,474,432,314,264,597,393,FALSE,FALSE,FALSE,FALSE,FALSE,FALSE,FALSE,FALSE,FALSE,FALSE,FALSE,FALSE,FALSE,FALSE,FALSE,FALSE,FALSE,FALSE,FALSE,FALSE,FALSE,FALSE,FALSE,FALSE,FALSE,FALSE,FALSE,FALSE,FALSE,FALSE,FALSE,FALSE,FALSE,FALSE,FALSE,FALSE,FALSE,FALSE,FALSE,FALSE,FALSE,1.977361,3.92878,3.525476,1.540348,1.322304,1.390991,1.410311,1.498207,1.43874,1.535263,1.630037,1.801884,1.83564,2.781711,2.205895,2.012032,1.949693,3.040776,4.779275,3.248601,3.146259,3.235766,2.891537,3.011976,2.891016,3.278064,3.415839,2.961534,2.967762,2.867065,2.904997,3.932194,5.714426,10.40099,9.055001,5.919168,6.015448,6.064021,6.082316,6.816039,9.892244,FALSE,FALSE,FALSE,FALSE,FALSE,FALSE,FALSE,FALSE,FALSE,FALSE,FALSE,FALSE,FALSE,FALSE,FALSE,FALSE,FALSE,FALSE,FALSE,FALSE,FALSE,FALSE,FALSE,FALSE,FALSE,FALSE,FALSE,FALSE,FALSE,FALSE,FALSE,FALSE,FALSE,TRUE,TRUE,FALSE,TRUE,TRUE,TRUE,TRUE,TRUE,-27.05,0,25.975,FALSE,FALSE,FALSE,1.18517,1.049736,1.201317,FALSE,FALSE,FALSE,0,0,0,FALSE,FALSE,FALSE,1.084766,FALSE,7.98,FALSE,31.5,FALSE
2025-09-14 20:31:00,457,12,93,199,308,276,162,168,175,230,288,240,284,233,184,193,254,330,416,796,443,412,536,335,296,583,590,714,548,324,590,645,819,552,396,501,467,331,285,682,566,FALSE,FALSE,FALSE,FALSE,FALSE,FALSE,FALSE,FALSE,FALSE,FALSE,FALSE,FALSE,FALSE,FALSE,FALSE,FALSE,FALSE,FALSE,FALSE,FALSE,FALSE,FALSE,FALSE,FALSE,FALSE,FALSE,FALSE,FALSE,FALSE,FALSE,FALSE,FALSE,FALSE,FALSE,FALSE,FALSE,FALSE,FALSE,FALSE,FALSE,FALSE,2.099024,4.0631,4.086344,1.676013,1.499326,1.521922,1.552043,1.671905,1.640438,1.713138,1.917533,1.923914,1.706047,2.088856,2.180998,2.453801,2.421417,2.551103,3.540753,3.834643,3.750326,3.89123,3.627064,3.682587,3.474388,3.446301,3.285858,3.634685,3.865619,3.938283,4.011119,4.236127,5.006278,7.38583,7.418648,7.872101,8.513041,8.582642,8.676653,9.083838,9.346139,FALSE,FALSE,FALSE,FALSE,FALSE,FALSE,FALSE,FALSE,FALSE,FALSE,FALSE,FALSE,FALSE,FALSE,FALSE,FALSE,FALSE,FALSE,FALSE,FALSE,FALSE,FALSE,FALSE,FALSE,FALSE,FALSE,FALSE,FALSE,FALSE,FALSE,FALSE,FALSE,FALSE,TRUE,TRUE,TRUE,TRUE,TRUE,TRUE,TRUE,TRUE,-27.2,0,26.025,FALSE,FALSE,FALSE,1.182485,1.017364,1.197521,FALSE,FALSE,FALSE,0,0,0,FALSE,FALSE,FALSE,1.03844,FALSE,7.46,FALSE,32.62,FALSE
2025-09-14 20:21:29,457,12,96,203,313,280,162,171,175,232,289,244,286,233,184,196,259,338,424,845,466,430,571,352,307,634,639,785,592,345,651,713,906,579,414,520,483,349,296,713,581,FALSE,FALSE,FALSE,FALSE,FALSE,FALSE,FALSE,FALSE,FALSE,FALSE,FALSE,FALSE,FALSE,FALSE,FALSE,FALSE,FALSE,FALSE,FALSE,FALSE,FALSE,FALSE,FALSE,FALSE,FALSE,FALSE,FALSE,FALSE,FALSE,FALSE,FALSE,FALSE,FALSE,FALSE,FALSE,FALSE,FALSE,FALSE,FALSE,FALSE,FALSE,2.164741,4.060252,4.313722,1.672471,1.516757,1.549503,1.579186,1.700656,1.652048,1.743296,1.931223,1.98145,1.774584,2.110054,2.177418,2.480902,2.445369,2.545198,3.531514,4.073386,4.024188,4.08517,3.81906,3.959477,3.748208,3.697308,3.520458,3.830553,4.07926,4.074144,4.258162,4.487473,5.170618,8.048233,8.094222,8.533819,9.063489,9.122821,9.24243,9.752275,10.14014,FALSE,FALSE,FALSE,FALSE,FALSE,FALSE,FALSE,FALSE,FALSE,FALSE,FALSE,FALSE,FALSE,FALSE,FALSE,FALSE,FALSE,FALSE,FALSE,FALSE,FALSE,FALSE,FALSE,FALSE,FALSE,FALSE,FALSE,FALSE,FALSE,FALSE,FALSE,FALSE,FALSE,TRUE,TRUE,TRUE,TRUE,TRUE,TRUE,TRUE,TRUE,-27.05,0,25.825,FALSE,FALSE,FALSE,1.185447,0.9994048,1.199072,FALSE,FALSE,FALSE,0,0,0,FALSE,FALSE,FALSE,1.011932,FALSE,7.64,FALSE,33.5,FALSE
2025-09-14 19:55:07,489,12,106,213,335,295,171,179,184,245,308,258,306,249,198,211,283,376,476,1066,572,531,716,424,369,802,810,1002,749,426,854,941,1235,679,490,616,570,411,344,882,681,FALSE,FALSE,FALSE,FALSE,FALSE,FALSE,FALSE,FALSE,FALSE,FALSE,FALSE,FALSE,FALSE,FALSE,FALSE,FALSE,FALSE,FALSE,FALSE,FALSE,FALSE,FALSE,FALSE,FALSE,FALSE,FALSE,FALSE,FALSE,FALSE,FALSE,FALSE,TRUE,TRUE,FALSE,FALSE,FALSE,FALSE,FALSE,FALSE,FALSE,TRUE,2.079998,4.032814,3.615664,1.680413,1.542339,1.517283,1.552287,1.721967,1.669256,1.741981,1.962674,1.959222,1.774528,2.133128,2.188581,2.476019,2.459778,2.559096,3.494122,3.941234,3.790344,3.886339,3.708139,3.697672,3.554794,3.56951,3.457153,3.615565,3.910298,4.101004,4.403117,4.314803,5.150678,8.594072,8.723594,9.023296,9.531187,9.661258,9.761919,10.35642,10.75579,FALSE,FALSE,FALSE,FALSE,FALSE,FALSE,FALSE,FALSE,FALSE,FALSE,FALSE,FALSE,FALSE,FALSE,FALSE,FALSE,FALSE,FALSE,FALSE,FALSE,FALSE,FALSE,FALSE,FALSE,FALSE,FALSE,FALSE,FALSE,FALSE,FALSE,FALSE,FALSE,FALSE,TRUE,TRUE,TRUE,TRUE,TRUE,TRUE,TRUE,TRUE,-27.2,0,25.8,FALSE,FALSE,FALSE,1.176331,0.9296049,1.184804,FALSE,FALSE,FALSE,0,0,0,FALSE,FALSE,FALSE,0.926181,FALSE,6.66,FALSE,36.25,FALSE
2025-09-14 12:13:06,359,12,89,202,315,277,164,171,177,229,284,235,274,220,175,192,255,339,518,666,380,342,436,274,240,474,477,582,464,280,503,569,833,401,289,389,370,271,228,569,591,FALSE,FALSE,FALSE,FALSE,FALSE,FALSE,FALSE,FALSE,FALSE,FALSE,FALSE,FALSE,FALSE,FALSE,FALSE,FALSE,FALSE,FALSE,FALSE,FALSE,FALSE,FALSE,FALSE,FALSE,FALSE,FALSE,FALSE,FALSE,FALSE,FALSE,FALSE,FALSE,FALSE,FALSE,FALSE,FALSE,FALSE,FALSE,FALSE,FALSE,FALSE,2.241486,4.3592,1.964221,1.618155,1.092486,1.486188,1.435628,1.414276,1.244348,1.523413,1.72456,1.580695,1.476657,1.580682,2.277234,3.756683,3.886228,4.815941,8.648615,2.296406,2.095992,2.314083,1.853946,2.024998,1.884187,1.553787,1.765193,2.744209,3.634629,3.725569,4.149763,5.014817,8.255808,2.89536,2.724718,3.888455,4.879108,4.901605,5.002907,6.232242,9.597072,FALSE,FALSE,FALSE,FALSE,FALSE,FALSE,FALSE,FALSE,FALSE,FALSE,FALSE,FALSE,FALSE,FALSE,FALSE,FALSE,FALSE,FALSE,TRUE,FALSE,FALSE,FALSE,FALSE,FALSE,FALSE,FALSE,FALSE,FALSE,FALSE,FALSE,FALSE,FALSE,TRUE,FALSE,FALSE,FALSE,FALSE,FALSE,FALSE,TRUE,TRUE,-26.9,0,26.925,FALSE,FALSE,FALSE,1.176853,1.075675,1.20101,FALSE,FALSE,FALSE,0,0,0,FALSE,FALSE,FALSE,1.159194,FALSE,10.18,FALSE,24.5,FALSE
2025-09-14 11:54:43,359,12,93,203,315,278,164,170,177,227,278,231,275,217,178,203,272,370,620,676,382,339,431,273,243,475,481,620,502,302,548,632,1011,395,286,406,400,293,246,633,718,FALSE,FALSE,FALSE,FALSE,FALSE,FALSE,FALSE,FALSE,FALSE,FALSE,FALSE,FALSE,FALSE,FALSE,FALSE,FALSE,FALSE,FALSE,TRUE,FALSE,FALSE,FALSE,FALSE,FALSE,FALSE,FALSE,FALSE,FALSE,FALSE,FALSE,FALSE,FALSE,TRUE,FALSE,FALSE,FALSE,FALSE,FALSE,FALSE,FALSE,TRUE,2.969806,4.338213,2.75658,1.618323,1.04806,1.474364,1.392882,1.356565,1.191871,1.453624,1.674576,1.612496,1.707417,1.751817,2.794472,4.580859,4.672278,5.582887,7.923519,2.326559,2.137027,2.314918,2.147218,2.075537,2.013504,1.679739,1.949153,3.116456,4.041493,4.006292,4.450127,5.369969,7.287578,3.157266,3.061038,4.579048,5.681747,5.605112,5.672271,6.767696,8.569237,FALSE,FALSE,FALSE,FALSE,FALSE,FALSE,FALSE,FALSE,FALSE,FALSE,FALSE,FALSE,FALSE,FALSE,FALSE,FALSE,FALSE,FALSE,TRUE,FALSE,FALSE,FALSE,FALSE,FALSE,FALSE,FALSE,FALSE,FALSE,FALSE,FALSE,FALSE,FALSE,TRUE,FALSE,FALSE,FALSE,FALSE,FALSE,FALSE,TRUE,TRUE,-26.65,0,26.95,FALSE,FALSE,FALSE,1.171068,1.053252,1.199533,FALSE,FALSE,FALSE,0,0,0,FALSE,FALSE,FALSE,1.139671,FALSE,10.66,FALSE,23.25,FALSE
2025-09-14 11:51:17,359,12,94,205,317,281,164,171,175,225,273,228,274,217,179,211,282,388,671,678,382,334,429,272,241,477,484,629,513,313,568,665,1078,400,286,420,418,306,257,669,782,FALSE,FALSE,FALSE,FALSE,FALSE,FALSE,FALSE,FALSE,FALSE,FALSE,FALSE,FALSE,FALSE,FALSE,FALSE,FALSE,FALSE,FALSE,TRUE,FALSE,FALSE,FALSE,FALSE,FALSE,FALSE,FALSE,FALSE,FALSE,FALSE,FALSE,FALSE,FALSE,TRUE,FALSE,FALSE,FALSE,FALSE,FALSE,FALSE,FALSE,TRUE,3.168592,4.339945,2.945132,1.649339,1.044813,1.476015,1.382403,1.33922,1.162897,1.407531,1.61998,1.595072,1.748757,1.813723,2.897366,4.583322,4.618578,5.491568,7.558949,2.34053,2.095257,2.279613,2.101253,2.07575,2.055343,1.743188,2.020651,3.137979,3.985427,3.920932,4.25676,5.227437,6.915699,3.217762,3.119648,4.494085,5.503701,5.384745,5.471787,6.538401,8.155416,FALSE,FALSE,FALSE,FALSE,FALSE,FALSE,FALSE,FALSE,FALSE,FALSE,FALSE,FALSE,FALSE,FALSE,FALSE,FALSE,FALSE,FALSE,TRUE,FALSE,FALSE,FALSE,FALSE,FALSE,FALSE,FALSE,FALSE,FALSE,FALSE,FALSE,FALSE,FALSE,TRUE,FALSE,FALSE,FALSE,FALSE,FALSE,FALSE,TRUE,TRUE,-26.825,0,27.15,FALSE,FALSE,FALSE,1.170416,1.049639,1.198676,FALSE,FALSE,FALSE,0,0,0,FALSE,FALSE,FALSE,1.136425,FALSE,10.63,FALSE,23,FALSE
2025-09-13 11:13:08,359,12,90,204,315,280,164,172,177,231,282,234,277,222,178,197,262,351,548,681,383,341,439,274,241,474,480,594,476,287,519,591,881,412,294,394,378,282,236,595,636,FALSE,FALSE,FALSE,FALSE,FALSE,FALSE,FALSE,FALSE,FALSE,FALSE,FALSE,FALSE,FALSE,FALSE,FALSE,FALSE,FALSE,FALSE,FALSE,FALSE,FALSE,FALSE,FALSE,FALSE,FALSE,FALSE,FALSE,FALSE,FALSE,FALSE,FALSE,FALSE,FALSE,FALSE,FALSE,FALSE,FALSE,FALSE,FALSE,FALSE,FALSE,2.506166,4.367619,2.169935,1.743944,1.158905,1.557266,1.483877,1.424248,1.238369,1.448292,1.645738,1.683159,1.723903,1.696291,2.639764,4.304773,4.387268,5.35235,8.764396,2.27601,2.037679,2.203413,1.934587,1.944269,1.872075,1.518796,1.76798,2.977386,3.922176,3.913638,4.348133,5.350999,8.17467,3.202432,2.897976,4.361246,5.465818,5.409283,5.525112,6.812093,9.681932,FALSE,FALSE,FALSE,FALSE,FALSE,FALSE,FALSE,FALSE,FALSE,FALSE,FALSE,FALSE,FALSE,FALSE,FALSE,FALSE,FALSE,FALSE,TRUE,FALSE,FALSE,FALSE,FALSE,FALSE,FALSE,FALSE,FALSE,FALSE,FALSE,FALSE,FALSE,FALSE,TRUE,FALSE,FALSE,FALSE,FALSE,FALSE,FALSE,TRUE,TRUE,-26.675,0,26.725,FALSE,FALSE,FALSE,1.179265,1.070658,1.203744,FALSE,FALSE,FALSE,0,0,0,FALSE,FALSE,FALSE,1.155699,FALSE,11.59,FALSE,24.25,FALSE
2025-09-13 11:01:22,359,12,94,205,316,280,164,170,176,227,276,227,270,218,178,208,278,382,656,682,382,338,432,270,240,476,483,617,504,308,561,652,1052,419,291,413,412,302,255,660,764,FALSE,FALSE,FALSE,FALSE,FALSE,FALSE,FALSE,FALSE,FALSE,FALSE,FALSE,FALSE,FALSE,FALSE,FALSE,FALSE,FALSE,FALSE,TRUE,FALSE,FALSE,FALSE,FALSE,FALSE,FALSE,FALSE,FALSE,FALSE,FALSE,FALSE,FALSE,FALSE,TRUE,FALSE,FALSE,FALSE,FALSE,FALSE,FALSE,FALSE,TRUE,3.418049,4.37348,2.974089,1.749116,1.09575,1.56038,1.459159,1.3814,1.141644,1.389838,1.545403,1.799089,1.950493,1.802042,2.94881,4.718267,4.707625,5.63081,8.302799,2.322629,2.078145,2.24662,2.074831,2.122244,2.139277,1.716359,1.985503,3.256984,4.197421,4.09122,4.42496,5.60136,7.758919,3.728695,3.340647,4.696465,5.776687,5.66702,5.837314,7.043443,9.18769,FALSE,FALSE,FALSE,FALSE,FALSE,FALSE,FALSE,FALSE,FALSE,FALSE,FALSE,FALSE,FALSE,FALSE,FALSE,FALSE,FALSE,FALSE,TRUE,FALSE,FALSE,FALSE,FALSE,FALSE,FALSE,FALSE,FALSE,FALSE,FALSE,FALSE,FALSE,FALSE,TRUE,FALSE,FALSE,FALSE,FALSE,FALSE,FALSE,TRUE,TRUE,-26.7,0,26.975,FALSE,FALSE,FALSE,1.174683,1.051797,1.201342,FALSE,FALSE,FALSE,0,0,0,FALSE,FALSE,FALSE,1.137539,FALSE,12.59,FALSE,23.12,FALSE
2025-09-12 09:43:02,359,12,87,201,313,276,163,170,176,230,281,234,276,222,178,198,264,349,555,658,374,337,432,271,240,470,474,586,469,282,511,582,880,406,288,399,380,282,236,606,644,FALSE,FALSE,FALSE,FALSE,FALSE,FALSE,FALSE,FALSE,FALSE,FALSE,FALSE,FALSE,FALSE,FALSE,FALSE,FALSE,FALSE,FALSE,FALSE,FALSE,FALSE,FALSE,FALSE,FALSE,FALSE,FALSE,FALSE,FALSE,FALSE,FALSE,FALSE,FALSE,FALSE,FALSE,FALSE,FALSE,FALSE,FALSE,FALSE,FALSE,FALSE,2.033755,4.265941,1.854106,1.549971,1.098198,1.453692,1.432535,1.434557,1.327094,1.578946,1.856972,1.561505,1.406904,1.570665,2.461246,4.797328,4.994773,6.021771,11.05875,2.301848,2.176965,2.438348,2.026619,2.063614,1.873692,1.553996,1.643842,2.938586,4.186377,4.391074,4.789052,6.141737,10.62317,2.691489,2.615547,4.612656,6.049108,5.977444,6.050657,7.666049,12.55063,FALSE,FALSE,FALSE,FALSE,FALSE,FALSE,FALSE,FALSE,FALSE,FALSE,FALSE,FALSE,FALSE,FALSE,FALSE,FALSE,FALSE,TRUE,TRUE,FALSE,FALSE,FALSE,FALSE,FALSE,FALSE,FALSE,FALSE,FALSE,FALSE,FALSE,FALSE,TRUE,TRUE,FALSE,FALSE,FALSE,TRUE,FALSE,TRUE,TRUE,TRUE,-26.825,0,26.725,FALSE,FALSE,FALSE,1.178998,1.081169,1.202029,FALSE,FALSE,FALSE,0,0,0,FALSE,FALSE,FALSE,1.164069,FALSE,10.66,FALSE,25,FALSE
2025-09-11 09:36:40,359,12,87,202,315,281,165,174,180,237,294,238,276,233,179,181,239,301,326,678,385,354,456,279,242,488,488,574,438,260,462,496,531,494,333,378,340,254,211,488,352,FALSE,FALSE,FALSE,FALSE,FALSE,FALSE,FALSE,FALSE,FALSE,FALSE,FALSE,FALSE,FALSE,FALSE,FALSE,FALSE,FALSE,FALSE,FALSE,FALSE,FALSE,FALSE,FALSE,FALSE,FALSE,FALSE,FALSE,FALSE,FALSE,FALSE,FALSE,FALSE,FALSE,FALSE,FALSE,FALSE,FALSE,FALSE,FALSE,FALSE,FALSE,3.544508,4.3935,2.014964,1.958251,1.435173,1.749716,1.749902,1.745995,1.514972,1.797774,1.930644,2.081315,1.835148,2.060235,2.281103,2.249726,2.208927,2.243642,3.318484,2.469953,2.358278,2.424103,1.488374,2.24835,2.113225,1.779948,1.865039,2.156829,2.210714,1.862844,2.077131,2.174354,3.422334,3.353236,3.119533,3.087788,3.213531,3.210108,3.247648,3.427527,4.755291,FALSE,FALSE,FALSE,FALSE,FALSE,FALSE,FALSE,FALSE,FALSE,FALSE,FALSE,FALSE,FALSE,FALSE,FALSE,FALSE,FALSE,FALSE,FALSE,FALSE,FALSE,FALSE,FALSE,FALSE,FALSE,FALSE,FALSE,FALSE,FALSE,FALSE,FALSE,FALSE,FALSE,FALSE,FALSE,FALSE,FALSE,FALSE,FALSE,FALSE,FALSE,-26.875,0,26.675,FALSE,FALSE,FALSE,1.179999,1.088498,1.204356,FALSE,FALSE,FALSE,0,0,0,FALSE,FALSE,FALSE,1.163727,FALSE,11.5,FALSE,25.25,FALSE
2025-09-10 08:31:55,359,12,89,203,314,280,166,173,180,235,292,237,276,225,175,182,240,312,398,690,389,353,457,284,247,484,489,579,443,266,477,521,649,433,301,370,340,253,211,504,437,FALSE,FALSE,FALSE,FALSE,FALSE,FALSE,FALSE,FALSE,FALSE,FALSE,FALSE,FALSE,FALSE,FALSE,FALSE,FALSE,FALSE,FALSE,FALSE,FALSE,FALSE,FALSE,FALSE,FALSE,FALSE,FALSE,FALSE,FALSE,FALSE,FALSE,FALSE,FALSE,FALSE,FALSE,FALSE,FALSE,FALSE,FALSE,FALSE,FALSE,FALSE,2.833626,4.423487,2.576301,1.766026,1.153227,1.618541,1.573019,1.54213,1.302025,1.60114,1.685439,1.700062,1.439599,1.684311,1.865673,1.946744,1.911028,2.160595,5.542194,2.304145,2.094342,2.118203,1.528083,2.009315,1.926388,1.628413,1.748314,1.962008,2.221892,1.855745,2.107758,2.592354,5.466882,3.083823,2.881482,2.670018,2.872798,2.874128,2.852596,3.479979,6.81892,FALSE,FALSE,FALSE,FALSE,FALSE,FALSE,FALSE,FALSE,FALSE,FALSE,FALSE,FALSE,FALSE,FALSE,FALSE,FALSE,FALSE,FALSE,FALSE,FALSE,FALSE,FALSE,FALSE,FALSE,FALSE,FALSE,FALSE,FALSE,FALSE,FALSE,FALSE,FALSE,FALSE,FALSE,FALSE,FALSE,FALSE,FALSE,FALSE,FALSE,TRUE,-26.975,0,27.125,FALSE,FALSE,FALSE,1.174464,1.072504,1.205009,FALSE,FALSE,FALSE,0,0,0,FALSE,FALSE,FALSE,1.155694,FALSE,12.73,FALSE,24,FALSE
2025-09-09 11:24:40,359,12,84,201,309,276,163,170,176,230,283,234,272,227,176,185,245,315,412,660,376,344,443,274,239,476,471,569,438,263,470,519,658,492,327,404,370,275,229,557,477,FALSE,FALSE,FALSE,FALSE,FALSE,FALSE,FALSE,FALSE,FALSE,FALSE,FALSE,FALSE,FALSE,FALSE,FALSE,FALSE,FALSE,FALSE,FALSE,FALSE,FALSE,FALSE,FALSE,FALSE,FALSE,FALSE,FALSE,FALSE,FALSE,FALSE,FALSE,FALSE,FALSE,FALSE,FALSE,FALSE,FALSE,FALSE,FALSE,FALSE,FALSE,1.995125,4.443916,2.683643,1.836067,1.414678,1.686485,1.630799,1.639844,1.455471,1.631845,1.742478,1.953871,1.729722,2.10533,2.174271,2.230837,2.18726,2.665904,8.716455,3.040937,2.97318,2.96052,2.273062,2.802601,2.695549,2.514637,2.408141,2.781233,2.849692,2.777697,3.027942,3.542352,8.573869,5.412741,5.388019,5.167889,5.172233,5.231124,5.261516,5.934413,11.41659,FALSE,FALSE,FALSE,FALSE,FALSE,FALSE,FALSE,FALSE,FALSE,FALSE,FALSE,FALSE,FALSE,FALSE,FALSE,FALSE,FALSE,FALSE,TRUE,FALSE,FALSE,FALSE,FALSE,FALSE,FALSE,FALSE,FALSE,FALSE,FALSE,FALSE,FALSE,FALSE,TRUE,FALSE,FALSE,FALSE,FALSE,FALSE,FALSE,FALSE,TRUE,-27.225,0,26.575,FALSE,FALSE,FALSE,1.184045,1.092496,1.201735,FALSE,FALSE,FALSE,0,0,0,FALSE,FALSE,FALSE,1.155596,FALSE,11.88,FALSE,28.38,FALSE
2025-09-08 08:41:06,359,12,90,204,319,282,166,174,180,238,293,235,276,230,176,180,238,303,358,699,398,360,463,285,249,499,496,578,446,267,478,514,594,478,319,372,339,252,208,494,385,FALSE,FALSE,FALSE,FALSE,FALSE,FALSE,FALSE,FALSE,FALSE,FALSE,FALSE,FALSE,FALSE,FALSE,FALSE,FALSE,FALSE,FALSE,FALSE,FALSE,FALSE,FALSE,FALSE,FALSE,FALSE,FALSE,FALSE,FALSE,FALSE,FALSE,FALSE,FALSE,FALSE,FALSE,FALSE,FALSE,FALSE,FALSE,FALSE,FALSE,FALSE,2.528587,4.453195,2.835801,1.887365,1.387805,1.7117,1.685152,1.712248,1.43781,1.718378,1.852111,1.992028,1.744887,2.081999,2.260266,2.121573,2.124784,2.340636,7.097544,2.332207,2.172765,2.303696,1.665753,2.207678,2.103156,1.789224,1.855277,1.995453,2.178446,1.828982,2.153297,2.617112,6.849622,3.786705,3.488512,2.888326,2.864131,2.868937,2.838159,3.366442,8.216553,FALSE,FALSE,FALSE,FALSE,FALSE,FALSE,FALSE,FALSE,FALSE,FALSE,FALSE,FALSE,FALSE,FALSE,FALSE,FALSE,FALSE,FALSE,TRUE,FALSE,FALSE,FALSE,FALSE,FALSE,FALSE,FALSE,FALSE,FALSE,FALSE,FALSE,FALSE,FALSE,TRUE,FALSE,FALSE,FALSE,FALSE,FALSE,FALSE,FALSE,TRUE,-26.75,0,26.875,FALSE,FALSE,FALSE,1.17491,1.070176,1.205942,FALSE,FALSE,FALSE,0,0,0,FALSE,FALSE,FALSE,1.145235,FALSE,11.93,FALSE,23.62,FALSE
2025-09-05 09:00:17,359,12,85,203,315,280,166,174,179,235,291,238,277,229,175,184,243,311,377,677,385,347,447,279,242,486,482,573,441,262,472,509,599,477,321,382,352,261,216,513,407,FALSE,FALSE,FALSE,FALSE,FALSE,FALSE,FALSE,FALSE,FALSE,FALSE,FALSE,FALSE,FALSE,FALSE,FALSE,FALSE,FALSE,FALSE,FALSE,FALSE,FALSE,FALSE,FALSE,FALSE,FALSE,FALSE,FALSE,FALSE,FALSE,FALSE,FALSE,FALSE,FALSE,FALSE,FALSE,FALSE,FALSE,FALSE,FALSE,FALSE,FALSE,4.735237,4.459212,2.383376,2.189907,1.705578,1.985694,1.919517,1.963612,1.687892,1.936731,2.137301,2.376945,2.148407,2.686093,2.760672,2.592302,2.55772,3.036693,9.690537,2.858986,2.768129,2.75516,1.942059,2.595063,2.408588,2.153143,2.179997,2.424217,2.683554,2.485825,2.818115,3.551302,9.425053,4.658203,4.492268,4.020042,4.225451,4.240409,4.302478,5.508337,12.15543,FALSE,FALSE,FALSE,FALSE,FALSE,FALSE,FALSE,FALSE,FALSE,FALSE,FALSE,FALSE,FALSE,FALSE,FALSE,FALSE,FALSE,FALSE,TRUE,FALSE,FALSE,FALSE,FALSE,FALSE,FALSE,FALSE,FALSE,FALSE,FALSE,FALSE,FALSE,FALSE,TRUE,FALSE,FALSE,FALSE,FALSE,FALSE,FALSE,FALSE,TRUE,-27.025,0,26.775,FALSE,FALSE,FALSE,1.179881,1.089229,1.198332,FALSE,FALSE,FALSE,0,0,0,FALSE,FALSE,FALSE,1.164376,FALSE,12.51,FALSE,25.62,FALSE
2025-09-04 10:19:06,359,12,84,200,313,278,164,172,178,234,291,238,279,236,182,185,244,308,332,670,383,351,447,280,242,489,491,577,435,261,466,497,532,525,350,402,361,269,223,518,365,FALSE,FALSE,FALSE,FALSE,FALSE,FALSE,FALSE,FALSE,FALSE,FALSE,FALSE,FALSE,FALSE,FALSE,FALSE,FALSE,FALSE,FALSE,FALSE,FALSE,FALSE,FALSE,FALSE,FALSE,FALSE,FALSE,FALSE,FALSE,FALSE,FALSE,FALSE,FALSE,FALSE,FALSE,FALSE,FALSE,FALSE,FALSE,FALSE,FALSE,FALSE,1.927815,4.375489,2.486103,1.681077,1.318623,1.584828,1.530027,1.564114,1.413806,1.571028,1.659783,1.808484,1.590186,1.760394,1.944624,1.916077,1.904976,1.949246,3.615123,2.809277,2.68089,2.734103,2.025081,2.615925,2.481258,2.245596,2.18244,2.455326,2.481178,2.271278,2.358981,2.547525,3.867082,4.822319,4.889513,4.762827,4.73304,4.782054,4.81613,4.870285,5.651683,FALSE,FALSE,FALSE,FALSE,FALSE,FALSE,FALSE,FALSE,FALSE,FALSE,FALSE,FALSE,FALSE,FALSE,FALSE,FALSE,FALSE,FALSE,FALSE,FALSE,FALSE,FALSE,FALSE,FALSE,FALSE,FALSE,FALSE,FALSE,FALSE,FALSE,FALSE,FALSE,FALSE,FALSE,FALSE,FALSE,FALSE,FALSE,FALSE,FALSE,FALSE,-26.85,0,26.275,FALSE,FALSE,FALSE,1.186571,1.099832,1.205311,FALSE,FALSE,FALSE,0,0,0,FALSE,FALSE,FALSE,1.1685,FALSE,10.44,FALSE,27.75,FALSE
2025-09-03 08:50:54,359,12,89,203,315,280,166,174,180,236,294,240,282,234,179,183,242,305,341,695,396,362,465,288,252,501,506,590,452,269,481,516,562,469,321,376,340,254,211,493,364,FALSE,FALSE,FALSE,FALSE,FALSE,FALSE,FALSE,FALSE,FALSE,FALSE,FALSE,FALSE,FALSE,FALSE,FALSE,FALSE,FALSE,FALSE,FALSE,FALSE,FALSE,FALSE,FALSE,FALSE,FALSE,FALSE,FALSE,FALSE,FALSE,FALSE,FALSE,FALSE,FALSE,FALSE,FALSE,FALSE,FALSE,FALSE,FALSE,FALSE,FALSE,2.428809,4.090808,2.205894,1.745908,1.254799,1.57347,1.561965,1.581089,1.383917,1.655453,1.849073,1.861468,1.623652,2.176485,2.217939,2.097147,2.097433,2.360651,6.64606,2.263132,2.060453,2.196788,1.487812,2.039166,1.936003,1.686443,1.901607,1.908428,2.080594,1.754485,2.051626,2.515372,6.439269,3.884309,3.679367,2.66645,2.854853,2.87114,2.839367,3.562206,7.53002,FALSE,FALSE,FALSE,FALSE,FALSE,FALSE,FALSE,FALSE,FALSE,FALSE,FALSE,FALSE,FALSE,FALSE,FALSE,FALSE,FALSE,FALSE,TRUE,FALSE,FALSE,FALSE,FALSE,FALSE,FALSE,FALSE,FALSE,FALSE,FALSE,FALSE,FALSE,FALSE,TRUE,FALSE,FALSE,FALSE,FALSE,FALSE,FALSE,FALSE,TRUE,-26.75,0,26.85,FALSE,FALSE,FALSE,1.177786,1.07278,1.206833,FALSE,FALSE,FALSE,0,0,0,FALSE,FALSE,FALSE,1.148274,FALSE,9.75,FALSE,24.12,FALSE
2025-09-02 09:35:36,359,12,85,202,316,279,166,173,180,236,294,238,277,235,178,182,240,304,335,667,381,350,449,278,242,480,486,565,429,256,456,491,536,488,331,385,349,258,215,498,359,FALSE,FALSE,FALSE,FALSE,FALSE,FALSE,FALSE,FALSE,FALSE,FALSE,FALSE,FALSE,FALSE,FALSE,FALSE,FALSE,FALSE,FALSE,FALSE,FALSE,FALSE,FALSE,FALSE,FALSE,FALSE,FALSE,FALSE,FALSE,FALSE,FALSE,FALSE,FALSE,FALSE,FALSE,FALSE,FALSE,FALSE,FALSE,FALSE,FALSE,FALSE,3.675438,4.233381,2.414796,1.886193,1.54809,1.730976,1.712323,1.731342,1.590229,1.756518,1.868115,2.083096,1.92817,2.162987,2.340371,2.25949,2.236618,2.264323,4.646061,2.721112,2.596288,2.595806,1.859858,2.492384,2.377098,2.105684,2.056055,2.397755,2.391778,2.20099,2.35166,2.429556,4.522267,4.311993,4.306072,4.071742,4.015737,4.077378,4.069227,4.165606,5.945882,FALSE,FALSE,FALSE,FALSE,FALSE,FALSE,FALSE,FALSE,FALSE,FALSE,FALSE,FALSE,FALSE,FALSE,FALSE,FALSE,FALSE,FALSE,FALSE,FALSE,FALSE,FALSE,FALSE,FALSE,FALSE,FALSE,FALSE,FALSE,FALSE,FALSE,FALSE,FALSE,FALSE,FALSE,FALSE,FALSE,FALSE,FALSE,FALSE,FALSE,FALSE,-26.825,0,26.5,FALSE,FALSE,FALSE,1.185114,1.099975,1.201814,FALSE,FALSE,FALSE,0,0,0,FALSE,FALSE,FALSE,1.172328,FALSE,9.13,FALSE,26.5,FALSE
2025-09-01 08:58:28,359,12,87,203,315,281,165,174,180,236,292,240,278,231,178,184,243,311,375,676,385,353,449,282,244,483,487,577,440,265,475,517,610,466,317,376,343,257,213,506,407,FALSE,FALSE,FALSE,FALSE,FALSE,FALSE,FALSE,FALSE,FALSE,FALSE,FALSE,FALSE,FALSE,FALSE,FALSE,FALSE,FALSE,FALSE,FALSE,FALSE,FALSE,FALSE,FALSE,FALSE,FALSE,FALSE,FALSE,FALSE,FALSE,FALSE,FALSE,FALSE,FALSE,FALSE,FALSE,FALSE,FALSE,FALSE,FALSE,FALSE,FALSE,3.330776,4.252689,2.001693,1.874949,1.431859,1.692351,1.665698,1.695872,1.501585,1.698032,1.867471,2.033169,1.801709,2.187742,2.313484,2.188939,2.209751,2.708644,8.680593,2.38673,2.238673,2.2704,1.488464,2.153801,2.030572,1.775859,1.84823,2.055499,2.182139,2.140118,2.568257,3.089544,8.400052,3.697697,3.485542,2.845471,2.939617,2.976835,2.973995,4.028414,10.30085,FALSE,FALSE,FALSE,FALSE,FALSE,FALSE,FALSE,FALSE,FALSE,FALSE,FALSE,FALSE,FALSE,FALSE,FALSE,FALSE,FALSE,FALSE,TRUE,FALSE,FALSE,FALSE,FALSE,FALSE,FALSE,FALSE,FALSE,FALSE,FALSE,FALSE,FALSE,FALSE,TRUE,FALSE,FALSE,FALSE,FALSE,FALSE,FALSE,FALSE,TRUE,-26.775,0,26.65,FALSE,FALSE,FALSE,1.181952,1.085814,1.203405,FALSE,FALSE,FALSE,0,0,0,FALSE,FALSE,FALSE,1.161425,FALSE,10.4,FALSE,25,FALSE
2025-08-29 09:16:08,359,12,84,201,314,277,163,172,178,234,290,238,277,231,177,184,244,310,374,664,378,345,442,277,240,478,478,568,437,261,465,504,593,482,323,384,356,264,219,522,409,FALSE,FALSE,FALSE,FALSE,FALSE,FALSE,FALSE,FALSE,FALSE,FALSE,FALSE,FALSE,FALSE,FALSE,FALSE,FALSE,FALSE,FALSE,FALSE,FALSE,FALSE,FALSE,FALSE,FALSE,FALSE,FALSE,FALSE,FALSE,FALSE,FALSE,FALSE,FALSE,FALSE,FALSE,FALSE,FALSE,FALSE,FALSE,FALSE,FALSE,FALSE,4.292819,4.287788,2.729589,1.930833,1.514639,1.727661,1.67809,1.673674,1.49781,1.624319,1.778043,1.99895,1.886289,2.301647,2.315696,2.528765,2.495799,3.11595,9.785051,2.939889,2.815296,2.795538,2.265059,2.696831,2.548179,2.346952,2.408572,2.667924,3.057669,2.939401,3.151225,3.997723,9.849259,4.874845,4.874823,4.77623,5.104524,5.115795,5.163958,6.49428,12.96597,FALSE,FALSE,FALSE,FALSE,FALSE,FALSE,FALSE,FALSE,FALSE,FALSE,FALSE,FALSE,FALSE,FALSE,FALSE,FALSE,FALSE,FALSE,TRUE,FALSE,FALSE,FALSE,FALSE,FALSE,FALSE,FALSE,FALSE,FALSE,FALSE,FALSE,FALSE,FALSE,TRUE,FALSE,FALSE,FALSE,FALSE,FALSE,FALSE,TRUE,TRUE,-26.975,0,26.5,FALSE,FALSE,FALSE,1.184494,1.098938,1.201876,FALSE,FALSE,FALSE,0,0,0,FALSE,FALSE,FALSE,1.170502,FALSE,11.06,FALSE,26.75,FALSE
2025-08-28 09:28:03,359,12,89,202,315,279,166,174,180,235,291,235,274,233,177,180,238,299,323,692,395,360,460,283,246,500,498,577,442,265,472,503,540,503,332,374,338,251,209,484,350,FALSE,FALSE,FALSE,FALSE,FALSE,FALSE,FALSE,FALSE,FALSE,FALSE,FALSE,FALSE,FALSE,FALSE,FALSE,FALSE,FALSE,FALSE,FALSE,FALSE,FALSE,FALSE,FALSE,FALSE,FALSE,FALSE,FALSE,FALSE,FALSE,FALSE,FALSE,FALSE,FALSE,FALSE,FALSE,FALSE,FALSE,FALSE,FALSE,FALSE,FALSE,2.521073,4.35889,2.387086,1.78269,1.239259,1.60578,1.579528,1.593013,1.368656,1.618481,1.706312,1.808632,1.54209,1.731879,1.935995,1.923167,1.898118,1.902808,3.884967,2.266325,2.053039,2.091207,1.389076,1.974277,1.865211,1.494609,1.663738,1.86819,2.01728,1.674693,1.964143,2.098634,3.819136,3.062347,2.930629,2.809516,2.870012,2.912371,2.894051,3.060111,4.551299,FALSE,FALSE,FALSE,FALSE,FALSE,FALSE,FALSE,FALSE,FALSE,FALSE,FALSE,FALSE,FALSE,FALSE,FALSE,FALSE,FALSE,FALSE,FALSE,FALSE,FALSE,FALSE,FALSE,FALSE,FALSE,FALSE,FALSE,FALSE,FALSE,FALSE,FALSE,FALSE,FALSE,FALSE,FALSE,FALSE,FALSE,FALSE,FALSE,FALSE,FALSE,-26.7,0,26.7,FALSE,FALSE,FALSE,1.180672,1.07833,1.21135,FALSE,FALSE,FALSE,0,0,0,FALSE,FALSE,FALSE,1.153654,FALSE,10.48,FALSE,24.12,FALSE
2025-08-27 09:00:30,359,12,89,202,315,279,166,174,180,235,291,235,274,233,177,180,238,299,323,692,395,360,460,283,246,500,498,577,442,265,472,503,540,503,332,374,338,251,209,484,350,FALSE,FALSE,FALSE,FALSE,FALSE,FALSE,FALSE,FALSE,FALSE,FALSE,FALSE,FALSE,FALSE,FALSE,FALSE,FALSE,FALSE,FALSE,FALSE,FALSE,FALSE,FALSE,FALSE,FALSE,FALSE,FALSE,FALSE,FALSE,FALSE,FALSE,FALSE,FALSE,FALSE,FALSE,FALSE,FALSE,FALSE,FALSE,FALSE,FALSE,FALSE,2.269325,4.272881,2.487641,1.776611,1.21717,1.610674,1.599382,1.577739,1.329587,1.619883,1.714779,1.804224,1.519952,1.853881,2.060019,1.94088,1.891464,1.903536,3.779528,2.214238,2.042578,2.083161,1.453181,1.938955,1.879399,1.525396,1.713226,1.871725,2.031526,1.688667,1.934588,2.11932,4.038578,3.319217,3.109989,2.730015,2.754969,2.787833,2.764828,2.904335,4.838277,FALSE,FALSE,FALSE,FALSE,FALSE,FALSE,FALSE,FALSE,FALSE,FALSE,FALSE,FALSE,FALSE,FALSE,FALSE,FALSE,FALSE,FALSE,FALSE,FALSE,FALSE,FALSE,FALSE,FALSE,FALSE,FALSE,FALSE,FALSE,FALSE,FALSE,FALSE,FALSE,FALSE,FALSE,FALSE,FALSE,FALSE,FALSE,FALSE,FALSE,FALSE,-26.85,0,26.9,FALSE,FALSE,FALSE,1.177962,1.078401,1.21061,FALSE,FALSE,FALSE,0,0,0,FALSE,FALSE,FALSE,1.153644,FALSE,10.16,FALSE,24,FALSE
2025-08-26 09:43:31,359,12,86,201,314,279,164,172,177,233,290,236,274,225,174,180,238,308,381,668,382,345,447,278,241,474,475,564,433,261,467,508,621,444,305,374,342,252,210,505,421,FALSE,FALSE,FALSE,FALSE,FALSE,FALSE,FALSE,FALSE,FALSE,FALSE,FALSE,FALSE,FALSE,FALSE,FALSE,FALSE,FALSE,FALSE,FALSE,FALSE,FALSE,FALSE,FALSE,FALSE,FALSE,FALSE,FALSE,FALSE,FALSE,FALSE,FALSE,FALSE,FALSE,FALSE,FALSE,FALSE,FALSE,FALSE,FALSE,FALSE,FALSE,2.87842,4.183136,1.785258,1.742371,1.317755,1.558745,1.540754,1.518555,1.34339,1.532592,1.675972,1.833738,1.650436,1.939594,2.048182,2.104027,2.069483,2.382846,6.241402,2.209309,1.965544,2.011215,1.404701,1.884944,1.802706,1.546579,1.72411,1.870583,2.163787,1.897863,2.250269,2.607543,6.157177,2.82674,2.718036,2.591141,2.774228,2.808303,2.804132,3.530509,7.771704,FALSE,FALSE,FALSE,FALSE,FALSE,FALSE,FALSE,FALSE,FALSE,FALSE,FALSE,FALSE,FALSE,FALSE,FALSE,FALSE,FALSE,FALSE,TRUE,FALSE,FALSE,FALSE,FALSE,FALSE,FALSE,FALSE,FALSE,FALSE,FALSE,FALSE,FALSE,FALSE,TRUE,FALSE,FALSE,FALSE,FALSE,FALSE,FALSE,FALSE,TRUE,-26.975,0,26.85,FALSE,FALSE,FALSE,1.178973,1.090624,1.202744,FALSE,FALSE,FALSE,0,0,0,FALSE,FALSE,FALSE,1.16508,FALSE,9.51,FALSE,25.12,FALSE
2025-08-25 09:03:30,359,12,87,203,317,280,165,173,179,234,289,238,278,223,174,183,243,319,438,677,382,347,443,277,242,477,475,576,440,267,481,530,705,435,300,373,347,258,214,528,487,FALSE,FALSE,FALSE,FALSE,FALSE,FALSE,FALSE,FALSE,FALSE,FALSE,FALSE,FALSE,FALSE,FALSE,FALSE,FALSE,FALSE,FALSE,FALSE,FALSE,FALSE,FALSE,FALSE,FALSE,FALSE,FALSE,FALSE,FALSE,FALSE,FALSE,FALSE,FALSE,FALSE,FALSE,FALSE,FALSE,FALSE,FALSE,FALSE,FALSE,FALSE,3.215987,4.431873,2.195135,1.850166,1.272973,1.641206,1.567998,1.534057,1.265899,1.46566,1.618712,1.704914,1.533438,1.785945,2.139081,2.972834,3.053289,3.818928,9.053602,2.175504,1.921618,1.979826,1.711602,1.836779,1.784492,1.520109,1.813655,2.344923,2.992281,2.831694,3.052454,4.097572,8.538836,2.672619,2.660605,3.483423,4.239529,4.241793,4.283338,5.683134,10.78284,FALSE,FALSE,FALSE,FALSE,FALSE,FALSE,FALSE,FALSE,FALSE,FALSE,FALSE,FALSE,FALSE,FALSE,FALSE,FALSE,FALSE,FALSE,TRUE,FALSE,FALSE,FALSE,FALSE,FALSE,FALSE,FALSE,FALSE,FALSE,FALSE,FALSE,FALSE,FALSE,TRUE,FALSE,FALSE,FALSE,FALSE,FALSE,FALSE,FALSE,TRUE,-27.05,0,27.075,FALSE,FALSE,FALSE,1.17497,1.082831,1.200935,FALSE,FALSE,FALSE,0,0,0,FALSE,FALSE,FALSE,1.157145,FALSE,12.16,FALSE,24.5,FALSE
2025-08-22 09:24:52,359,12,83,203,314,279,164,173,180,234,288,236,277,227,174,183,243,313,388,667,380,343,440,274,239,477,474,563,436,262,468,507,622,486,324,386,353,263,218,526,434,FALSE,FALSE,FALSE,FALSE,FALSE,FALSE,FALSE,FALSE,FALSE,FALSE,FALSE,FALSE,FALSE,FALSE,FALSE,FALSE,FALSE,FALSE,FALSE,FALSE,FALSE,FALSE,FALSE,FALSE,FALSE,FALSE,FALSE,FALSE,FALSE,FALSE,FALSE,FALSE,FALSE,FALSE,FALSE,FALSE,FALSE,FALSE,FALSE,FALSE,FALSE,4.287932,4.371258,2.655962,1.858028,1.349327,1.668067,1.610476,1.609325,1.422872,1.611956,1.783434,1.917501,1.69506,2.362773,2.305682,2.272742,2.199423,2.808622,9.870781,2.889476,2.836955,2.886227,2.193324,2.716361,2.555395,2.367252,2.380195,2.477242,2.702094,2.58445,2.910715,3.566244,9.611546,5.053814,4.909287,4.100415,4.345202,4.365557,4.428021,5.640092,12.33058,FALSE,FALSE,FALSE,FALSE,FALSE,FALSE,FALSE,FALSE,FALSE,FALSE,FALSE,FALSE,FALSE,FALSE,FALSE,FALSE,FALSE,FALSE,TRUE,FALSE,FALSE,FALSE,FALSE,FALSE,FALSE,FALSE,FALSE,FALSE,FALSE,FALSE,FALSE,FALSE,TRUE,FALSE,FALSE,FALSE,FALSE,FALSE,FALSE,FALSE,TRUE,-27.075,0,26.7,FALSE,FALSE,FALSE,1.180796,1.097259,1.20023,FALSE,FALSE,FALSE,0,0,0,FALSE,FALSE,FALSE,1.168481,FALSE,10.61,FALSE,26.75,FALSE
2025-08-21 08:43:44,359,12,86,204,320,281,168,176,182,238,299,245,284,240,185,186,246,309,307,683,392,359,466,285,249,500,506,585,448,268,477,502,506,498,340,385,344,256,212,476,328,FALSE,FALSE,FALSE,FALSE,FALSE,FALSE,FALSE,FALSE,FALSE,FALSE,FALSE,FALSE,FALSE,FALSE,FALSE,FALSE,FALSE,FALSE,FALSE,FALSE,FALSE,FALSE,FALSE,FALSE,FALSE,FALSE,FALSE,FALSE,FALSE,FALSE,FALSE,FALSE,FALSE,FALSE,FALSE,FALSE,FALSE,FALSE,FALSE,FALSE,FALSE,2.503807,4.61517,2.171089,1.720078,1.109236,1.65036,1.592232,1.621492,1.394449,1.663641,1.706423,1.724658,1.387464,1.53635,1.621285,1.61502,1.505044,1.581215,2.447598,2.308194,2.084116,2.143494,1.361151,2.044684,1.943624,1.575761,1.703497,1.969594,2.064792,1.7175,1.965981,2.00471,2.42801,2.970106,2.761285,2.67292,2.773482,2.81747,2.766147,2.953983,3.339372,FALSE,FALSE,FALSE,FALSE,FALSE,FALSE,FALSE,FALSE,FALSE,FALSE,FALSE,FALSE,FALSE,FALSE,FALSE,FALSE,FALSE,FALSE,FALSE,FALSE,FALSE,FALSE,FALSE,FALSE,FALSE,FALSE,FALSE,FALSE,FALSE,FALSE,FALSE,FALSE,FALSE,FALSE,FALSE,FALSE,FALSE,FALSE,FALSE,FALSE,FALSE,-26.85,0,26.975,FALSE,FALSE,FALSE,1.176534,1.079916,1.206167,FALSE,FALSE,FALSE,0,0,0,FALSE,FALSE,FALSE,1.156246,FALSE,9.91,FALSE,24.62,FALSE
2025-08-20 11:02:07,359,12,81,203,315,278,165,173,178,233,283,231,271,225,176,191,254,336,496,654,377,338,434,266,232,471,469,564,449,270,482,539,767,473,315,401,373,279,232,582,578,FALSE,FALSE,FALSE,FALSE,FALSE,FALSE,FALSE,FALSE,FALSE,FALSE,FALSE,FALSE,FALSE,FALSE,FALSE,FALSE,FALSE,FALSE,FALSE,FALSE,FALSE,FALSE,FALSE,FALSE,FALSE,FALSE,FALSE,FALSE,FALSE,FALSE,FALSE,FALSE,FALSE,FALSE,FALSE,FALSE,FALSE,FALSE,FALSE,FALSE,FALSE,2.238053,4.365341,2.556824,1.723071,1.185336,1.580309,1.584342,1.636853,1.449656,1.655829,1.667438,1.781145,1.449592,1.609973,1.756935,1.843912,1.758014,1.890004,3.188374,3.018288,2.872742,2.97541,2.156889,2.810844,2.667009,2.376629,2.261767,2.722519,2.737364,2.446113,2.542875,2.879905,3.520791,2.759145,2.659269,2.534967,2.633465,2.667164,2.738467,3.027356,3.784591,FALSE,FALSE,FALSE,FALSE,FALSE,FALSE,FALSE,FALSE,FALSE,FALSE,FALSE,FALSE,FALSE,FALSE,FALSE,FALSE,FALSE,FALSE,FALSE,FALSE,FALSE,FALSE,FALSE,FALSE,FALSE,FALSE,FALSE,FALSE,FALSE,FALSE,FALSE,FALSE,FALSE,FALSE,FALSE,FALSE,FALSE,FALSE,FALSE,FALSE,FALSE,-26.95,0,26.225,FALSE,FALSE,FALSE,1.183413,1.100236,1.218776,FALSE,FALSE,FALSE,0,0,0,FALSE,FALSE,FALSE,1.172805,FALSE,11.14,FALSE,27.38,FALSE
2025-08-20 10:56:01,359,12,81,202,316,278,165,172,181,234,293,238,277,234,178,188,251,318,397,663,379,347,443,275,240,479,485,574,443,265,473,516,623,485,329,393,364,267,225,537,439,FALSE,FALSE,FALSE,FALSE,FALSE,FALSE,FALSE,FALSE,FALSE,FALSE,FALSE,FALSE,FALSE,FALSE,FALSE,FALSE,FALSE,FALSE,FALSE,FALSE,FALSE,FALSE,FALSE,FALSE,FALSE,FALSE,FALSE,FALSE,FALSE,FALSE,FALSE,FALSE,FALSE,FALSE,FALSE,FALSE,FALSE,FALSE,FALSE,FALSE,FALSE,2.03752,4.358483,2.673543,1.650644,1.15082,1.533335,1.520443,1.541919,1.363815,1.553668,1.554462,1.652421,1.39918,1.652938,1.845556,1.841765,1.78469,1.835274,3.707229,3.122778,3.025274,3.013928,2.310377,2.869187,2.739287,2.459309,2.33971,2.763273,2.816916,2.496164,2.54375,2.846342,4.454482,2.735943,2.648744,2.480566,2.626843,2.645274,2.680979,3.08713,5.131276,FALSE,FALSE,FALSE,FALSE,FALSE,FALSE,FALSE,FALSE,FALSE,FALSE,FALSE,FALSE,FALSE,FALSE,FALSE,FALSE,FALSE,FALSE,FALSE,FALSE,FALSE,FALSE,FALSE,FALSE,FALSE,FALSE,FALSE,FALSE,FALSE,FALSE,FALSE,FALSE,FALSE,FALSE,FALSE,FALSE,FALSE,FALSE,FALSE,FALSE,FALSE,-27.1,0,26.375,FALSE,FALSE,FALSE,1.180995,1.09836,1.216357,FALSE,FALSE,FALSE,0,0,0,FALSE,FALSE,FALSE,1.17215,FALSE,11,FALSE,26.88,FALSE
2025-08-20 10:40:07,359,12,83,201,311,276,162,167,172,221,268,236,288,228,198,251,341,473,869,623,351,310,397,257,235,462,485,663,562,343,633,762,1284,431,316,515,526,382,325,889,1068,FALSE,FALSE,FALSE,FALSE,FALSE,FALSE,FALSE,FALSE,FALSE,FALSE,FALSE,FALSE,FALSE,FALSE,FALSE,FALSE,FALSE,FALSE,TRUE,FALSE,FALSE,FALSE,FALSE,FALSE,FALSE,FALSE,FALSE,FALSE,FALSE,FALSE,FALSE,FALSE,TRUE,FALSE,FALSE,FALSE,FALSE,FALSE,FALSE,FALSE,TRUE,2.252278,4.386069,2.712964,1.58176,1.123213,1.449038,1.436501,1.459354,1.33605,1.468019,1.525399,1.605162,1.343588,1.537841,1.827019,1.901435,1.876276,2.058745,2.692521,2.860386,2.735371,2.781229,2.149245,2.665996,2.538307,2.296575,2.265751,2.696217,2.744039,2.457687,2.597073,2.920712,3.000736,2.638671,2.719046,2.574688,2.693303,2.687123,2.707778,2.954365,2.811476,FALSE,FALSE,FALSE,FALSE,FALSE,FALSE,FALSE,FALSE,FALSE,FALSE,FALSE,FALSE,FALSE,FALSE,FALSE,FALSE,FALSE,FALSE,FALSE,FALSE,FALSE,FALSE,FALSE,FALSE,FALSE,FALSE,FALSE,FALSE,FALSE,FALSE,FALSE,FALSE,FALSE,FALSE,FALSE,FALSE,FALSE,FALSE,FALSE,FALSE,FALSE,-26.9,0,26.2,FALSE,FALSE,FALSE,1.183652,1.099782,1.215027,FALSE,FALSE,FALSE,0,0,0,FALSE,FALSE,FALSE,1.1744,FALSE,10,FALSE,26.75,FALSE
2025-08-20 10:21:09,359,12,84,204,317,280,163,169,174,224,271,236,289,229,196,244,332,455,821,626,357,313,401,261,237,463,481,650,542,335,614,734,1232,435,316,498,507,366,314,846,1004,FALSE,FALSE,FALSE,FALSE,FALSE,FALSE,FALSE,FALSE,FALSE,FALSE,FALSE,FALSE,FALSE,FALSE,FALSE,FALSE,FALSE,FALSE,TRUE,FALSE,FALSE,FALSE,FALSE,FALSE,FALSE,FALSE,FALSE,FALSE,FALSE,FALSE,FALSE,FALSE,TRUE,FALSE,FALSE,FALSE,FALSE,FALSE,FALSE,FALSE,TRUE,2.312379,4.301554,2.709254,1.701272,1.21691,1.557891,1.565171,1.605091,1.421697,1.588265,1.643417,1.820051,1.512266,1.647911,1.95143,2.089143,2.017207,2.128648,2.857643,2.999449,2.974067,3.004838,2.222693,2.86314,2.719005,2.437969,2.386782,2.868317,2.90007,2.636054,2.761774,3.036139,3.120881,2.785647,2.868127,2.782566,2.880233,2.909605,2.949224,3.224877,3.052331,FALSE,FALSE,FALSE,FALSE,FALSE,FALSE,FALSE,FALSE,FALSE,FALSE,FALSE,FALSE,FALSE,FALSE,FALSE,FALSE,FALSE,FALSE,FALSE,FALSE,FALSE,FALSE,FALSE,FALSE,FALSE,FALSE,FALSE,FALSE,FALSE,FALSE,FALSE,FALSE,FALSE,FALSE,FALSE,FALSE,FALSE,FALSE,FALSE,FALSE,FALSE,-26.35,0,25.675,FALSE,FALSE,FALSE,1.193871,1.108145,1.225998,FALSE,FALSE,FALSE,0,0,0,FALSE,FALSE,FALSE,1.182727,FALSE,11.79,FALSE,26.88,FALSE
2025-08-20 10:17:30,359,12,85,207,317,282,168,173,180,227,277,238,283,227,198,238,318,436,775,639,360,318,408,262,233,469,478,635,526,323,594,701,1165,442,321,473,475,356,295,800,933,FALSE,FALSE,FALSE,FALSE,FALSE,FALSE,FALSE,FALSE,FALSE,FALSE,FALSE,FALSE,FALSE,FALSE,FALSE,FALSE,FALSE,FALSE,TRUE,FALSE,FALSE,FALSE,FALSE,FALSE,FALSE,FALSE,FALSE,FALSE,FALSE,FALSE,FALSE,FALSE,TRUE,FALSE,FALSE,FALSE,FALSE,FALSE,FALSE,FALSE,TRUE,2.377559,4.479784,2.712344,1.79725,1.314252,1.695485,1.668294,1.730444,1.530996,1.711565,1.727276,1.897964,1.575842,1.72306,1.981016,2.122267,2.005789,2.141023,2.792375,3.1524,3.110663,3.143311,2.336011,2.932597,2.777883,2.50778,2.402551,2.943094,2.929724,2.676845,2.773147,3.096051,3.166215,2.979383,2.970819,2.947495,3.082536,3.088035,3.150479,3.477406,3.317415,FALSE,FALSE,FALSE,FALSE,FALSE,FALSE,FALSE,FALSE,FALSE,FALSE,FALSE,FALSE,FALSE,FALSE,FALSE,FALSE,FALSE,FALSE,FALSE,FALSE,FALSE,FALSE,FALSE,FALSE,FALSE,FALSE,FALSE,FALSE,FALSE,FALSE,FALSE,FALSE,FALSE,FALSE,FALSE,FALSE,FALSE,FALSE,FALSE,FALSE,FALSE,-25.875,0,25.25,FALSE,FALSE,FALSE,1.20245,1.11534,1.235017,FALSE,FALSE,FALSE,0,0,0,FALSE,FALSE,FALSE,1.189639,FALSE,13.09,FALSE,26.75,FALSE
2025-08-19 08:56:58,293,10,74,178,277,247,148,156,162,205,258,213,247,203,160,169,224,291,384,590,335,305,399,243,214,422,430,510,399,240,433,469,606,387,273,334,319,231,191,464,410,FALSE,FALSE,FALSE,FALSE,FALSE,FALSE,FALSE,FALSE,FALSE,FALSE,FALSE,FALSE,FALSE,FALSE,FALSE,FALSE,FALSE,FALSE,FALSE,FALSE,FALSE,FALSE,FALSE,FALSE,FALSE,FALSE,FALSE,FALSE,FALSE,FALSE,FALSE,FALSE,FALSE,FALSE,FALSE,FALSE,FALSE,FALSE,FALSE,FALSE,FALSE,2.076232,3.677988,1.436419,1.189605,0.8877947,0.9319503,0.9979228,1.010821,0.9244641,1.064864,1.306268,1.174459,1.053706,1.684571,1.625575,1.666011,1.65634,2.136569,6.745399,2.094815,1.864016,1.968351,1.586472,1.864968,1.807734,1.623879,1.864697,1.7058,2.056637,1.977398,2.173608,2.706908,6.868057,2.939817,2.73686,1.956546,2.224262,2.208259,2.193557,3.119169,8.33437,FALSE,FALSE,FALSE,FALSE,FALSE,FALSE,FALSE,FALSE,FALSE,FALSE,FALSE,FALSE,FALSE,FALSE,FALSE,FALSE,FALSE,FALSE,TRUE,FALSE,FALSE,FALSE,FALSE,FALSE,FALSE,FALSE,FALSE,FALSE,FALSE,FALSE,FALSE,FALSE,TRUE,FALSE,FALSE,FALSE,FALSE,FALSE,FALSE,FALSE,TRUE,-33.925,0,33.525,FALSE,FALSE,FALSE,1.050685,0.9824526,1.08522,FALSE,FALSE,FALSE,0,0,0,FALSE,FALSE,FALSE,1.066,FALSE,4,FALSE,25.5,FALSE
2025-08-18 10:04:00,293,10,73,176,272,241,144,150,156,195,240,204,242,193,165,190,254,347,591,560,316,279,363,230,204,397,413,528,435,265,490,558,899,354,260,367,378,270,227,588,654,FALSE,FALSE,FALSE,FALSE,FALSE,FALSE,FALSE,FALSE,FALSE,FALSE,FALSE,FALSE,FALSE,FALSE,FALSE,FALSE,FALSE,FALSE,FALSE,FALSE,FALSE,FALSE,FALSE,FALSE,FALSE,FALSE,FALSE,FALSE,FALSE,FALSE,FALSE,FALSE,FALSE,FALSE,FALSE,FALSE,FALSE,FALSE,FALSE,FALSE,FALSE,1.951295,3.665651,1.489315,1.093319,0.8922405,0.9594484,1.096221,1.2497,1.353207,1.53621,1.955657,1.077009,0.9735497,1.207371,2.371798,4.58285,4.731549,5.858926,8.478019,2.352379,2.310229,2.708096,2.601385,2.160788,1.716684,1.508178,1.737119,2.544584,3.653496,3.827555,4.352718,5.474928,7.344141,1.694383,2.196513,4.601268,5.889304,5.6759,5.823976,7.040784,9.369235,FALSE,FALSE,FALSE,FALSE,FALSE,FALSE,FALSE,FALSE,FALSE,FALSE,FALSE,FALSE,FALSE,FALSE,FALSE,FALSE,FALSE,FALSE,TRUE,FALSE,FALSE,FALSE,FALSE,FALSE,FALSE,FALSE,FALSE,FALSE,FALSE,FALSE,FALSE,FALSE,TRUE,FALSE,FALSE,FALSE,FALSE,FALSE,FALSE,TRUE,TRUE,-34.85,0,34.4,FALSE,FALSE,FALSE,1.037099,0.9706542,1.069052,FALSE,FALSE,FALSE,0,0,0,FALSE,FALSE,FALSE,1.055985,FALSE,2.62,FALSE,25.88,FALSE
2025-08-18 09:50:24,311,11,75,177,275,243,144,150,156,193,237,202,241,196,167,200,269,373,662,560,317,277,361,226,204,405,418,546,456,282,521,608,1003,358,260,384,401,289,241,638,738,FALSE,FALSE,FALSE,FALSE,FALSE,FALSE,FALSE,FALSE,FALSE,FALSE,FALSE,FALSE,FALSE,FALSE,FALSE,FALSE,FALSE,FALSE,TRUE,FALSE,FALSE,FALSE,FALSE,FALSE,FALSE,FALSE,FALSE,FALSE,FALSE,FALSE,FALSE,FALSE,TRUE,FALSE,FALSE,FALSE,FALSE,FALSE,FALSE,FALSE,TRUE,1.848992,3.617001,1.491681,1.06121,0.7854649,0.872305,1.088154,1.303841,1.453885,1.708891,2.157654,0.9640152,1.474461,1.62907,4.0306,7.050767,7.098669,8.634921,11.45014,2.674189,2.676069,3.11652,2.96837,2.10617,1.579943,1.353994,1.890687,3.806824,5.411486,5.506104,6.248527,7.753999,9.595058,2.054022,2.72827,6.852556,8.597063,8.219476,8.290097,9.898644,11.82862,FALSE,FALSE,FALSE,FALSE,FALSE,FALSE,FALSE,FALSE,FALSE,FALSE,FALSE,FALSE,FALSE,FALSE,FALSE,TRUE,TRUE,TRUE,TRUE,FALSE,FALSE,FALSE,FALSE,FALSE,FALSE,FALSE,FALSE,FALSE,FALSE,FALSE,TRUE,TRUE,TRUE,FALSE,FALSE,TRUE,TRUE,TRUE,TRUE,TRUE,TRUE,-34.25,0,34.05,FALSE,FALSE,FALSE,1.041442,0.9632177,1.070141,FALSE,FALSE,FALSE,0,0,0,FALSE,FALSE,FALSE,1.049459,FALSE,3.57,FALSE,24.75,FALSE
2025-08-18 09:42:41,311,11,77,178,275,245,145,151,156,197,242,202,239,191,163,191,256,352,618,573,328,287,372,230,205,410,423,545,446,275,509,583,952,349,252,365,373,271,224,597,678,FALSE,FALSE,FALSE,FALSE,FALSE,FALSE,FALSE,FALSE,FALSE,FALSE,FALSE,FALSE,FALSE,FALSE,FALSE,FALSE,FALSE,FALSE,TRUE,FALSE,FALSE,FALSE,FALSE,FALSE,FALSE,FALSE,FALSE,FALSE,FALSE,FALSE,FALSE,FALSE,FALSE,FALSE,FALSE,FALSE,FALSE,FALSE,FALSE,FALSE,TRUE,1.842625,3.61095,1.575956,1.023699,0.7782741,0.9097077,1.231215,1.56232,1.751161,2.17047,2.887666,1.031099,1.442321,1.413179,4.531352,8.877408,9.102694,11.20941,15.22202,2.91371,3.155448,3.891906,3.873062,2.469078,1.638798,1.376008,1.785797,4.502971,6.675477,6.976626,7.986596,9.96413,13.20012,1.866635,2.629796,8.56509,11.18842,10.67669,10.98545,13.142,16.05657,FALSE,FALSE,FALSE,FALSE,FALSE,FALSE,FALSE,FALSE,FALSE,FALSE,FALSE,FALSE,FALSE,FALSE,FALSE,TRUE,TRUE,TRUE,TRUE,FALSE,FALSE,FALSE,FALSE,FALSE,FALSE,FALSE,FALSE,FALSE,TRUE,TRUE,TRUE,TRUE,TRUE,FALSE,FALSE,TRUE,TRUE,TRUE,TRUE,TRUE,TRUE,-34.2,0,34.125,FALSE,FALSE,FALSE,1.039321,0.9513734,1.064123,FALSE,FALSE,FALSE,0,0,0,FALSE,FALSE,FALSE,1.037258,FALSE,2.55,FALSE,24,FALSE
2025-08-16 14:09:10,311,11,74,177,275,246,147,155,161,205,261,211,245,205,161,165,219,277,324,590,337,306,400,244,212,427,437,503,387,236,426,448,514,414,286,326,306,225,185,441,340,FALSE,FALSE,FALSE,FALSE,FALSE,FALSE,FALSE,FALSE,FALSE,FALSE,FALSE,FALSE,FALSE,FALSE,FALSE,FALSE,FALSE,FALSE,FALSE,FALSE,FALSE,FALSE,FALSE,FALSE,FALSE,FALSE,FALSE,FALSE,FALSE,FALSE,FALSE,FALSE,FALSE,FALSE,FALSE,FALSE,FALSE,FALSE,FALSE,FALSE,FALSE,1.922373,3.62087,1.379476,0.9962844,0.7419314,0.8073037,0.8647379,0.844956,0.8358874,0.8857461,1.043357,0.9195454,0.8283584,1.362008,1.437754,1.163315,1.185095,1.441192,5.078232,1.902502,1.548202,1.664484,1.339972,1.632975,1.631543,1.468528,1.754356,1.549871,1.665701,1.612897,1.712947,1.950444,5.092059,2.327883,2.341098,1.495188,1.540084,1.543294,1.497527,2.037976,5.836169,FALSE,FALSE,FALSE,FALSE,FALSE,FALSE,FALSE,FALSE,FALSE,FALSE,FALSE,FALSE,FALSE,FALSE,FALSE,FALSE,FALSE,FALSE,FALSE,FALSE,FALSE,FALSE,FALSE,FALSE,FALSE,FALSE,FALSE,FALSE,FALSE,FALSE,FALSE,FALSE,FALSE,FALSE,FALSE,FALSE,FALSE,FALSE,FALSE,FALSE,FALSE,-33.9,0,33.425,FALSE,FALSE,FALSE,1.054289,0.9866284,1.091016,FALSE,FALSE,FALSE,0,0,0,FALSE,FALSE,FALSE,1.070092,FALSE,3.22,FALSE,25.5,FALSE
2025-08-15 08:56:58,311,11,77,181,282,250,151,157,163,209,263,215,247,208,163,167,222,281,322,610,351,317,417,251,219,443,452,519,396,242,437,459,519,424,290,328,305,226,185,438,334,FALSE,FALSE,FALSE,FALSE,FALSE,FALSE,FALSE,FALSE,FALSE,FALSE,FALSE,FALSE,FALSE,FALSE,FALSE,FALSE,FALSE,FALSE,FALSE,FALSE,FALSE,FALSE,FALSE,FALSE,FALSE,FALSE,FALSE,FALSE,FALSE,FALSE,FALSE,FALSE,FALSE,FALSE,FALSE,FALSE,FALSE,FALSE,FALSE,FALSE,FALSE,1.904624,3.674224,1.536169,1.146843,0.8232195,0.8964749,0.9696006,0.9784467,0.8758509,1.01035,1.231622,1.136126,0.9954353,1.797608,1.862559,1.396209,1.389547,1.799727,8.208772,1.974358,1.616957,1.72823,1.397998,1.689376,1.660325,1.552883,1.947182,1.554198,1.666067,1.573125,1.741345,2.315341,8.034975,3.806653,3.532551,1.970452,2.057197,2.011063,2.023298,2.910827,9.332493,FALSE,FALSE,FALSE,FALSE,FALSE,FALSE,FALSE,FALSE,FALSE,FALSE,FALSE,FALSE,FALSE,FALSE,FALSE,FALSE,FALSE,FALSE,TRUE,FALSE,FALSE,FALSE,FALSE,FALSE,FALSE,FALSE,FALSE,FALSE,FALSE,FALSE,FALSE,FALSE,TRUE,FALSE,FALSE,FALSE,FALSE,FALSE,FALSE,FALSE,TRUE,-33.125,0,33,FALSE,FALSE,FALSE,1.059266,0.9805072,1.09246,FALSE,FALSE,FALSE,0,0,0,FALSE,FALSE,FALSE,1.063095,FALSE,3.56,FALSE,24.38,FALSE
2025-08-14 09:38:12,311,11,73,177,279,248,148,155,162,207,262,214,246,206,161,166,220,279,330,591,340,308,401,245,213,427,432,508,385,233,420,446,525,415,285,333,309,228,188,443,348,FALSE,FALSE,FALSE,FALSE,FALSE,FALSE,FALSE,FALSE,FALSE,FALSE,FALSE,FALSE,FALSE,FALSE,FALSE,FALSE,FALSE,FALSE,FALSE,FALSE,FALSE,FALSE,FALSE,FALSE,FALSE,FALSE,FALSE,FALSE,FALSE,FALSE,FALSE,FALSE,FALSE,FALSE,FALSE,FALSE,FALSE,FALSE,FALSE,FALSE,FALSE,2.642735,3.800945,2.145359,1.505194,1.21768,1.246365,1.290396,1.314891,1.179995,1.359493,1.565616,1.535053,1.405351,1.97681,1.941998,1.826634,1.844521,2.381335,8.445442,2.532862,2.313041,2.38135,1.953125,2.306406,2.226862,2.038546,2.221815,2.116832,2.324587,2.256179,2.546604,2.997154,8.184623,3.479304,3.24977,2.01512,2.262725,2.196913,2.22484,3.370768,9.844292,FALSE,FALSE,FALSE,FALSE,FALSE,FALSE,FALSE,FALSE,FALSE,FALSE,FALSE,FALSE,FALSE,FALSE,FALSE,FALSE,FALSE,FALSE,TRUE,FALSE,FALSE,FALSE,FALSE,FALSE,FALSE,FALSE,FALSE,FALSE,FALSE,FALSE,FALSE,FALSE,TRUE,FALSE,FALSE,FALSE,FALSE,FALSE,FALSE,FALSE,TRUE,-33.6,0,32.95,FALSE,FALSE,FALSE,1.061616,0.9979705,1.094486,FALSE,FALSE,FALSE,0,0,0,FALSE,FALSE,FALSE,1.078345,FALSE,4.68,FALSE,26.5,FALSE
2025-08-13 08:47:04,311,11,78,181,285,253,151,158,165,213,269,220,251,216,169,170,225,277,274,625,357,323,424,258,225,458,468,538,410,246,441,457,452,442,308,333,308,227,185,428,278,FALSE,FALSE,FALSE,FALSE,FALSE,FALSE,FALSE,FALSE,FALSE,FALSE,FALSE,FALSE,FALSE,FALSE,FALSE,FALSE,FALSE,FALSE,FALSE,FALSE,FALSE,FALSE,FALSE,FALSE,FALSE,FALSE,FALSE,FALSE,FALSE,FALSE,FALSE,FALSE,FALSE,FALSE,FALSE,FALSE,FALSE,FALSE,FALSE,FALSE,FALSE,2.124392,3.786061,1.655446,1.386715,1.024318,1.094372,1.169721,1.202897,1.020205,1.229706,1.413018,1.400996,1.239926,1.447976,1.590697,1.545995,1.543093,1.610949,2.720526,1.996673,1.774024,1.803113,1.27132,1.695921,1.671514,1.390755,1.712328,1.664994,1.858476,1.621119,1.87029,1.850177,2.214706,2.641023,2.703097,2.478554,2.529371,2.518588,2.509346,2.554026,3.038213,FALSE,FALSE,FALSE,FALSE,FALSE,FALSE,FALSE,FALSE,FALSE,FALSE,FALSE,FALSE,FALSE,FALSE,FALSE,FALSE,FALSE,FALSE,FALSE,FALSE,FALSE,FALSE,FALSE,FALSE,FALSE,FALSE,FALSE,FALSE,FALSE,FALSE,FALSE,FALSE,FALSE,FALSE,FALSE,FALSE,FALSE,FALSE,FALSE,FALSE,FALSE,-32.55,0,32.425,FALSE,FALSE,FALSE,1.069507,0.9861133,1.101737,FALSE,FALSE,FALSE,0,0,0,FALSE,FALSE,FALSE,1.067204,FALSE,5.41,FALSE,24.38,FALSE
2025-08-12 08:40:51,327,11,79,184,288,256,153,159,167,214,268,220,254,209,164,172,228,294,390,616,356,321,419,257,225,446,455,528,409,249,448,485,621,393,279,331,316,232,191,472,414,FALSE,FALSE,FALSE,FALSE,FALSE,FALSE,FALSE,FALSE,FALSE,FALSE,FALSE,FALSE,FALSE,FALSE,FALSE,FALSE,FALSE,FALSE,FALSE,FALSE,FALSE,FALSE,FALSE,FALSE,FALSE,FALSE,FALSE,FALSE,FALSE,FALSE,FALSE,FALSE,FALSE,FALSE,FALSE,FALSE,FALSE,FALSE,FALSE,FALSE,FALSE,2.059413,3.809374,1.771067,1.36335,0.9842406,1.083408,1.201452,1.243389,1.100945,1.375278,1.757508,1.539731,1.26067,2.228292,1.944909,1.850664,1.976248,3.065999,12.45723,2.158024,1.980199,2.23948,1.914332,2.084655,1.955416,1.952558,2.17068,1.637682,2.015631,2.041133,2.406437,3.47787,11.81731,4.371459,3.875193,2.458104,3.103466,3.040246,3.127302,5.12321,14.77667,FALSE,FALSE,FALSE,FALSE,FALSE,FALSE,FALSE,FALSE,FALSE,FALSE,FALSE,FALSE,FALSE,FALSE,FALSE,FALSE,FALSE,FALSE,TRUE,FALSE,FALSE,FALSE,FALSE,FALSE,FALSE,FALSE,FALSE,FALSE,FALSE,FALSE,FALSE,FALSE,TRUE,FALSE,FALSE,FALSE,FALSE,FALSE,FALSE,FALSE,TRUE,-32.05,0,31.85,FALSE,FALSE,FALSE,1.076896,0.9916938,1.108623,FALSE,FALSE,FALSE,0,0,0,FALSE,FALSE,FALSE,1.073044,FALSE,6.43,FALSE,24.38,FALSE
2025-08-11 09:03:12,327,11,79,184,288,256,153,159,167,214,268,220,254,209,164,172,228,294,390,616,356,321,419,257,225,446,455,528,409,249,448,485,621,393,279,331,316,232,191,472,414,FALSE,FALSE,FALSE,FALSE,FALSE,FALSE,FALSE,FALSE,FALSE,FALSE,FALSE,FALSE,FALSE,FALSE,FALSE,FALSE,FALSE,FALSE,FALSE,FALSE,FALSE,FALSE,FALSE,FALSE,FALSE,FALSE,FALSE,FALSE,FALSE,FALSE,FALSE,FALSE,FALSE,FALSE,FALSE,FALSE,FALSE,FALSE,FALSE,FALSE,FALSE,2.40172,3.921021,1.867317,1.626327,1.233717,1.318821,1.416664,1.477314,1.264301,1.580796,1.971473,1.788774,1.528576,1.95515,1.954228,2.825171,3.092833,4.3208,10.50479,2.224855,2.147789,2.436267,2.081745,2.217643,2.027337,1.867881,1.948042,1.931638,2.711684,2.915925,3.416667,4.362363,9.777446,3.422859,3.204223,3.287562,4.229629,4.201302,4.3192,5.942073,11.67038,FALSE,FALSE,FALSE,FALSE,FALSE,FALSE,FALSE,FALSE,FALSE,FALSE,FALSE,FALSE,FALSE,FALSE,FALSE,FALSE,FALSE,FALSE,TRUE,FALSE,FALSE,FALSE,FALSE,FALSE,FALSE,FALSE,FALSE,FALSE,FALSE,FALSE,FALSE,FALSE,TRUE,FALSE,FALSE,FALSE,FALSE,FALSE,FALSE,FALSE,TRUE,-31.75,0,31.65,FALSE,FALSE,FALSE,1.083203,0.9983224,1.113955,FALSE,FALSE,FALSE,0,0,0,FALSE,FALSE,FALSE,1.079283,FALSE,7.23,FALSE,24.25,FALSE
2025-08-08 08:17:34,327,11,79,187,294,261,155,162,169,219,274,224,257,218,169,174,231,290,333,629,361,326,426,261,228,456,460,533,413,249,447,474,535,427,294,339,315,234,192,458,349,FALSE,FALSE,FALSE,FALSE,FALSE,FALSE,FALSE,FALSE,FALSE,FALSE,FALSE,FALSE,FALSE,FALSE,FALSE,FALSE,FALSE,FALSE,FALSE,FALSE,FALSE,FALSE,FALSE,FALSE,FALSE,FALSE,FALSE,FALSE,FALSE,FALSE,FALSE,FALSE,FALSE,FALSE,FALSE,FALSE,FALSE,FALSE,FALSE,FALSE,FALSE,2.970492,4.153239,1.851304,1.913497,1.423075,1.564101,1.649295,1.669351,1.431356,1.696727,1.977842,2.033418,1.865076,2.562825,2.62785,2.214886,2.277272,2.758128,8.350616,2.336073,2.195339,2.263612,1.700462,2.114015,2.005453,1.891165,2.279378,1.892718,2.19864,1.925527,2.296452,2.850421,7.882396,4.712189,4.554856,3.172226,3.264136,3.244144,3.304327,4.083126,9.262686,FALSE,FALSE,FALSE,FALSE,FALSE,FALSE,FALSE,FALSE,FALSE,FALSE,FALSE,FALSE,FALSE,FALSE,FALSE,FALSE,FALSE,FALSE,TRUE,FALSE,FALSE,FALSE,FALSE,FALSE,FALSE,FALSE,FALSE,FALSE,FALSE,FALSE,FALSE,FALSE,TRUE,FALSE,FALSE,FALSE,FALSE,FALSE,FALSE,FALSE,TRUE,-30.675,0,30.475,FALSE,FALSE,FALSE,1.103367,1.013693,1.135443,FALSE,FALSE,FALSE,0,0,0,FALSE,FALSE,FALSE,1.09465,FALSE,9.02,FALSE,24.62,FALSE
2025-08-07 14:45:54,327,11,78,187,292,259,155,161,168,216,269,221,257,210,167,177,235,305,411,620,355,319,414,255,221,450,448,533,421,252,455,493,653,422,291,364,342,251,208,510,456,FALSE,FALSE,FALSE,FALSE,FALSE,FALSE,FALSE,FALSE,FALSE,FALSE,FALSE,FALSE,FALSE,FALSE,FALSE,FALSE,FALSE,FALSE,FALSE,FALSE,FALSE,FALSE,FALSE,FALSE,FALSE,FALSE,FALSE,FALSE,FALSE,FALSE,FALSE,FALSE,FALSE,FALSE,FALSE,FALSE,FALSE,FALSE,FALSE,FALSE,FALSE,2.916847,4.143368,2.956644,1.941986,1.699055,1.658968,1.728036,1.777403,1.656784,1.908255,2.323703,2.171766,2.006831,2.856445,2.521425,2.702172,2.760524,3.473102,12.71152,3.013947,2.971314,3.15383,2.729188,2.953943,2.717521,2.654092,2.740338,2.614336,3.13165,2.995513,3.399278,4.151922,12.33946,4.926401,4.413896,2.524336,2.987761,2.972831,2.964028,4.851158,14.61981,FALSE,FALSE,FALSE,FALSE,FALSE,FALSE,FALSE,FALSE,FALSE,FALSE,FALSE,FALSE,FALSE,FALSE,FALSE,FALSE,FALSE,FALSE,TRUE,FALSE,FALSE,FALSE,FALSE,FALSE,FALSE,FALSE,FALSE,FALSE,FALSE,FALSE,FALSE,FALSE,TRUE,FALSE,FALSE,FALSE,FALSE,FALSE,FALSE,FALSE,TRUE,-30.85,0,29.975,FALSE,FALSE,FALSE,1.115639,1.043874,1.14656,FALSE,FALSE,FALSE,0,0,0,FALSE,FALSE,FALSE,1.121951,FALSE,6.79,FALSE,27,FALSE
2025-08-07 12:12:28,327,11,78,184,289,256,151,156,161,204,252,214,253,208,180,214,289,403,733,598,336,299,385,243,216,436,451,589,484,298,553,645,1118,406,294,437,442,321,271,722,863,FALSE,FALSE,FALSE,FALSE,FALSE,FALSE,FALSE,FALSE,FALSE,FALSE,FALSE,FALSE,FALSE,FALSE,FALSE,FALSE,FALSE,FALSE,TRUE,FALSE,FALSE,FALSE,FALSE,FALSE,FALSE,FALSE,FALSE,FALSE,FALSE,FALSE,FALSE,FALSE,TRUE,FALSE,FALSE,FALSE,FALSE,FALSE,FALSE,FALSE,TRUE,2.445227,4.12639,3.460891,1.932748,1.739406,1.70771,1.806895,1.841077,1.754104,2.041394,2.488928,1.996611,1.888483,3.304836,6.46643,8.010961,8.439705,9.457758,11.67223,3.264766,3.246068,3.458997,3.066048,3.076008,2.829273,2.738287,3.972165,5.443462,6.386761,6.732684,7.571486,8.380267,10.44915,7.003228,8.593943,9.391792,9.810262,9.930463,10.0352,11.05434,13.27587,FALSE,FALSE,FALSE,FALSE,FALSE,FALSE,FALSE,FALSE,FALSE,FALSE,FALSE,FALSE,FALSE,FALSE,TRUE,TRUE,TRUE,TRUE,TRUE,FALSE,FALSE,FALSE,FALSE,FALSE,FALSE,FALSE,FALSE,FALSE,TRUE,TRUE,TRUE,TRUE,TRUE,TRUE,TRUE,TRUE,TRUE,TRUE,TRUE,TRUE,TRUE,-31.225,0,30.1,FALSE,FALSE,FALSE,1.109953,1.035696,1.134293,FALSE,FALSE,FALSE,0,0,0,FALSE,FALSE,FALSE,1.108454,FALSE,4.76,FALSE,28.12,FALSE
2025-08-07 12:09:03,327,11,78,187,289,256,151,156,162,204,248,212,252,205,177,214,286,402,727,591,333,296,379,239,215,433,443,589,488,300,555,651,1109,397,284,434,446,325,273,727,867,FALSE,FALSE,FALSE,FALSE,FALSE,FALSE,FALSE,FALSE,FALSE,FALSE,FALSE,FALSE,FALSE,FALSE,FALSE,FALSE,FALSE,FALSE,TRUE,FALSE,FALSE,FALSE,FALSE,FALSE,FALSE,FALSE,FALSE,FALSE,FALSE,FALSE,FALSE,FALSE,TRUE,FALSE,FALSE,FALSE,FALSE,FALSE,FALSE,FALSE,TRUE,2.329841,4.060489,3.423283,1.804756,1.639858,1.564337,1.65106,1.683783,1.61215,1.812863,2.138489,1.902091,1.845028,2.031782,3.021082,4.896389,4.983074,6.012122,8.464041,3.048012,2.979533,3.095307,2.627559,2.750381,2.628495,2.466693,2.642534,3.466206,4.352994,4.54537,5.096502,5.922565,7.744795,2.08796,2.405551,4.537207,5.802923,5.647249,5.761745,6.949233,8.892996,FALSE,FALSE,FALSE,FALSE,FALSE,FALSE,FALSE,FALSE,FALSE,FALSE,FALSE,FALSE,FALSE,FALSE,FALSE,FALSE,FALSE,TRUE,TRUE,FALSE,FALSE,FALSE,FALSE,FALSE,FALSE,FALSE,FALSE,FALSE,FALSE,FALSE,FALSE,FALSE,TRUE,FALSE,FALSE,FALSE,FALSE,FALSE,FALSE,TRUE,TRUE,-31.1,0,30,FALSE,FALSE,FALSE,1.115519,1.040601,1.138213,FALSE,FALSE,FALSE,0,0,0,FALSE,FALSE,FALSE,1.113482,FALSE,5.49,FALSE,28,FALSE
2025-08-07 11:33:02,327,11,78,186,289,257,153,159,165,209,262,219,254,208,171,192,258,349,577,611,350,314,405,252,221,446,455,568,452,276,504,572,918,404,291,397,390,281,237,607,670,FALSE,FALSE,FALSE,FALSE,FALSE,FALSE,FALSE,FALSE,FALSE,FALSE,FALSE,FALSE,FALSE,FALSE,FALSE,FALSE,FALSE,FALSE,FALSE,FALSE,FALSE,FALSE,FALSE,FALSE,FALSE,FALSE,FALSE,FALSE,FALSE,FALSE,FALSE,FALSE,FALSE,FALSE,FALSE,FALSE,FALSE,FALSE,FALSE,FALSE,TRUE,2.316716,4.049053,3.06039,1.77384,1.582053,1.554777,1.73049,1.906597,2.013514,2.618078,4.111828,2.618647,1.906544,3.468652,2.72416,7.157718,7.765023,12.63871,32.40648,3.49859,3.780341,5.095864,5.524876,4.323792,3.397021,3.792156,3.555327,3.593142,6.72295,7.468656,8.603531,13.68985,30.42843,5.246626,4.274359,5.963923,10.88342,10.43847,10.97053,18.81505,36.31349,FALSE,FALSE,FALSE,FALSE,FALSE,FALSE,FALSE,FALSE,FALSE,FALSE,FALSE,FALSE,FALSE,FALSE,FALSE,TRUE,TRUE,TRUE,TRUE,FALSE,FALSE,FALSE,FALSE,FALSE,FALSE,FALSE,FALSE,FALSE,TRUE,TRUE,TRUE,TRUE,TRUE,FALSE,FALSE,FALSE,TRUE,TRUE,TRUE,TRUE,TRUE,-31,0,29.95,FALSE,FALSE,FALSE,1.115591,1.042071,1.142051,FALSE,FALSE,FALSE,0,0,0,FALSE,FALSE,FALSE,1.115431,FALSE,4.37,FALSE,28.25,FALSE
2025-08-07 11:22:53,327,11,78,186,290,257,152,157,162,204,253,216,256,206,175,208,279,388,687,599,339,299,388,244,217,438,450,582,485,295,545,631,1056,395,285,425,430,310,262,689,795,FALSE,FALSE,FALSE,FALSE,FALSE,FALSE,FALSE,FALSE,FALSE,FALSE,FALSE,FALSE,FALSE,FALSE,FALSE,FALSE,FALSE,FALSE,TRUE,FALSE,FALSE,FALSE,FALSE,FALSE,FALSE,FALSE,FALSE,FALSE,FALSE,FALSE,FALSE,FALSE,TRUE,FALSE,FALSE,FALSE,FALSE,FALSE,FALSE,FALSE,TRUE,2.414619,4.146374,2.92918,1.750529,1.537449,1.485412,1.547051,1.585579,1.56141,1.894882,2.5247,1.802949,1.786332,1.953146,3.785255,7.072978,7.345335,8.903011,13.05562,2.895575,2.846643,3.287151,3.148063,2.779615,2.511835,2.331985,2.579483,4.218265,5.875782,6.216416,7.05513,8.456426,11.79131,2.192371,2.62627,6.665168,8.776425,8.495212,8.717715,10.62444,13.93577,FALSE,FALSE,FALSE,FALSE,FALSE,FALSE,FALSE,FALSE,FALSE,FALSE,FALSE,FALSE,FALSE,FALSE,FALSE,TRUE,TRUE,TRUE,TRUE,FALSE,FALSE,FALSE,FALSE,FALSE,FALSE,FALSE,FALSE,FALSE,FALSE,TRUE,TRUE,TRUE,TRUE,FALSE,FALSE,TRUE,TRUE,TRUE,TRUE,TRUE,TRUE,-30.975,0,29.925,FALSE,FALSE,FALSE,1.115017,1.042064,1.141068,FALSE,FALSE,FALSE,0,0,0,FALSE,FALSE,FALSE,1.116293,FALSE,5.22,FALSE,28.25,FALSE
2025-08-07 11:18:23,327,11,78,186,291,256,151,155,161,206,251,210,250,206,173,206,277,382,685,603,340,298,386,240,216,435,445,575,479,292,540,628,1058,417,288,423,428,314,259,698,817,FALSE,FALSE,FALSE,FALSE,FALSE,FALSE,FALSE,FALSE,FALSE,FALSE,FALSE,FALSE,FALSE,FALSE,FALSE,FALSE,FALSE,FALSE,TRUE,FALSE,FALSE,FALSE,FALSE,FALSE,FALSE,FALSE,FALSE,FALSE,FALSE,FALSE,FALSE,FALSE,TRUE,FALSE,FALSE,FALSE,FALSE,FALSE,FALSE,FALSE,TRUE,2.351755,4.136401,3.022923,1.778752,1.565368,1.536835,1.622555,1.670589,1.600771,1.867416,2.367407,1.998671,2.137435,2.059575,3.415082,6.10673,6.268427,7.725307,11.42852,2.905207,2.854484,3.226888,2.930355,2.745647,2.546746,2.326932,2.588422,3.908121,5.244414,5.433815,6.175065,7.357255,10.36352,2.606224,2.566484,5.747903,7.517232,7.330128,7.507308,9.210059,12.33705,FALSE,FALSE,FALSE,FALSE,FALSE,FALSE,FALSE,FALSE,FALSE,FALSE,FALSE,FALSE,FALSE,FALSE,FALSE,TRUE,TRUE,TRUE,TRUE,FALSE,FALSE,FALSE,FALSE,FALSE,FALSE,FALSE,FALSE,FALSE,FALSE,FALSE,TRUE,TRUE,TRUE,FALSE,FALSE,FALSE,TRUE,TRUE,TRUE,TRUE,TRUE,-30.975,0,29.925,FALSE,FALSE,FALSE,1.116543,1.043515,1.142243,FALSE,FALSE,FALSE,0,0,0,FALSE,FALSE,FALSE,1.117608,FALSE,5.34,FALSE,28.12,FALSE
2025-08-06 09:36:45,327,11,78,188,295,262,156,162,170,221,276,223,258,221,171,172,228,284,299,628,361,328,428,261,228,458,470,533,408,243,437,458,480,456,308,348,318,235,192,446,315,FALSE,FALSE,FALSE,FALSE,FALSE,FALSE,FALSE,FALSE,FALSE,FALSE,FALSE,FALSE,FALSE,FALSE,FALSE,FALSE,FALSE,FALSE,FALSE,FALSE,FALSE,FALSE,FALSE,FALSE,FALSE,FALSE,FALSE,FALSE,FALSE,FALSE,FALSE,FALSE,FALSE,FALSE,FALSE,FALSE,FALSE,FALSE,FALSE,FALSE,FALSE,2.467832,3.82336,2.07271,1.399541,1.102239,1.189893,1.236653,1.214117,1.136411,1.283794,1.43943,1.467871,1.366073,1.70849,1.868629,1.678145,1.678032,1.7061,4.872506,2.464949,2.255361,2.312701,1.814406,2.212403,2.169095,1.97463,2.100052,2.08155,2.149932,1.97274,2.15865,2.210895,4.923198,2.422857,2.524538,1.887229,1.890276,1.926962,1.896259,2.345654,5.815181,FALSE,FALSE,FALSE,FALSE,FALSE,FALSE,FALSE,FALSE,FALSE,FALSE,FALSE,FALSE,FALSE,FALSE,FALSE,FALSE,FALSE,FALSE,FALSE,FALSE,FALSE,FALSE,FALSE,FALSE,FALSE,FALSE,FALSE,FALSE,FALSE,FALSE,FALSE,FALSE,FALSE,FALSE,FALSE,FALSE,FALSE,FALSE,FALSE,FALSE,FALSE,-30.5,0,29.875,FALSE,FALSE,FALSE,1.118594,1.045916,1.151665,FALSE,FALSE,FALSE,0,0,0,FALSE,FALSE,FALSE,1.122328,FALSE,5.37,FALSE,26.88,FALSE
2025-08-05 09:55:20,327,11,78,188,295,262,156,162,170,221,276,223,258,221,171,172,228,284,299,628,361,328,428,261,228,458,470,533,408,243,437,458,480,456,308,348,318,235,192,446,315,FALSE,FALSE,FALSE,FALSE,FALSE,FALSE,FALSE,FALSE,FALSE,FALSE,FALSE,FALSE,FALSE,FALSE,FALSE,FALSE,FALSE,FALSE,FALSE,FALSE,FALSE,FALSE,FALSE,FALSE,FALSE,FALSE,FALSE,FALSE,FALSE,FALSE,FALSE,FALSE,FALSE,FALSE,FALSE,FALSE,FALSE,FALSE,FALSE,FALSE,FALSE,2.547626,3.788316,1.684221,1.489811,1.11485,1.230432,1.305987,1.296532,1.143916,1.346796,1.479535,1.511054,1.394142,1.555142,1.730091,1.68608,1.701741,1.726681,2.746639,2.245763,2.05304,2.092847,1.47301,1.958712,1.894662,1.648807,1.796054,1.912287,2.066124,1.788224,2.013387,2.016052,2.351498,2.850426,2.78775,2.667481,2.652364,2.687225,2.693955,2.712808,2.990727,FALSE,FALSE,FALSE,FALSE,FALSE,FALSE,FALSE,FALSE,FALSE,FALSE,FALSE,FALSE,FALSE,FALSE,FALSE,FALSE,FALSE,FALSE,FALSE,FALSE,FALSE,FALSE,FALSE,FALSE,FALSE,FALSE,FALSE,FALSE,FALSE,FALSE,FALSE,FALSE,FALSE,FALSE,FALSE,FALSE,FALSE,FALSE,FALSE,FALSE,FALSE,-30.1,0,29.8,FALSE,FALSE,FALSE,1.120255,1.041212,1.155414,FALSE,FALSE,FALSE,0,0,0,FALSE,FALSE,FALSE,1.120307,FALSE,6.69,FALSE,25.12,FALSE
2025-08-04 08:46:56,350,12,81,192,300,265,158,164,173,223,280,224,261,226,171,174,231,287,304,654,372,340,443,265,233,473,481,545,415,252,450,475,495,483,315,350,320,237,196,452,320,FALSE,FALSE,FALSE,FALSE,FALSE,FALSE,FALSE,FALSE,FALSE,FALSE,FALSE,FALSE,FALSE,FALSE,FALSE,FALSE,FALSE,FALSE,FALSE,FALSE,FALSE,FALSE,FALSE,FALSE,FALSE,FALSE,FALSE,FALSE,FALSE,FALSE,FALSE,FALSE,FALSE,FALSE,FALSE,FALSE,FALSE,FALSE,FALSE,FALSE,FALSE,2.340374,4.061391,1.799848,1.573473,1.139341,1.319025,1.395205,1.391284,1.193109,1.44953,1.596204,1.614388,1.420529,1.703544,1.882184,1.827629,1.828459,1.822255,2.707579,2.144726,1.925055,2.024445,1.335294,1.855185,1.775778,1.478902,1.685368,1.734668,1.934971,1.587143,1.887987,1.946056,2.850014,3.113374,2.996737,2.800101,2.81726,2.809751,2.852971,2.862843,3.836551,FALSE,FALSE,FALSE,FALSE,FALSE,FALSE,FALSE,FALSE,FALSE,FALSE,FALSE,FALSE,FALSE,FALSE,FALSE,FALSE,FALSE,FALSE,FALSE,FALSE,FALSE,FALSE,FALSE,FALSE,FALSE,FALSE,FALSE,FALSE,FALSE,FALSE,FALSE,FALSE,FALSE,FALSE,FALSE,FALSE,FALSE,FALSE,FALSE,FALSE,FALSE,-29.65,0,29.6,FALSE,FALSE,FALSE,1.119537,1.029159,1.151745,FALSE,FALSE,FALSE,0,0,0,FALSE,FALSE,FALSE,1.109265,FALSE,7.24,FALSE,24.25,FALSE
2025-08-01 09:37:01,350,12,79,193,301,265,158,165,172,223,278,228,265,224,173,179,239,300,358,637,369,335,428,267,233,465,465,545,424,252,451,485,564,453,313,369,336,251,207,492,385,FALSE,FALSE,FALSE,FALSE,FALSE,FALSE,FALSE,FALSE,FALSE,FALSE,FALSE,FALSE,FALSE,FALSE,FALSE,FALSE,FALSE,FALSE,FALSE,FALSE,FALSE,FALSE,FALSE,FALSE,FALSE,FALSE,FALSE,FALSE,FALSE,FALSE,FALSE,FALSE,FALSE,FALSE,FALSE,FALSE,FALSE,FALSE,FALSE,FALSE,FALSE,3.310998,3.974888,3.169567,1.749961,1.403932,1.521693,1.546644,1.555622,1.395115,1.582272,1.828154,1.890956,1.767349,2.425335,2.411432,2.089123,2.119373,2.596265,9.431076,3.159634,3.021171,3.057503,2.431919,2.909933,2.76522,2.612464,2.606364,2.701088,2.822007,2.669,2.954405,3.436442,9.246089,4.02684,3.857682,2.216261,2.358757,2.395659,2.393291,3.576738,10.63907,FALSE,FALSE,FALSE,FALSE,FALSE,FALSE,FALSE,FALSE,FALSE,FALSE,FALSE,FALSE,FALSE,FALSE,FALSE,FALSE,FALSE,FALSE,TRUE,FALSE,FALSE,FALSE,FALSE,FALSE,FALSE,FALSE,FALSE,FALSE,FALSE,FALSE,FALSE,FALSE,TRUE,FALSE,FALSE,FALSE,FALSE,FALSE,FALSE,FALSE,TRUE,-29.275,0,28.6,FALSE,FALSE,FALSE,1.14426,1.066023,1.172735,FALSE,FALSE,FALSE,0,0,0,FALSE,FALSE,FALSE,1.139651,FALSE,7.9,FALSE,27.25,FALSE
2025-07-31 08:53:39,350,12,83,195,304,267,160,166,174,227,282,232,269,222,174,178,234,295,330,662,375,342,445,274,239,478,489,561,428,257,463,491,542,421,304,352,321,239,197,463,349,FALSE,FALSE,FALSE,FALSE,FALSE,FALSE,FALSE,FALSE,FALSE,FALSE,FALSE,FALSE,FALSE,FALSE,FALSE,FALSE,FALSE,FALSE,FALSE,FALSE,FALSE,FALSE,FALSE,FALSE,FALSE,FALSE,FALSE,FALSE,FALSE,FALSE,FALSE,FALSE,FALSE,FALSE,FALSE,FALSE,FALSE,FALSE,FALSE,FALSE,FALSE,2.876336,3.975817,1.668,1.674474,1.275906,1.414742,1.49087,1.479775,1.282058,1.520524,1.699518,1.7222,1.573042,2.015988,2.148623,1.979541,1.950748,1.975919,5.490201,2.241105,2.05513,2.061021,1.43623,1.908813,1.852433,1.689528,2.002604,1.93016,2.089821,1.728548,2.007397,2.092153,5.06819,4.173068,3.868938,2.982475,2.962324,2.954793,2.968416,3.142656,6.170777,FALSE,FALSE,FALSE,FALSE,FALSE,FALSE,FALSE,FALSE,FALSE,FALSE,FALSE,FALSE,FALSE,FALSE,FALSE,FALSE,FALSE,FALSE,FALSE,FALSE,FALSE,FALSE,FALSE,FALSE,FALSE,FALSE,FALSE,FALSE,FALSE,FALSE,FALSE,FALSE,FALSE,FALSE,FALSE,FALSE,FALSE,FALSE,FALSE,FALSE,TRUE,-28.725,0,28.7,FALSE,FALSE,FALSE,1.139345,1.042093,1.169796,FALSE,FALSE,FALSE,0,0,0,FALSE,FALSE,FALSE,1.120649,FALSE,8.24,FALSE,24.38,FALSE
2025-07-30 09:04:06,350,12,82,195,304,269,159,167,174,226,282,230,269,218,170,177,235,301,391,657,371,340,442,269,236,467,474,553,430,257,464,501,623,415,287,350,327,240,199,485,420,FALSE,FALSE,FALSE,FALSE,FALSE,FALSE,FALSE,FALSE,FALSE,FALSE,FALSE,FALSE,FALSE,FALSE,FALSE,FALSE,FALSE,FALSE,FALSE,FALSE,FALSE,FALSE,FALSE,FALSE,FALSE,FALSE,FALSE,FALSE,FALSE,FALSE,FALSE,FALSE,FALSE,FALSE,FALSE,FALSE,FALSE,FALSE,FALSE,FALSE,FALSE,2.644451,3.995289,1.802628,1.703327,1.319887,1.456846,1.521757,1.5269,1.352902,1.611165,1.880821,1.870053,1.673659,2.10324,2.057531,2.244419,2.410918,3.079588,8.93328,2.304349,2.102819,2.268036,1.678699,2.090614,1.963203,1.753475,1.887123,1.887751,2.229187,2.270784,2.706471,3.194322,8.496534,3.477912,3.328985,2.801867,3.219858,3.228524,3.29882,4.427314,10.27332,FALSE,FALSE,FALSE,FALSE,FALSE,FALSE,FALSE,FALSE,FALSE,FALSE,FALSE,FALSE,FALSE,FALSE,FALSE,FALSE,FALSE,FALSE,TRUE,FALSE,FALSE,FALSE,FALSE,FALSE,FALSE,FALSE,FALSE,FALSE,FALSE,FALSE,FALSE,FALSE,TRUE,FALSE,FALSE,FALSE,FALSE,FALSE,FALSE,FALSE,TRUE,-28.625,0,28.5,FALSE,FALSE,FALSE,1.142794,1.044232,1.172239,FALSE,FALSE,FALSE,0,0,0,FALSE,FALSE,FALSE,1.124401,FALSE,8.3,FALSE,24.25,FALSE
2025-07-29 11:12:49,350,12,80,195,304,268,159,166,174,226,284,230,268,227,176,179,236,299,332,647,371,338,439,269,234,470,478,554,421,252,454,479,535,456,314,365,333,245,203,476,359,FALSE,FALSE,FALSE,FALSE,FALSE,FALSE,FALSE,FALSE,FALSE,FALSE,FALSE,FALSE,FALSE,FALSE,FALSE,FALSE,FALSE,FALSE,FALSE,FALSE,FALSE,FALSE,FALSE,FALSE,FALSE,FALSE,FALSE,FALSE,FALSE,FALSE,FALSE,FALSE,FALSE,FALSE,FALSE,FALSE,FALSE,FALSE,FALSE,FALSE,FALSE,3.297477,4.30157,2.713082,2.097942,1.856935,1.852144,1.878834,1.891549,1.752406,1.92368,2.138327,2.300535,2.212463,2.451246,2.548448,2.482606,2.520782,2.745842,6.438838,2.893632,2.77853,2.788483,2.125589,2.643429,2.521188,2.265503,2.226571,2.521492,2.599715,2.344797,2.595356,2.853024,6.339322,3.499379,3.32937,2.793502,2.855596,2.879212,2.925327,3.415085,7.236175,FALSE,FALSE,FALSE,FALSE,FALSE,FALSE,FALSE,FALSE,FALSE,FALSE,FALSE,FALSE,FALSE,FALSE,FALSE,FALSE,FALSE,FALSE,TRUE,FALSE,FALSE,FALSE,FALSE,FALSE,FALSE,FALSE,FALSE,FALSE,FALSE,FALSE,FALSE,FALSE,TRUE,FALSE,FALSE,FALSE,FALSE,FALSE,FALSE,FALSE,TRUE,-28.825,0,28.225,FALSE,FALSE,FALSE,1.154467,1.073119,1.181265,FALSE,FALSE,FALSE,0,0,0,FALSE,FALSE,FALSE,1.151412,FALSE,7.9,FALSE,26.38,FALSE
2025-07-28 09:14:03,350,12,80,195,304,270,160,167,174,227,281,228,264,221,172,180,239,308,417,646,365,333,432,262,230,456,464,537,419,254,455,500,653,428,294,357,333,247,204,505,463,FALSE,FALSE,FALSE,FALSE,FALSE,FALSE,FALSE,FALSE,FALSE,FALSE,FALSE,FALSE,FALSE,FALSE,FALSE,FALSE,FALSE,FALSE,FALSE,FALSE,FALSE,FALSE,FALSE,FALSE,FALSE,FALSE,FALSE,FALSE,FALSE,FALSE,FALSE,FALSE,FALSE,FALSE,FALSE,FALSE,FALSE,FALSE,FALSE,FALSE,FALSE,1.866629,3.989003,1.780589,1.508119,1.066351,1.338584,1.443955,1.45282,1.280232,1.631782,1.956873,1.749709,1.443406,1.930329,1.735161,2.117222,2.28782,3.083179,7.73674,2.478955,2.378731,2.615552,1.769166,2.373123,2.204482,2.003251,1.849437,2.008977,2.448393,2.641313,3.008862,3.435428,7.393318,3.61132,3.312191,2.819474,3.277131,3.280067,3.287432,4.220751,8.593424,FALSE,FALSE,FALSE,FALSE,FALSE,FALSE,FALSE,FALSE,FALSE,FALSE,FALSE,FALSE,FALSE,FALSE,FALSE,FALSE,FALSE,FALSE,TRUE,FALSE,FALSE,FALSE,FALSE,FALSE,FALSE,FALSE,FALSE,FALSE,FALSE,FALSE,FALSE,FALSE,TRUE,FALSE,FALSE,FALSE,FALSE,FALSE,FALSE,FALSE,TRUE,-28.075,0,28.05,FALSE,FALSE,FALSE,1.154879,1.065463,1.18786,FALSE,FALSE,FALSE,0,0,0,FALSE,FALSE,FALSE,1.14914,FALSE,9.31,FALSE,25.12,FALSE
2025-07-25 14:02:06,350,12,81,198,306,273,161,168,176,225,282,229,266,214,166,181,242,318,492,650,373,334,432,267,233,458,462,560,434,262,470,526,768,396,282,371,351,252,215,543,553,FALSE,FALSE,FALSE,FALSE,FALSE,FALSE,FALSE,FALSE,FALSE,FALSE,FALSE,FALSE,FALSE,FALSE,FALSE,FALSE,FALSE,FALSE,FALSE,FALSE,FALSE,FALSE,FALSE,FALSE,FALSE,FALSE,FALSE,FALSE,FALSE,FALSE,FALSE,FALSE,FALSE,FALSE,FALSE,FALSE,FALSE,FALSE,FALSE,FALSE,FALSE,3.605902,4.255634,2.854079,2.096141,1.796524,1.837472,1.908283,1.947571,1.801458,2.065613,2.430162,2.338701,2.120979,2.301431,2.723872,3.745269,3.989625,4.828008,9.070034,3.090201,3.036022,3.218059,2.482594,2.959174,2.744851,2.500423,2.406928,3.117864,3.651921,3.88611,4.312835,4.850824,8.401371,3.080226,2.885745,3.450839,4.160037,4.16388,4.254391,5.384412,9.372628,FALSE,FALSE,FALSE,FALSE,FALSE,FALSE,FALSE,FALSE,FALSE,FALSE,FALSE,FALSE,FALSE,FALSE,FALSE,FALSE,FALSE,FALSE,TRUE,FALSE,FALSE,FALSE,FALSE,FALSE,FALSE,FALSE,FALSE,FALSE,FALSE,FALSE,FALSE,FALSE,TRUE,FALSE,FALSE,FALSE,FALSE,FALSE,FALSE,FALSE,TRUE,-27.9,0,27.725,FALSE,FALSE,FALSE,1.163041,1.074039,1.194485,FALSE,FALSE,FALSE,0,0,0,FALSE,FALSE,FALSE,1.15463,FALSE,8.37,FALSE,25.38,FALSE
2025-07-25 11:47:23,350,12,79,195,302,266,156,160,167,211,256,222,266,216,188,234,317,447,826,611,344,305,389,250,226,452,467,629,531,326,606,728,1255,406,299,479,496,356,301,812,984,FALSE,FALSE,FALSE,FALSE,FALSE,FALSE,FALSE,FALSE,FALSE,FALSE,FALSE,FALSE,FALSE,FALSE,FALSE,FALSE,FALSE,FALSE,TRUE,FALSE,FALSE,FALSE,FALSE,FALSE,FALSE,FALSE,FALSE,FALSE,FALSE,FALSE,FALSE,FALSE,TRUE,FALSE,FALSE,FALSE,FALSE,FALSE,FALSE,FALSE,TRUE,1.967342,3.936169,2.947345,1.429352,1.070835,1.277031,1.30813,1.32273,1.263732,1.510635,1.806504,1.528155,1.435448,1.573802,2.37668,3.70298,3.877176,4.732785,6.663067,3.078666,3.002802,3.06736,2.525928,2.832097,2.799699,2.61598,2.717018,3.527915,4.18588,4.39839,4.902362,5.385039,6.713386,2.111322,2.402178,3.629084,4.464048,4.388196,4.383094,5.255088,6.705765,FALSE,FALSE,FALSE,FALSE,FALSE,FALSE,FALSE,FALSE,FALSE,FALSE,FALSE,FALSE,FALSE,FALSE,FALSE,FALSE,FALSE,FALSE,TRUE,FALSE,FALSE,FALSE,FALSE,FALSE,FALSE,FALSE,FALSE,FALSE,FALSE,FALSE,FALSE,FALSE,TRUE,FALSE,FALSE,FALSE,FALSE,FALSE,FALSE,FALSE,TRUE,-27.8,0,27.2,FALSE,FALSE,FALSE,1.169387,1.081831,1.191619,FALSE,FALSE,FALSE,0,0,0,FALSE,FALSE,FALSE,1.151083,FALSE,8.86,FALSE,28.5,FALSE
2025-07-25 11:32:31,350,12,80,195,303,269,158,162,169,217,263,221,262,213,178,209,283,388,682,621,354,313,399,251,224,447,457,596,482,298,543,638,1049,418,293,430,431,314,263,695,807,FALSE,FALSE,FALSE,FALSE,FALSE,FALSE,FALSE,FALSE,FALSE,FALSE,FALSE,FALSE,FALSE,FALSE,FALSE,FALSE,FALSE,FALSE,TRUE,FALSE,FALSE,FALSE,FALSE,FALSE,FALSE,FALSE,FALSE,FALSE,FALSE,FALSE,FALSE,FALSE,TRUE,FALSE,FALSE,FALSE,FALSE,FALSE,FALSE,FALSE,TRUE,1.95979,3.944199,2.735462,1.437429,1.067084,1.3015,1.327591,1.340501,1.267864,1.506875,1.696474,1.502359,1.371525,1.548299,2.128364,3.432384,3.56163,4.372456,6.346518,2.891392,2.765993,2.852326,2.260185,2.675034,2.608097,2.444855,2.589878,3.226107,3.72442,3.891121,4.294074,4.746822,6.095294,2.076733,2.294067,3.297173,4.164613,4.080242,4.11778,4.93956,6.438288,FALSE,FALSE,FALSE,FALSE,FALSE,FALSE,FALSE,FALSE,FALSE,FALSE,FALSE,FALSE,FALSE,FALSE,FALSE,FALSE,FALSE,FALSE,TRUE,FALSE,FALSE,FALSE,FALSE,FALSE,FALSE,FALSE,FALSE,FALSE,FALSE,FALSE,FALSE,FALSE,TRUE,FALSE,FALSE,FALSE,FALSE,FALSE,FALSE,FALSE,TRUE,-27.7,0,27.125,FALSE,FALSE,FALSE,1.170441,1.084273,1.195487,FALSE,FALSE,FALSE,0,0,0,FALSE,FALSE,FALSE,1.156109,FALSE,8.7,FALSE,28.38,FALSE
2025-07-25 11:03:49,350,12,80,195,303,269,158,162,169,217,263,221,262,213,178,209,283,388,682,621,354,313,399,251,224,447,457,596,482,298,543,638,1049,418,293,430,431,314,263,695,807,FALSE,FALSE,FALSE,FALSE,FALSE,FALSE,FALSE,FALSE,FALSE,FALSE,FALSE,FALSE,FALSE,FALSE,FALSE,FALSE,FALSE,FALSE,TRUE,FALSE,FALSE,FALSE,FALSE,FALSE,FALSE,FALSE,FALSE,FALSE,FALSE,FALSE,FALSE,FALSE,TRUE,FALSE,FALSE,FALSE,FALSE,FALSE,FALSE,FALSE,TRUE,1.970325,3.971,2.665294,1.513128,1.125174,1.366601,1.387299,1.409345,1.294087,1.574801,1.798649,1.584047,1.418114,1.586974,2.190048,3.499345,3.642412,4.424676,6.407964,2.924763,2.796951,2.910879,2.307906,2.697664,2.603998,2.38255,2.439619,3.028282,3.48099,3.738803,4.14425,4.636113,5.929919,2.247342,2.372143,3.314034,4.219054,4.115797,4.162568,5.048814,6.503928,FALSE,FALSE,FALSE,FALSE,FALSE,FALSE,FALSE,FALSE,FALSE,FALSE,FALSE,FALSE,FALSE,FALSE,FALSE,FALSE,FALSE,FALSE,TRUE,FALSE,FALSE,FALSE,FALSE,FALSE,FALSE,FALSE,FALSE,FALSE,FALSE,FALSE,FALSE,FALSE,FALSE,FALSE,FALSE,FALSE,FALSE,FALSE,FALSE,FALSE,TRUE,-27.65,0,27.2,FALSE,FALSE,FALSE,1.170188,1.085825,1.197481,FALSE,FALSE,FALSE,0,0,0,FALSE,FALSE,FALSE,1.161733,FALSE,9.49,FALSE,27.62,FALSE
2025-07-25 10:58:05,350,12,79,196,306,268,158,163,171,218,268,225,267,212,179,209,281,387,679,631,357,316,409,257,228,449,463,602,488,297,544,638,1059,394,288,427,422,306,260,684,814,FALSE,FALSE,FALSE,FALSE,FALSE,FALSE,FALSE,FALSE,FALSE,FALSE,FALSE,FALSE,FALSE,FALSE,FALSE,FALSE,FALSE,FALSE,TRUE,FALSE,FALSE,FALSE,FALSE,FALSE,FALSE,FALSE,FALSE,FALSE,FALSE,FALSE,FALSE,FALSE,TRUE,FALSE,FALSE,FALSE,FALSE,FALSE,FALSE,FALSE,TRUE,3.596103,4.10109,3.313278,1.815593,1.428502,1.601869,1.670163,1.684643,1.542495,1.798607,2.069701,1.979104,1.811444,2.460327,3.985911,5.03328,5.456449,6.154443,7.937352,3.376282,3.357621,3.456752,2.651956,3.203043,3.031822,2.965232,3.562665,4.254887,4.691256,5.097829,5.680202,6.050302,7.251997,3.932562,4.504072,5.200576,5.764294,5.738403,5.792866,6.502274,8.005506,FALSE,FALSE,FALSE,FALSE,FALSE,FALSE,FALSE,FALSE,FALSE,FALSE,FALSE,FALSE,FALSE,FALSE,FALSE,FALSE,FALSE,TRUE,TRUE,FALSE,FALSE,FALSE,FALSE,FALSE,FALSE,FALSE,FALSE,FALSE,FALSE,FALSE,FALSE,TRUE,TRUE,FALSE,FALSE,FALSE,FALSE,FALSE,FALSE,TRUE,TRUE,-27.625,0,27.175,FALSE,FALSE,FALSE,1.170978,1.086086,1.197188,FALSE,FALSE,FALSE,0,0,0,FALSE,FALSE,FALSE,1.160846,FALSE,8.5,FALSE,27.5,FALSE
2025-07-24 09:19:22,350,12,82,196,306,271,160,168,175,229,285,234,273,230,178,181,239,300,326,656,375,345,447,276,241,480,493,568,430,257,463,489,521,448,312,362,329,243,201,470,344,FALSE,FALSE,FALSE,FALSE,FALSE,FALSE,FALSE,FALSE,FALSE,FALSE,FALSE,FALSE,FALSE,FALSE,FALSE,FALSE,FALSE,FALSE,FALSE,FALSE,FALSE,FALSE,FALSE,FALSE,FALSE,FALSE,FALSE,FALSE,FALSE,FALSE,FALSE,FALSE,FALSE,FALSE,FALSE,FALSE,FALSE,FALSE,FALSE,FALSE,FALSE,3.65454,4.180095,2.050535,1.764888,1.297758,1.515768,1.537766,1.541146,1.313732,1.573592,1.739157,1.822655,1.623333,2.029,2.219036,2.028353,2.016718,2.090036,6.724159,2.586722,2.417289,2.417216,1.698761,2.236877,2.177218,1.927959,2.05352,2.245152,2.368701,2.074907,2.199727,2.567876,6.517924,4.423297,4.10704,3.16897,3.110999,3.201669,3.22768,3.370313,7.360329,FALSE,FALSE,FALSE,FALSE,FALSE,FALSE,FALSE,FALSE,FALSE,FALSE,FALSE,FALSE,FALSE,FALSE,FALSE,FALSE,FALSE,FALSE,TRUE,FALSE,FALSE,FALSE,FALSE,FALSE,FALSE,FALSE,FALSE,FALSE,FALSE,FALSE,FALSE,FALSE,TRUE,FALSE,FALSE,FALSE,FALSE,FALSE,FALSE,FALSE,TRUE,-27.775,0,27.775,FALSE,FALSE,FALSE,1.159295,1.062009,1.19285,FALSE,FALSE,FALSE,0,0,0,FALSE,FALSE,FALSE,1.140174,FALSE,9.81,FALSE,24.75,FALSE
2025-07-23 09:48:45,350,12,83,198,309,273,162,170,178,232,290,234,273,231,179,181,239,302,312,675,384,350,455,279,242,487,495,568,433,262,470,493,513,472,325,365,332,245,202,464,335,FALSE,FALSE,FALSE,FALSE,FALSE,FALSE,FALSE,FALSE,FALSE,FALSE,FALSE,FALSE,FALSE,FALSE,FALSE,FALSE,FALSE,FALSE,FALSE,FALSE,FALSE,FALSE,FALSE,FALSE,FALSE,FALSE,FALSE,FALSE,FALSE,FALSE,FALSE,FALSE,FALSE,FALSE,FALSE,FALSE,FALSE,FALSE,FALSE,FALSE,FALSE,3.085922,4.074645,1.850804,1.660419,1.191736,1.408494,1.462619,1.463633,1.230133,1.496694,1.661461,1.696761,1.5008,1.894512,2.109626,1.943237,1.95,1.994731,5.659674,2.345075,2.109674,2.197998,1.51104,2.025442,1.94949,1.690732,1.862468,1.938995,2.072305,1.729745,1.906837,2.179045,5.301482,3.728792,3.645383,3.047764,3.044141,3.103769,3.111945,3.318805,6.204139,FALSE,FALSE,FALSE,FALSE,FALSE,FALSE,FALSE,FALSE,FALSE,FALSE,FALSE,FALSE,FALSE,FALSE,FALSE,FALSE,FALSE,FALSE,FALSE,FALSE,FALSE,FALSE,FALSE,FALSE,FALSE,FALSE,FALSE,FALSE,FALSE,FALSE,FALSE,FALSE,FALSE,FALSE,FALSE,FALSE,FALSE,FALSE,FALSE,FALSE,TRUE,-27.525,0,27.725,FALSE,FALSE,FALSE,1.161177,1.060113,1.192738,FALSE,FALSE,FALSE,0,0,0,FALSE,FALSE,FALSE,1.137744,FALSE,9.53,FALSE,23.88,FALSE
2025-07-22 09:43:42,350,12,81,198,306,272,160,167,175,226,281,232,270,218,173,186,247,327,478,647,372,334,436,268,234,464,468,564,439,267,482,539,757,411,296,377,357,263,219,547,547,FALSE,FALSE,FALSE,FALSE,FALSE,FALSE,FALSE,FALSE,FALSE,FALSE,FALSE,FALSE,FALSE,FALSE,FALSE,FALSE,FALSE,FALSE,FALSE,FALSE,FALSE,FALSE,FALSE,FALSE,FALSE,FALSE,FALSE,FALSE,FALSE,FALSE,FALSE,FALSE,FALSE,FALSE,FALSE,FALSE,FALSE,FALSE,FALSE,FALSE,FALSE,4.593262,4.273455,3.459325,2.007789,1.590301,1.739558,1.783807,1.795704,1.597157,1.862142,2.147579,2.156588,1.954283,2.200501,2.530729,3.548063,3.741309,4.777195,10.99162,3.58036,3.448266,3.55394,2.932781,3.364445,3.187547,2.94702,2.812604,3.626059,4.167055,4.386275,4.638155,5.598163,10.89932,3.215697,2.949316,3.22101,4.077478,4.118468,4.177325,5.773824,12.05462,FALSE,FALSE,FALSE,FALSE,FALSE,FALSE,FALSE,FALSE,FALSE,FALSE,FALSE,FALSE,FALSE,FALSE,FALSE,FALSE,FALSE,FALSE,TRUE,FALSE,FALSE,FALSE,FALSE,FALSE,FALSE,FALSE,FALSE,FALSE,FALSE,FALSE,FALSE,FALSE,TRUE,FALSE,FALSE,FALSE,FALSE,FALSE,FALSE,FALSE,TRUE,-27.725,0,27.3,FALSE,FALSE,FALSE,1.168637,1.085484,1.197731,FALSE,FALSE,FALSE,0,0,0,FALSE,FALSE,FALSE,1.158588,FALSE,10.74,FALSE,26.88,FALSE
2025-07-21 08:55:32,350,12,84,199,309,275,161,168,175,225,276,228,266,215,171,191,255,344,555,651,370,329,423,262,231,459,466,575,453,279,505,575,879,402,285,379,369,271,225,573,640,FALSE,FALSE,FALSE,FALSE,FALSE,FALSE,FALSE,FALSE,FALSE,FALSE,FALSE,FALSE,FALSE,FALSE,FALSE,FALSE,FALSE,FALSE,FALSE,FALSE,FALSE,FALSE,FALSE,FALSE,FALSE,FALSE,FALSE,FALSE,FALSE,FALSE,FALSE,FALSE,FALSE,FALSE,FALSE,FALSE,FALSE,FALSE,FALSE,FALSE,FALSE,3.782511,4.177508,1.979221,1.907574,1.377461,1.628291,1.696647,1.717245,1.470096,1.847879,2.221183,2.05509,1.724307,2.013433,2.974098,4.381407,4.651687,5.677427,8.810523,2.615333,2.532886,2.746057,1.931122,2.358932,2.149781,1.808216,2.134285,3.05446,3.812195,4.155934,4.75143,5.329123,7.939218,3.610176,3.711718,4.764928,5.531948,5.518233,5.669775,6.734245,9.374246,FALSE,FALSE,FALSE,FALSE,FALSE,FALSE,FALSE,FALSE,FALSE,FALSE,FALSE,FALSE,FALSE,FALSE,FALSE,FALSE,FALSE,FALSE,TRUE,FALSE,FALSE,FALSE,FALSE,FALSE,FALSE,FALSE,FALSE,FALSE,FALSE,FALSE,FALSE,FALSE,TRUE,FALSE,FALSE,FALSE,FALSE,FALSE,FALSE,TRUE,TRUE,-27.55,0,27.75,FALSE,FALSE,FALSE,1.158545,1.055717,1.187922,FALSE,FALSE,FALSE,0,0,0,FALSE,FALSE,FALSE,1.133772,FALSE,11.02,FALSE,24.12,FALSE
2025-07-18 08:43:33,350,12,83,198,309,275,162,170,178,232,291,234,274,235,181,182,241,300,302,672,387,353,458,279,244,493,507,572,437,261,471,491,492,492,329,363,325,244,202,461,315,FALSE,FALSE,FALSE,FALSE,FALSE,FALSE,FALSE,FALSE,FALSE,FALSE,FALSE,FALSE,FALSE,FALSE,FALSE,FALSE,FALSE,FALSE,FALSE,FALSE,FALSE,FALSE,FALSE,FALSE,FALSE,FALSE,FALSE,FALSE,FALSE,FALSE,FALSE,FALSE,FALSE,FALSE,FALSE,FALSE,FALSE,FALSE,FALSE,FALSE,FALSE,4.178921,4.191898,2.12239,1.925398,1.437533,1.669945,1.725846,1.72315,1.44966,1.761064,1.925799,1.991297,1.797709,1.955499,2.133804,2.205337,2.20799,2.254836,3.72694,2.673797,2.561263,2.576213,1.744878,2.356434,2.238453,1.929995,1.999244,2.291477,2.460521,2.114186,2.157939,2.444738,3.60075,3.549488,3.42376,3.422704,3.512647,3.567819,3.580195,3.69179,4.333307,FALSE,FALSE,FALSE,FALSE,FALSE,FALSE,FALSE,FALSE,FALSE,FALSE,FALSE,FALSE,FALSE,FALSE,FALSE,FALSE,FALSE,FALSE,FALSE,FALSE,FALSE,FALSE,FALSE,FALSE,FALSE,FALSE,FALSE,FALSE,FALSE,FALSE,FALSE,FALSE,FALSE,FALSE,FALSE,FALSE,FALSE,FALSE,FALSE,FALSE,FALSE,-27.5,0,27.7,FALSE,FALSE,FALSE,1.162251,1.052343,1.1938,FALSE,FALSE,FALSE,0,0,0,FALSE,FALSE,FALSE,1.130609,FALSE,11.14,FALSE,24.25,FALSE
2025-07-17 08:31:27,350,12,81,198,308,274,161,168,176,230,284,232,271,226,175,180,240,305,357,654,374,342,443,273,235,478,480,564,428,257,462,496,571,455,306,366,334,249,206,489,385,FALSE,FALSE,FALSE,FALSE,FALSE,FALSE,FALSE,FALSE,FALSE,FALSE,FALSE,FALSE,FALSE,FALSE,FALSE,FALSE,FALSE,FALSE,FALSE,FALSE,FALSE,FALSE,FALSE,FALSE,FALSE,FALSE,FALSE,FALSE,FALSE,FALSE,FALSE,FALSE,FALSE,FALSE,FALSE,FALSE,FALSE,FALSE,FALSE,FALSE,FALSE,4.679614,4.165453,3.052738,2.032648,1.611482,1.786344,1.821027,1.809703,1.608319,1.868941,2.130335,2.292176,2.137175,2.733905,2.724972,2.502187,2.507581,2.798236,9.205337,3.274592,3.27045,3.284271,2.653864,3.144233,2.973078,2.837766,2.784677,2.980324,2.99893,2.773346,2.84087,3.44001,9.105827,4.553213,4.468401,2.917586,2.927866,3.022492,3.007711,3.75595,10.12413,FALSE,FALSE,FALSE,FALSE,FALSE,FALSE,FALSE,FALSE,FALSE,FALSE,FALSE,FALSE,FALSE,FALSE,FALSE,FALSE,FALSE,FALSE,TRUE,FALSE,FALSE,FALSE,FALSE,FALSE,FALSE,FALSE,FALSE,FALSE,FALSE,FALSE,FALSE,FALSE,TRUE,FALSE,FALSE,FALSE,FALSE,FALSE,FALSE,FALSE,TRUE,-27.55,0,27.4,FALSE,FALSE,FALSE,1.170087,1.076851,1.201157,FALSE,FALSE,FALSE,0,0,0,FALSE,FALSE,FALSE,1.155958,FALSE,11.66,FALSE,25.88,FALSE
2025-07-16 09:13:12,350,12,81,197,308,271,161,168,177,230,288,234,273,232,180,182,241,302,318,664,380,345,449,277,240,482,493,570,431,259,467,491,508,473,323,366,331,246,203,470,333,FALSE,FALSE,FALSE,FALSE,FALSE,FALSE,FALSE,FALSE,FALSE,FALSE,FALSE,FALSE,FALSE,FALSE,FALSE,FALSE,FALSE,FALSE,FALSE,FALSE,FALSE,FALSE,FALSE,FALSE,FALSE,FALSE,FALSE,FALSE,FALSE,FALSE,FALSE,FALSE,FALSE,FALSE,FALSE,FALSE,FALSE,FALSE,FALSE,FALSE,FALSE,3.851108,4.218174,2.427629,1.853392,1.410409,1.624183,1.675651,1.677392,1.437364,1.715673,1.905395,2.006152,1.799046,1.987479,2.199591,2.150509,2.184872,2.191021,3.834517,2.942233,2.865672,2.932104,2.095948,2.733902,2.593704,2.309181,2.187585,2.578484,2.653857,2.299828,2.312553,2.610965,3.977484,3.481641,3.296345,3.140981,3.157082,3.250461,3.224648,3.25059,4.375447,FALSE,FALSE,FALSE,FALSE,FALSE,FALSE,FALSE,FALSE,FALSE,FALSE,FALSE,FALSE,FALSE,FALSE,FALSE,FALSE,FALSE,FALSE,FALSE,FALSE,FALSE,FALSE,FALSE,FALSE,FALSE,FALSE,FALSE,FALSE,FALSE,FALSE,FALSE,FALSE,FALSE,FALSE,FALSE,FALSE,FALSE,FALSE,FALSE,FALSE,FALSE,-27.55,0,27.5,FALSE,FALSE,FALSE,1.164305,1.066902,1.198034,FALSE,FALSE,FALSE,0,0,0,FALSE,FALSE,FALSE,1.147001,FALSE,10.49,FALSE,25.25,FALSE
2025-07-15 10:07:53,350,12,81,195,305,270,160,168,174,228,286,234,272,229,177,179,237,297,327,648,373,340,442,274,236,470,483,556,424,251,452,480,522,441,310,361,328,243,200,470,349,FALSE,FALSE,FALSE,FALSE,FALSE,FALSE,FALSE,FALSE,FALSE,FALSE,FALSE,FALSE,FALSE,FALSE,FALSE,FALSE,FALSE,FALSE,FALSE,FALSE,FALSE,FALSE,FALSE,FALSE,FALSE,FALSE,FALSE,FALSE,FALSE,FALSE,FALSE,FALSE,FALSE,FALSE,FALSE,FALSE,FALSE,FALSE,FALSE,FALSE,FALSE,1.950669,4.211479,2.593345,1.806081,1.309897,1.601527,1.618945,1.610541,1.385476,1.670922,1.804495,1.873228,1.641344,1.80567,1.942885,1.960365,1.934501,1.950452,2.962196,3.07419,2.968266,2.972644,2.292506,2.817092,2.716804,2.467263,2.375186,2.711371,2.734665,2.488294,2.464908,2.635411,2.990717,2.873371,2.760099,2.553767,2.576377,2.689473,2.65276,2.770277,2.880374,FALSE,FALSE,FALSE,FALSE,FALSE,FALSE,FALSE,FALSE,FALSE,FALSE,FALSE,FALSE,FALSE,FALSE,FALSE,FALSE,FALSE,FALSE,FALSE,FALSE,FALSE,FALSE,FALSE,FALSE,FALSE,FALSE,FALSE,FALSE,FALSE,FALSE,FALSE,FALSE,FALSE,FALSE,FALSE,FALSE,FALSE,FALSE,FALSE,FALSE,FALSE,-27.825,0,27.55,FALSE,FALSE,FALSE,1.167853,1.08108,1.198687,FALSE,FALSE,FALSE,0,0,0,FALSE,FALSE,FALSE,1.162271,FALSE,12.21,FALSE,26.5,FALSE
2025-07-14 10:09:23,350,12,85,198,307,273,161,170,178,231,289,235,273,231,176,179,237,298,308,666,382,348,455,280,245,491,503,577,435,260,470,490,507,445,311,351,320,236,196,453,323,FALSE,FALSE,FALSE,FALSE,FALSE,FALSE,FALSE,FALSE,FALSE,FALSE,FALSE,FALSE,FALSE,FALSE,FALSE,FALSE,FALSE,FALSE,FALSE,FALSE,FALSE,FALSE,FALSE,FALSE,FALSE,FALSE,FALSE,FALSE,FALSE,FALSE,FALSE,FALSE,FALSE,FALSE,FALSE,FALSE,FALSE,FALSE,FALSE,FALSE,FALSE,2.238978,4.149511,1.833045,1.594175,1.05433,1.408399,1.460464,1.453014,1.208826,1.524017,1.630831,1.613669,1.346057,1.576064,1.727491,1.719208,1.653361,1.671624,2.647554,2.266713,2.11472,2.135094,1.339565,1.963751,1.880356,1.586528,1.71967,1.908427,2.109367,1.718016,1.869442,1.99264,2.247545,3.217307,3.12425,2.965345,2.998138,3.048396,3.03461,3.149295,3.332426,FALSE,FALSE,FALSE,FALSE,FALSE,FALSE,FALSE,FALSE,FALSE,FALSE,FALSE,FALSE,FALSE,FALSE,FALSE,FALSE,FALSE,FALSE,FALSE,FALSE,FALSE,FALSE,FALSE,FALSE,FALSE,FALSE,FALSE,FALSE,FALSE,FALSE,FALSE,FALSE,FALSE,FALSE,FALSE,FALSE,FALSE,FALSE,FALSE,FALSE,FALSE,-27.275,0,27.575,FALSE,FALSE,FALSE,1.163078,1.048701,1.19065,FALSE,FALSE,FALSE,0,0,0,FALSE,FALSE,FALSE,1.135294,FALSE,11.93,FALSE,23.62,FALSE
2025-07-11 09:49:23,350,12,82,197,306,273,162,169,176,230,288,236,275,237,185,185,245,303,299,662,380,347,452,278,242,489,502,582,441,263,475,493,483,488,338,376,336,253,207,474,313,FALSE,FALSE,FALSE,FALSE,FALSE,FALSE,FALSE,FALSE,FALSE,FALSE,FALSE,FALSE,FALSE,FALSE,FALSE,FALSE,FALSE,FALSE,FALSE,FALSE,FALSE,FALSE,FALSE,FALSE,FALSE,FALSE,FALSE,FALSE,FALSE,FALSE,FALSE,FALSE,FALSE,FALSE,FALSE,FALSE,FALSE,FALSE,FALSE,FALSE,FALSE,4.884516,4.468569,3.261527,2.171228,1.689538,1.900014,1.953707,1.976578,1.71625,2.014563,2.173136,2.393868,2.137275,2.25479,2.447824,2.526934,2.45683,2.525906,3.151137,3.587823,3.547468,3.524604,2.774318,3.363074,3.197039,2.896559,2.849674,3.191325,3.163367,2.919273,2.928302,3.133705,3.249126,3.185361,3.005921,2.969094,2.957189,3.089433,3.062327,3.183511,2.987614,FALSE,FALSE,FALSE,FALSE,FALSE,FALSE,FALSE,FALSE,FALSE,FALSE,FALSE,FALSE,FALSE,FALSE,FALSE,FALSE,FALSE,FALSE,FALSE,FALSE,FALSE,FALSE,FALSE,FALSE,FALSE,FALSE,FALSE,FALSE,FALSE,FALSE,FALSE,FALSE,FALSE,FALSE,FALSE,FALSE,FALSE,FALSE,FALSE,FALSE,FALSE,-27.5,0,27.275,FALSE,FALSE,FALSE,1.172403,1.082983,1.20431,FALSE,FALSE,FALSE,0,0,0,FALSE,FALSE,FALSE,1.160323,FALSE,11.9,FALSE,26.25,FALSE
2025-07-10 08:50:43,350,12,87,199,307,274,163,170,177,231,287,232,269,230,175,179,237,298,323,677,386,348,455,278,241,492,497,579,434,263,473,496,529,466,312,355,321,240,198,461,337,FALSE,FALSE,FALSE,FALSE,FALSE,FALSE,FALSE,FALSE,FALSE,FALSE,FALSE,FALSE,FALSE,FALSE,FALSE,FALSE,FALSE,FALSE,FALSE,FALSE,FALSE,FALSE,FALSE,FALSE,FALSE,FALSE,FALSE,FALSE,FALSE,FALSE,FALSE,FALSE,FALSE,FALSE,FALSE,FALSE,FALSE,FALSE,FALSE,FALSE,FALSE,3.109245,4.107692,2.053641,1.769989,1.170062,1.512089,1.551499,1.583357,1.297409,1.711541,1.927175,1.865937,1.500999,2.060937,2.180341,2.034484,1.945714,2.02694,5.663175,2.368989,2.315028,2.356495,1.44816,2.183745,2.071964,1.792447,1.868548,2.014965,2.306096,1.784862,2.002237,2.370314,5.336823,4.268807,4.027231,3.255766,3.309015,3.389999,3.343245,3.49719,6.150969,FALSE,FALSE,FALSE,FALSE,FALSE,FALSE,FALSE,FALSE,FALSE,FALSE,FALSE,FALSE,FALSE,FALSE,FALSE,FALSE,FALSE,FALSE,FALSE,FALSE,FALSE,FALSE,FALSE,FALSE,FALSE,FALSE,FALSE,FALSE,FALSE,FALSE,FALSE,FALSE,FALSE,FALSE,FALSE,FALSE,FALSE,FALSE,FALSE,FALSE,TRUE,-27.425,0,27.8,FALSE,FALSE,FALSE,1.158744,1.04069,1.184843,FALSE,FALSE,FALSE,0,0,0,FALSE,FALSE,FALSE,1.117832,FALSE,12.17,FALSE,23.12,FALSE
2025-07-09 08:29:44,350,12,85,198,308,274,163,170,179,232,291,233,271,228,177,178,235,299,321,674,386,351,455,279,241,484,499,574,433,261,468,493,526,447,311,353,322,239,198,454,341,FALSE,FALSE,FALSE,FALSE,FALSE,FALSE,FALSE,FALSE,FALSE,FALSE,FALSE,FALSE,FALSE,FALSE,FALSE,FALSE,FALSE,FALSE,FALSE,FALSE,FALSE,FALSE,FALSE,FALSE,FALSE,FALSE,FALSE,FALSE,FALSE,FALSE,FALSE,FALSE,FALSE,FALSE,FALSE,FALSE,FALSE,FALSE,FALSE,FALSE,FALSE,3.607057,4.221169,2.049483,1.850646,1.274378,1.552057,1.636364,1.644272,1.362327,1.693774,1.884694,1.978013,1.719609,1.886003,2.097808,2.139686,2.094651,2.100269,2.915375,2.412164,2.263132,2.247768,1.445625,2.059194,1.974413,1.68204,1.822105,2.021298,2.167725,1.793146,2.03623,2.128092,2.338518,3.771506,3.58567,3.506525,3.607903,3.654875,3.689681,3.798837,3.792023,FALSE,FALSE,FALSE,FALSE,FALSE,FALSE,FALSE,FALSE,FALSE,FALSE,FALSE,FALSE,FALSE,FALSE,FALSE,FALSE,FALSE,FALSE,FALSE,FALSE,FALSE,FALSE,FALSE,FALSE,FALSE,FALSE,FALSE,FALSE,FALSE,FALSE,FALSE,FALSE,FALSE,FALSE,FALSE,FALSE,FALSE,FALSE,FALSE,FALSE,FALSE,-27.3,0,27.55,FALSE,FALSE,FALSE,1.165407,1.053036,1.193118,FALSE,FALSE,FALSE,0,0,0,FALSE,FALSE,FALSE,1.130021,FALSE,11.63,FALSE,23.75,FALSE
2025-07-08 08:31:42,350,12,84,198,306,273,160,167,173,224,274,226,267,214,171,190,254,340,555,647,364,326,418,260,229,456,459,571,455,275,501,565,873,392,276,376,365,268,222,575,632,FALSE,FALSE,FALSE,FALSE,FALSE,FALSE,FALSE,FALSE,FALSE,FALSE,FALSE,FALSE,FALSE,FALSE,FALSE,FALSE,FALSE,FALSE,FALSE,FALSE,FALSE,FALSE,FALSE,FALSE,FALSE,FALSE,FALSE,FALSE,FALSE,FALSE,FALSE,FALSE,FALSE,FALSE,FALSE,FALSE,FALSE,FALSE,FALSE,FALSE,FALSE,3.887493,4.202304,2.047549,1.838368,1.304162,1.553213,1.586286,1.615452,1.364871,1.710875,2.014894,1.949494,1.743241,1.975531,2.678001,3.760858,3.904124,4.688996,7.483872,2.558663,2.509247,2.625279,2.10202,2.358658,2.200429,1.901356,1.979504,2.973715,3.615445,3.631556,3.939866,4.809179,6.884767,3.675816,3.600056,4.223833,4.889316,4.89266,4.987777,5.979852,7.964265,FALSE,FALSE,FALSE,FALSE,FALSE,FALSE,FALSE,FALSE,FALSE,FALSE,FALSE,FALSE,FALSE,FALSE,FALSE,FALSE,FALSE,FALSE,TRUE,FALSE,FALSE,FALSE,FALSE,FALSE,FALSE,FALSE,FALSE,FALSE,FALSE,FALSE,FALSE,FALSE,TRUE,FALSE,FALSE,FALSE,FALSE,FALSE,FALSE,FALSE,TRUE,-27.5,0,27.625,FALSE,FALSE,FALSE,1.16366,1.061101,1.193087,FALSE,FALSE,FALSE,0,0,0,FALSE,FALSE,FALSE,1.138504,FALSE,11.84,FALSE,24.38,FALSE
2025-07-07 09:47:25,350,12,85,199,309,274,164,170,177,230,286,233,271,226,175,180,239,308,377,670,385,345,452,278,239,482,490,568,436,265,478,513,616,436,300,358,329,244,202,485,403,FALSE,FALSE,FALSE,FALSE,FALSE,FALSE,FALSE,FALSE,FALSE,FALSE,FALSE,FALSE,FALSE,FALSE,FALSE,FALSE,FALSE,FALSE,FALSE,FALSE,FALSE,FALSE,FALSE,FALSE,FALSE,FALSE,FALSE,FALSE,FALSE,FALSE,FALSE,FALSE,FALSE,FALSE,FALSE,FALSE,FALSE,FALSE,FALSE,FALSE,FALSE,3.875501,4.293214,2.080016,1.915125,1.34795,1.625466,1.748958,1.814636,1.472492,1.937995,2.197195,2.199436,1.759114,2.564402,2.572824,2.34273,2.371642,3.021057,10.79811,2.592208,2.541508,2.68112,1.582588,2.44639,2.277168,2.029351,1.937775,2.180825,2.410612,2.17767,2.593934,3.334627,10.28366,5.353874,4.793822,3.577985,3.819208,3.835058,3.927608,4.969866,12.22649,FALSE,FALSE,FALSE,FALSE,FALSE,FALSE,FALSE,FALSE,FALSE,FALSE,FALSE,FALSE,FALSE,FALSE,FALSE,FALSE,FALSE,FALSE,TRUE,FALSE,FALSE,FALSE,FALSE,FALSE,FALSE,FALSE,FALSE,FALSE,FALSE,FALSE,FALSE,FALSE,TRUE,FALSE,FALSE,FALSE,FALSE,FALSE,FALSE,FALSE,TRUE,-27.3,0,27.625,FALSE,FALSE,FALSE,1.161022,1.051913,1.190036,FALSE,FALSE,FALSE,0,0,0,FALSE,FALSE,FALSE,1.127591,FALSE,13.23,FALSE,23.62,FALSE
2025-07-04 09:16:03,350,12,81,196,307,273,161,169,175,228,285,233,273,227,177,182,242,308,382,658,375,339,444,273,239,472,481,567,432,259,468,503,603,447,307,370,340,252,208,503,413,FALSE,FALSE,FALSE,FALSE,FALSE,FALSE,FALSE,FALSE,FALSE,FALSE,FALSE,FALSE,FALSE,FALSE,FALSE,FALSE,FALSE,FALSE,FALSE,FALSE,FALSE,FALSE,FALSE,FALSE,FALSE,FALSE,FALSE,FALSE,FALSE,FALSE,FALSE,FALSE,FALSE,FALSE,FALSE,FALSE,FALSE,FALSE,FALSE,FALSE,FALSE,5.499945,4.435583,3.423805,2.19509,1.714585,1.921939,1.971331,2.003372,1.722886,2.010637,2.200115,2.392136,2.136995,2.39669,2.588788,2.54506,2.482495,2.691543,6.490045,3.740025,3.68647,3.692426,2.929914,3.502123,3.356108,3.087251,2.873432,3.353865,3.282993,3.139581,3.261722,3.534477,6.739953,3.411798,3.231606,2.857968,2.883457,2.984627,2.964745,3.511718,7.713763,FALSE,FALSE,FALSE,FALSE,FALSE,FALSE,FALSE,FALSE,FALSE,FALSE,FALSE,FALSE,FALSE,FALSE,FALSE,FALSE,FALSE,FALSE,TRUE,FALSE,FALSE,FALSE,FALSE,FALSE,FALSE,FALSE,FALSE,FALSE,FALSE,FALSE,FALSE,FALSE,TRUE,FALSE,FALSE,FALSE,FALSE,FALSE,FALSE,FALSE,TRUE,-27.475,0,27.175,FALSE,FALSE,FALSE,1.171752,1.086849,1.2024,FALSE,FALSE,FALSE,0,0,0,FALSE,FALSE,FALSE,1.162025,FALSE,12.9,FALSE,26.5,FALSE
2025-07-03 08:46:05,350,12,84,198,307,274,161,169,176,229,286,232,273,230,175,179,238,300,337,668,382,347,450,279,242,484,498,569,432,262,470,500,554,456,310,357,327,243,200,472,360,FALSE,FALSE,FALSE,FALSE,FALSE,FALSE,FALSE,FALSE,FALSE,FALSE,FALSE,FALSE,FALSE,FALSE,FALSE,FALSE,FALSE,FALSE,FALSE,FALSE,FALSE,FALSE,FALSE,FALSE,FALSE,FALSE,FALSE,FALSE,FALSE,FALSE,FALSE,FALSE,FALSE,FALSE,FALSE,FALSE,FALSE,FALSE,FALSE,FALSE,FALSE,2.719373,4.01525,1.811607,1.628875,1.119225,1.375494,1.430199,1.405488,1.212242,1.474365,1.648069,1.645712,1.43887,1.835167,1.993958,1.83953,1.830218,1.83718,3.589955,2.274286,2.057211,2.115185,1.450268,1.953955,1.901161,1.630276,1.762899,1.807077,2.012684,1.692058,1.89245,2.107496,3.751511,3.189357,3.129042,2.846987,2.868657,2.942193,2.937728,3.12347,4.850327,FALSE,FALSE,FALSE,FALSE,FALSE,FALSE,FALSE,FALSE,FALSE,FALSE,FALSE,FALSE,FALSE,FALSE,FALSE,FALSE,FALSE,FALSE,FALSE,FALSE,FALSE,FALSE,FALSE,FALSE,FALSE,FALSE,FALSE,FALSE,FALSE,FALSE,FALSE,FALSE,FALSE,FALSE,FALSE,FALSE,FALSE,FALSE,FALSE,FALSE,FALSE,-27.55,0,27.775,FALSE,FALSE,FALSE,1.161667,1.057189,1.192015,FALSE,FALSE,FALSE,0,0,0,FALSE,FALSE,FALSE,1.135803,FALSE,8.73,FALSE,24,FALSE
2025-07-02 08:51:26,350,12,84,199,310,274,162,170,177,231,288,236,274,233,180,181,239,298,307,675,386,352,458,280,242,493,504,576,437,262,472,491,500,465,318,361,328,243,201,463,323,FALSE,FALSE,FALSE,FALSE,FALSE,FALSE,FALSE,FALSE,FALSE,FALSE,FALSE,FALSE,FALSE,FALSE,FALSE,FALSE,FALSE,FALSE,FALSE,FALSE,FALSE,FALSE,FALSE,FALSE,FALSE,FALSE,FALSE,FALSE,FALSE,FALSE,FALSE,FALSE,FALSE,FALSE,FALSE,FALSE,FALSE,FALSE,FALSE,FALSE,FALSE,2.690944,4.06262,1.892093,1.611449,1.148046,1.39173,1.448054,1.41886,1.239532,1.483862,1.63504,1.615581,1.409822,1.642317,1.80862,1.804993,1.7728,1.813125,2.818499,2.299251,2.051844,2.086864,1.392154,1.91925,1.855618,1.593946,1.73432,1.906138,2.064925,1.732564,1.971303,2.028492,2.495543,3.143327,3.019917,2.892864,2.919404,2.984205,2.965484,3.089391,3.409176,FALSE,FALSE,FALSE,FALSE,FALSE,FALSE,FALSE,FALSE,FALSE,FALSE,FALSE,FALSE,FALSE,FALSE,FALSE,FALSE,FALSE,FALSE,FALSE,FALSE,FALSE,FALSE,FALSE,FALSE,FALSE,FALSE,FALSE,FALSE,FALSE,FALSE,FALSE,FALSE,FALSE,FALSE,FALSE,FALSE,FALSE,FALSE,FALSE,FALSE,FALSE,-27.35,0,27.525,FALSE,FALSE,FALSE,1.16696,1.064642,1.198328,FALSE,FALSE,FALSE,0,0,0,FALSE,FALSE,FALSE,1.142733,FALSE,8.85,FALSE,24,FALSE
2025-07-01 08:42:25,350,12,83,197,308,273,162,169,176,231,287,231,270,230,176,180,239,302,328,668,378,342,443,273,238,475,487,558,427,259,466,493,535,484,322,369,337,249,207,480,357,FALSE,FALSE,FALSE,FALSE,FALSE,FALSE,FALSE,FALSE,FALSE,FALSE,FALSE,FALSE,FALSE,FALSE,FALSE,FALSE,FALSE,FALSE,FALSE,FALSE,FALSE,FALSE,FALSE,FALSE,FALSE,FALSE,FALSE,FALSE,FALSE,FALSE,FALSE,FALSE,FALSE,FALSE,FALSE,FALSE,FALSE,FALSE,FALSE,FALSE,FALSE,3.541163,3.989019,2.135301,1.689431,1.2951,1.47569,1.517269,1.536329,1.353398,1.648318,1.922993,2.003944,1.790786,2.393929,2.537074,2.06313,2.05615,2.321714,6.579383,2.637512,2.48963,2.629894,1.794565,2.489328,2.381187,2.182414,2.024766,2.332957,2.361294,2.143855,2.316186,2.711728,6.4191,4.573534,4.324741,2.883482,2.757209,2.80322,2.823365,3.288826,7.22768,FALSE,FALSE,FALSE,FALSE,FALSE,FALSE,FALSE,FALSE,FALSE,FALSE,FALSE,FALSE,FALSE,FALSE,FALSE,FALSE,FALSE,FALSE,TRUE,FALSE,FALSE,FALSE,FALSE,FALSE,FALSE,FALSE,FALSE,FALSE,FALSE,FALSE,FALSE,FALSE,TRUE,FALSE,FALSE,FALSE,FALSE,FALSE,FALSE,FALSE,TRUE,-27.45,0,27.4,FALSE,FALSE,FALSE,1.167338,1.077671,1.202851,FALSE,FALSE,FALSE,0,0,0,FALSE,FALSE,FALSE,1.155236,FALSE,9.06,FALSE,25.5,FALSE
2025-06-30 16:58:54,350,12,90,200,310,276,163,171,177,230,283,230,270,221,170,179,239,308,409,710,396,359,465,285,249,497,501,585,453,276,501,541,695,438,298,361,342,252,208,510,456,FALSE,FALSE,FALSE,FALSE,FALSE,FALSE,FALSE,FALSE,FALSE,FALSE,FALSE,FALSE,FALSE,FALSE,FALSE,FALSE,FALSE,FALSE,FALSE,FALSE,FALSE,FALSE,FALSE,FALSE,FALSE,FALSE,FALSE,FALSE,FALSE,FALSE,FALSE,FALSE,FALSE,FALSE,FALSE,FALSE,FALSE,FALSE,FALSE,FALSE,FALSE,2.067108,3.932727,2.558546,1.593671,1.087823,1.367595,1.511511,1.56858,1.3535,1.787136,2.260019,1.890393,1.511029,2.140082,1.948837,2.612641,2.882548,4.244614,11.4827,2.562274,2.447161,2.90145,2.533572,2.664684,2.403959,2.323454,2.233874,1.916157,2.507954,2.80296,3.376634,4.244747,10.4838,4.223443,3.587305,2.675811,3.461543,3.440896,3.493173,5.35052,12.72266,FALSE,FALSE,FALSE,FALSE,FALSE,FALSE,FALSE,FALSE,FALSE,FALSE,FALSE,FALSE,FALSE,FALSE,FALSE,FALSE,FALSE,FALSE,TRUE,FALSE,FALSE,FALSE,FALSE,FALSE,FALSE,FALSE,FALSE,FALSE,FALSE,FALSE,FALSE,FALSE,TRUE,FALSE,FALSE,FALSE,FALSE,FALSE,FALSE,FALSE,TRUE,-27.35,0,27.975,FALSE,FALSE,FALSE,1.153048,1.016727,1.16837,FALSE,FALSE,FALSE,0,0,0,FALSE,FALSE,FALSE,1.094518,FALSE,9.61,FALSE,22,FALSE
2025-06-27 10:54:25,350,12,84,198,309,272,162,169,177,231,287,232,273,228,176,180,239,304,357,674,384,349,453,278,241,487,490,573,437,261,471,505,586,444,305,360,332,246,204,482,391,FALSE,FALSE,FALSE,FALSE,FALSE,FALSE,FALSE,FALSE,FALSE,FALSE,FALSE,FALSE,FALSE,FALSE,FALSE,FALSE,FALSE,FALSE,FALSE,FALSE,FALSE,FALSE,FALSE,FALSE,FALSE,FALSE,FALSE,FALSE,FALSE,FALSE,FALSE,FALSE,FALSE,FALSE,FALSE,FALSE,FALSE,FALSE,FALSE,FALSE,FALSE,3.162622,3.938534,1.938955,1.624528,1.257267,1.431629,1.469267,1.459983,1.298097,1.518031,1.716117,1.814821,1.663226,1.984316,2.133828,1.973448,1.953904,2.086398,4.382859,2.527277,2.374782,2.366495,1.63651,2.214449,2.119108,1.884483,1.875057,2.095976,2.192894,1.918702,2.058517,2.354727,4.597286,3.458825,3.352929,2.964873,2.967321,3.061149,3.01635,3.27402,5.701388,FALSE,FALSE,FALSE,FALSE,FALSE,FALSE,FALSE,FALSE,FALSE,FALSE,FALSE,FALSE,FALSE,FALSE,FALSE,FALSE,FALSE,FALSE,FALSE,FALSE,FALSE,FALSE,FALSE,FALSE,FALSE,FALSE,FALSE,FALSE,FALSE,FALSE,FALSE,FALSE,FALSE,FALSE,FALSE,FALSE,FALSE,FALSE,FALSE,FALSE,FALSE,-27.3,0,27.45,FALSE,FALSE,FALSE,1.16973,1.061581,1.200843,FALSE,FALSE,FALSE,0,0,0,FALSE,FALSE,FALSE,1.140907,FALSE,8.97,FALSE,24.75,FALSE
2025-06-26 08:58:56,350,12,84,197,307,272,162,168,175,228,282,232,271,222,171,180,239,307,409,659,377,341,443,274,239,474,476,570,435,263,475,515,662,419,291,360,336,248,205,503,457,FALSE,FALSE,FALSE,FALSE,FALSE,FALSE,FALSE,FALSE,FALSE,FALSE,FALSE,FALSE,FALSE,FALSE,FALSE,FALSE,FALSE,FALSE,FALSE,FALSE,FALSE,FALSE,FALSE,FALSE,FALSE,FALSE,FALSE,FALSE,FALSE,FALSE,FALSE,FALSE,FALSE,FALSE,FALSE,FALSE,FALSE,FALSE,FALSE,FALSE,FALSE,3.359588,4.109116,2.046138,1.666716,1.255979,1.465948,1.531641,1.525611,1.36279,1.621819,1.871505,1.865517,1.588099,2.060612,1.953732,2.297245,2.345777,3.057346,8.640454,2.576177,2.45496,2.574267,1.770759,2.402309,2.259331,1.976344,1.916533,2.264964,2.623622,2.624111,2.887737,3.573106,8.333048,3.699884,3.479097,3.169486,3.533046,3.586084,3.629039,4.673084,10.09347,FALSE,FALSE,FALSE,FALSE,FALSE,FALSE,FALSE,FALSE,FALSE,FALSE,FALSE,FALSE,FALSE,FALSE,FALSE,FALSE,FALSE,FALSE,TRUE,FALSE,FALSE,FALSE,FALSE,FALSE,FALSE,FALSE,FALSE,FALSE,FALSE,FALSE,FALSE,FALSE,TRUE,FALSE,FALSE,FALSE,FALSE,FALSE,FALSE,FALSE,TRUE,-27.275,0,27.3,FALSE,FALSE,FALSE,1.170689,1.066931,1.203076,FALSE,FALSE,FALSE,0,0,0,FALSE,FALSE,FALSE,1.145632,FALSE,8.63,FALSE,24.88,FALSE
2025-06-25 08:57:28,350,12,85,198,309,273,163,170,177,231,287,235,274,231,177,179,237,296,308,675,385,351,460,282,246,494,505,581,438,264,475,495,517,450,309,353,324,239,198,459,330,FALSE,FALSE,FALSE,FALSE,FALSE,FALSE,FALSE,FALSE,FALSE,FALSE,FALSE,FALSE,FALSE,FALSE,FALSE,FALSE,FALSE,FALSE,FALSE,FALSE,FALSE,FALSE,FALSE,FALSE,FALSE,FALSE,FALSE,FALSE,FALSE,FALSE,FALSE,FALSE,FALSE,FALSE,FALSE,FALSE,FALSE,FALSE,FALSE,FALSE,FALSE,2.793865,3.981363,1.981446,1.58968,1.063023,1.402034,1.43796,1.427622,1.206414,1.510048,1.626141,1.595887,1.34035,1.579955,1.702856,1.725062,1.650649,1.701066,2.814975,2.275507,2.037458,2.098178,1.370607,1.937733,1.870902,1.567836,1.704538,1.863534,2.092007,1.729513,1.924004,2.000495,2.485887,3.113621,3.037208,2.850962,2.911101,2.99821,2.949674,3.163063,3.59226,FALSE,FALSE,FALSE,FALSE,FALSE,FALSE,FALSE,FALSE,FALSE,FALSE,FALSE,FALSE,FALSE,FALSE,FALSE,FALSE,FALSE,FALSE,FALSE,FALSE,FALSE,FALSE,FALSE,FALSE,FALSE,FALSE,FALSE,FALSE,FALSE,FALSE,FALSE,FALSE,FALSE,FALSE,FALSE,FALSE,FALSE,FALSE,FALSE,FALSE,FALSE,-27.25,0,27.5,FALSE,FALSE,FALSE,1.164764,1.054048,1.192695,FALSE,FALSE,FALSE,0,0,0,FALSE,FALSE,FALSE,1.130003,FALSE,9.84,FALSE,23.62,FALSE
2025-06-24 09:56:33,350,12,84,199,308,275,163,170,177,231,290,233,274,237,181,182,241,300,293,678,384,352,455,279,242,496,508,581,441,265,477,493,481,494,331,369,329,247,203,462,308,FALSE,FALSE,FALSE,FALSE,FALSE,FALSE,FALSE,FALSE,FALSE,FALSE,FALSE,FALSE,FALSE,FALSE,FALSE,FALSE,FALSE,FALSE,FALSE,FALSE,FALSE,FALSE,FALSE,FALSE,FALSE,FALSE,FALSE,FALSE,FALSE,FALSE,FALSE,FALSE,FALSE,FALSE,FALSE,FALSE,FALSE,FALSE,FALSE,FALSE,FALSE,3.550423,4.157817,1.958776,1.71252,1.222664,1.501092,1.556757,1.555458,1.303289,1.616216,1.742485,1.813088,1.554248,1.715821,1.860375,1.903309,1.842128,1.89227,2.617513,2.45171,2.259618,2.283219,1.512414,2.091942,2.027749,1.708043,1.84612,2.047943,2.198481,1.847708,2.042762,2.152064,2.233361,3.362794,3.293189,3.197286,3.250694,3.345064,3.367402,3.450239,3.395474,FALSE,FALSE,FALSE,FALSE,FALSE,FALSE,FALSE,FALSE,FALSE,FALSE,FALSE,FALSE,FALSE,FALSE,FALSE,FALSE,FALSE,FALSE,FALSE,FALSE,FALSE,FALSE,FALSE,FALSE,FALSE,FALSE,FALSE,FALSE,FALSE,FALSE,FALSE,FALSE,FALSE,FALSE,FALSE,FALSE,FALSE,FALSE,FALSE,FALSE,FALSE,-27.35,0,27.475,FALSE,FALSE,FALSE,1.16885,1.06907,1.201448,FALSE,FALSE,FALSE,0,0,0,FALSE,FALSE,FALSE,1.145112,FALSE,10.39,FALSE,24.38,FALSE
2025-06-23 08:53:19,350,12,86,199,309,276,163,171,178,233,289,236,276,233,180,181,240,302,320,683,390,357,459,284,247,496,508,579,442,266,480,504,529,471,319,358,326,243,200,465,338,FALSE,FALSE,FALSE,FALSE,FALSE,FALSE,FALSE,FALSE,FALSE,FALSE,FALSE,FALSE,FALSE,FALSE,FALSE,FALSE,FALSE,FALSE,FALSE,FALSE,FALSE,FALSE,FALSE,FALSE,FALSE,FALSE,FALSE,FALSE,FALSE,FALSE,FALSE,FALSE,FALSE,FALSE,FALSE,FALSE,FALSE,FALSE,FALSE,FALSE,FALSE,2.925718,4.003332,1.957167,1.630856,1.124994,1.412536,1.460828,1.474032,1.225857,1.512087,1.652857,1.669897,1.460498,1.798468,2.040153,1.91361,1.873785,1.89246,4.372204,2.209992,1.972633,2.020996,1.323223,1.840401,1.768333,1.47521,1.68785,1.753963,1.962833,1.566177,1.849731,1.998249,4.452658,3.218121,3.140366,2.891378,2.936136,3.020251,3.015666,3.169232,5.402992,FALSE,FALSE,FALSE,FALSE,FALSE,FALSE,FALSE,FALSE,FALSE,FALSE,FALSE,FALSE,FALSE,FALSE,FALSE,FALSE,FALSE,FALSE,FALSE,FALSE,FALSE,FALSE,FALSE,FALSE,FALSE,FALSE,FALSE,FALSE,FALSE,FALSE,FALSE,FALSE,FALSE,FALSE,FALSE,FALSE,FALSE,FALSE,FALSE,FALSE,FALSE,-27.125,0,27.475,FALSE,FALSE,FALSE,1.162854,1.050367,1.191006,FALSE,FALSE,FALSE,0,0,0,FALSE,FALSE,FALSE,1.126113,FALSE,9.73,FALSE,23.5,FALSE
2025-06-20 09:10:43,350,12,83,198,309,273,162,170,177,230,287,233,274,228,175,181,241,307,358,667,376,343,445,274,239,478,485,565,433,261,470,504,578,444,305,360,335,248,205,488,389,FALSE,FALSE,FALSE,FALSE,FALSE,FALSE,FALSE,FALSE,FALSE,FALSE,FALSE,FALSE,FALSE,FALSE,FALSE,FALSE,FALSE,FALSE,FALSE,FALSE,FALSE,FALSE,FALSE,FALSE,FALSE,FALSE,FALSE,FALSE,FALSE,FALSE,FALSE,FALSE,FALSE,FALSE,FALSE,FALSE,FALSE,FALSE,FALSE,FALSE,FALSE,4.260616,4.183765,2.270172,1.858157,1.394024,1.636955,1.680274,1.706985,1.464638,1.761695,1.965134,1.980558,1.732061,2.332515,2.383738,2.22771,2.229344,2.634557,7.782964,2.714178,2.604808,2.667031,1.946004,2.451361,2.343359,2.150006,2.194028,2.292115,2.513926,2.288583,2.48749,3.146744,7.828798,4.513326,4.291774,3.34902,3.515359,3.579625,3.59966,4.455266,9.333637,FALSE,FALSE,FALSE,FALSE,FALSE,FALSE,FALSE,FALSE,FALSE,FALSE,FALSE,FALSE,FALSE,FALSE,FALSE,FALSE,FALSE,FALSE,TRUE,FALSE,FALSE,FALSE,FALSE,FALSE,FALSE,FALSE,FALSE,FALSE,FALSE,FALSE,FALSE,FALSE,TRUE,FALSE,FALSE,FALSE,FALSE,FALSE,FALSE,FALSE,TRUE,-27.4,0,27.1,FALSE,FALSE,FALSE,1.169307,1.070298,1.203551,FALSE,FALSE,FALSE,0,0,0,FALSE,FALSE,FALSE,1.146947,FALSE,10.79,FALSE,24.75,FALSE
2025-06-19 09:08:25,350,12,85,198,307,275,162,169,176,231,289,236,276,234,181,183,242,301,302,674,385,353,460,282,246,494,514,589,440,267,482,501,500,477,324,364,329,245,202,461,317,FALSE,FALSE,FALSE,FALSE,FALSE,FALSE,FALSE,FALSE,FALSE,FALSE,FALSE,FALSE,FALSE,FALSE,FALSE,FALSE,FALSE,FALSE,FALSE,FALSE,FALSE,FALSE,FALSE,FALSE,FALSE,FALSE,FALSE,FALSE,FALSE,FALSE,FALSE,FALSE,FALSE,FALSE,FALSE,FALSE,FALSE,FALSE,FALSE,FALSE,FALSE,3.257405,4.068239,1.873459,1.653554,1.17401,1.393804,1.46666,1.465108,1.263799,1.545573,1.673347,1.718499,1.477626,1.782032,1.982582,1.87579,1.829422,1.901227,5.11753,2.390638,2.191098,2.227389,1.471771,2.07972,2.021121,1.739848,1.768241,2.047595,2.157843,1.785589,1.974181,2.134153,4.738618,3.630893,3.462219,3.183794,3.152153,3.266644,3.242426,3.280885,5.661222,FALSE,FALSE,FALSE,FALSE,FALSE,FALSE,FALSE,FALSE,FALSE,FALSE,FALSE,FALSE,FALSE,FALSE,FALSE,FALSE,FALSE,FALSE,FALSE,FALSE,FALSE,FALSE,FALSE,FALSE,FALSE,FALSE,FALSE,FALSE,FALSE,FALSE,FALSE,FALSE,FALSE,FALSE,FALSE,FALSE,FALSE,FALSE,FALSE,FALSE,FALSE,-27.45,0,27.6,FALSE,FALSE,FALSE,1.164356,1.053088,1.193923,FALSE,FALSE,FALSE,0,0,0,FALSE,FALSE,FALSE,1.130334,FALSE,8.91,FALSE,24.12,FALSE
2025-06-18 08:47:29,350,12,89,199,309,277,164,171,179,233,291,237,274,234,180,181,240,304,316,699,398,360,473,287,253,506,519,592,450,273,491,512,533,461,324,362,331,244,202,460,336,FALSE,FALSE,FALSE,FALSE,FALSE,FALSE,FALSE,FALSE,FALSE,FALSE,FALSE,FALSE,FALSE,FALSE,FALSE,FALSE,FALSE,FALSE,FALSE,FALSE,FALSE,FALSE,FALSE,FALSE,FALSE,FALSE,FALSE,FALSE,FALSE,FALSE,FALSE,FALSE,FALSE,FALSE,FALSE,FALSE,FALSE,FALSE,FALSE,FALSE,FALSE,2.773819,3.993126,1.853754,1.504131,1.054392,1.290064,1.355713,1.350497,1.151182,1.380651,1.560983,1.545958,1.346072,1.652307,1.841043,1.762028,1.740876,1.781132,3.809691,2.264288,2.00229,2.018496,1.357317,1.875778,1.843298,1.547585,1.706057,1.824229,1.982891,1.650509,1.929017,2.025135,3.933362,3.055193,2.968076,2.83621,2.863745,2.958153,2.929964,3.113829,4.998602,FALSE,FALSE,FALSE,FALSE,FALSE,FALSE,FALSE,FALSE,FALSE,FALSE,FALSE,FALSE,FALSE,FALSE,FALSE,FALSE,FALSE,FALSE,FALSE,FALSE,FALSE,FALSE,FALSE,FALSE,FALSE,FALSE,FALSE,FALSE,FALSE,FALSE,FALSE,FALSE,FALSE,FALSE,FALSE,FALSE,FALSE,FALSE,FALSE,FALSE,FALSE,-27.275,0,27.525,FALSE,FALSE,FALSE,1.163457,1.04857,1.190886,FALSE,FALSE,FALSE,0,0,0,FALSE,FALSE,FALSE,1.125565,FALSE,9.11,FALSE,23.88,FALSE
2025-06-17 08:37:44,350,12,89,199,309,277,164,171,179,233,291,237,274,234,180,181,240,304,316,699,398,360,473,287,253,506,519,592,450,273,491,512,533,461,324,362,331,244,202,460,336,FALSE,FALSE,FALSE,FALSE,FALSE,FALSE,FALSE,FALSE,FALSE,FALSE,FALSE,FALSE,FALSE,FALSE,FALSE,FALSE,FALSE,FALSE,FALSE,FALSE,FALSE,FALSE,FALSE,FALSE,FALSE,FALSE,FALSE,FALSE,FALSE,FALSE,FALSE,FALSE,FALSE,FALSE,FALSE,FALSE,FALSE,FALSE,FALSE,FALSE,FALSE,2.886047,4.07759,1.846876,1.604486,1.129071,1.39417,1.429134,1.421188,1.223735,1.482073,1.700575,1.726429,1.506448,2.021558,2.206572,1.857558,1.79848,1.944248,5.483685,2.302912,2.057133,2.188399,1.460509,2.038152,1.966307,1.782043,1.935081,2.000085,2.123069,1.742652,1.926833,2.351518,4.895317,4.217549,4.066185,3.13058,3.097274,3.213227,3.18161,3.478776,5.968065,FALSE,FALSE,FALSE,FALSE,FALSE,FALSE,FALSE,FALSE,FALSE,FALSE,FALSE,FALSE,FALSE,FALSE,FALSE,FALSE,FALSE,FALSE,FALSE,FALSE,FALSE,FALSE,FALSE,FALSE,FALSE,FALSE,FALSE,FALSE,FALSE,FALSE,FALSE,FALSE,FALSE,FALSE,FALSE,FALSE,FALSE,FALSE,FALSE,FALSE,FALSE,-27.25,0,27.425,FALSE,FALSE,FALSE,1.168058,1.063564,1.199036,FALSE,FALSE,FALSE,0,0,0,FALSE,FALSE,FALSE,1.140784,FALSE,8.98,FALSE,24.12,FALSE
2025-06-16 08:49:04,350,12,89,199,309,277,164,171,179,233,291,237,274,234,180,181,240,304,316,699,398,360,473,287,253,506,519,592,450,273,491,512,533,461,324,362,331,244,202,460,336,FALSE,FALSE,FALSE,FALSE,FALSE,FALSE,FALSE,FALSE,FALSE,FALSE,FALSE,FALSE,FALSE,FALSE,FALSE,FALSE,FALSE,FALSE,FALSE,FALSE,FALSE,FALSE,FALSE,FALSE,FALSE,FALSE,FALSE,FALSE,FALSE,FALSE,FALSE,FALSE,FALSE,FALSE,FALSE,FALSE,FALSE,FALSE,FALSE,FALSE,FALSE,2.072319,3.98853,2.272341,1.530762,1.005189,1.329857,1.401993,1.402762,1.171891,1.491907,1.666899,1.61125,1.341264,1.840087,2.021354,1.772348,1.688946,1.8791,5.68111,2.181114,1.942098,2.07903,1.480121,1.980485,1.912837,1.709268,1.850154,1.823525,1.903913,1.568496,1.943274,2.014893,5.437359,3.378747,3.13276,2.306257,2.260042,2.385458,2.245834,2.528105,6.344933,FALSE,FALSE,FALSE,FALSE,FALSE,FALSE,FALSE,FALSE,FALSE,FALSE,FALSE,FALSE,FALSE,FALSE,FALSE,FALSE,FALSE,FALSE,FALSE,FALSE,FALSE,FALSE,FALSE,FALSE,FALSE,FALSE,FALSE,FALSE,FALSE,FALSE,FALSE,FALSE,FALSE,FALSE,FALSE,FALSE,FALSE,FALSE,FALSE,FALSE,TRUE,-27.35,0,27.75,FALSE,FALSE,FALSE,1.159167,1.036307,1.180626,FALSE,FALSE,FALSE,0,0,0,FALSE,FALSE,FALSE,1.112925,FALSE,8.98,FALSE,22.88,FALSE
2025-06-13 08:38:18,350,12,88,200,312,277,163,169,176,226,277,225,263,215,170,190,254,344,563,672,378,336,437,266,235,472,476,588,462,284,518,588,911,400,279,373,366,269,224,572,647,FALSE,FALSE,FALSE,FALSE,FALSE,FALSE,FALSE,FALSE,FALSE,FALSE,FALSE,FALSE,FALSE,FALSE,FALSE,FALSE,FALSE,FALSE,FALSE,FALSE,FALSE,FALSE,FALSE,FALSE,FALSE,FALSE,FALSE,FALSE,FALSE,FALSE,FALSE,FALSE,FALSE,FALSE,FALSE,FALSE,FALSE,FALSE,FALSE,FALSE,FALSE,2.564779,3.960129,2.011578,1.535364,1.018888,1.341536,1.404171,1.422207,1.244512,1.624462,1.985394,1.570087,1.359226,1.763604,3.032082,4.557834,4.775146,5.911641,9.259782,2.376298,2.280522,2.580062,2.127215,2.167175,1.870095,1.537804,2.061986,2.961498,3.897256,4.138177,4.784882,5.434841,8.228106,2.962138,3.231709,4.58986,5.461233,5.435046,5.576141,6.798118,9.723492,FALSE,FALSE,FALSE,FALSE,FALSE,FALSE,FALSE,FALSE,FALSE,FALSE,FALSE,FALSE,FALSE,FALSE,FALSE,FALSE,FALSE,FALSE,TRUE,FALSE,FALSE,FALSE,FALSE,FALSE,FALSE,FALSE,FALSE,FALSE,FALSE,FALSE,FALSE,FALSE,TRUE,FALSE,FALSE,FALSE,FALSE,FALSE,FALSE,TRUE,TRUE,-27.25,0,27.65,FALSE,FALSE,FALSE,1.162512,1.039469,1.183206,FALSE,FALSE,FALSE,0,0,0,FALSE,FALSE,FALSE,1.116542,FALSE,8.86,FALSE,23.25,FALSE
2025-06-12 08:57:08,350,12,88,199,309,274,163,171,177,232,292,237,275,235,181,182,242,300,292,695,399,363,474,289,253,510,529,594,453,272,494,508,502,479,330,367,332,246,203,460,313,FALSE,FALSE,FALSE,FALSE,FALSE,FALSE,FALSE,FALSE,FALSE,FALSE,FALSE,FALSE,FALSE,FALSE,FALSE,FALSE,FALSE,FALSE,FALSE,FALSE,FALSE,FALSE,FALSE,FALSE,FALSE,FALSE,FALSE,FALSE,FALSE,FALSE,FALSE,FALSE,FALSE,FALSE,FALSE,FALSE,FALSE,FALSE,FALSE,FALSE,FALSE,2.2529,3.968663,2.157696,1.486065,0.986367,1.278553,1.358531,1.351495,1.141824,1.400503,1.537947,1.466296,1.227449,1.467909,1.554473,1.588174,1.542762,1.595614,2.351989,2.12044,1.849055,1.914309,1.35012,1.792274,1.756552,1.492875,1.699151,1.732304,1.953776,1.624657,1.904116,1.885069,1.897376,2.74226,2.459007,2.248638,2.296218,2.425107,2.286754,2.50947,2.688323,FALSE,FALSE,FALSE,FALSE,FALSE,FALSE,FALSE,FALSE,FALSE,FALSE,FALSE,FALSE,FALSE,FALSE,FALSE,FALSE,FALSE,FALSE,FALSE,FALSE,FALSE,FALSE,FALSE,FALSE,FALSE,FALSE,FALSE,FALSE,FALSE,FALSE,FALSE,FALSE,FALSE,FALSE,FALSE,FALSE,FALSE,FALSE,FALSE,FALSE,FALSE,-27.2,0,27.675,FALSE,FALSE,FALSE,1.164297,1.034882,1.185847,FALSE,FALSE,FALSE,0,0,0,FALSE,FALSE,FALSE,1.111037,FALSE,9.05,FALSE,22.88,FALSE
2025-06-11 08:57:39,350,12,88,199,309,274,163,171,177,232,292,237,275,235,181,182,242,300,292,695,399,363,474,289,253,510,529,594,453,272,494,508,502,479,330,367,332,246,203,460,313,FALSE,FALSE,FALSE,FALSE,FALSE,FALSE,FALSE,FALSE,FALSE,FALSE,FALSE,FALSE,FALSE,FALSE,FALSE,FALSE,FALSE,FALSE,FALSE,FALSE,FALSE,FALSE,FALSE,FALSE,FALSE,FALSE,FALSE,FALSE,FALSE,FALSE,FALSE,FALSE,FALSE,FALSE,FALSE,FALSE,FALSE,FALSE,FALSE,FALSE,FALSE,2.255679,4.044811,2.13469,1.477289,0.9945295,1.283474,1.340593,1.325241,1.159621,1.392524,1.504293,1.460658,1.227695,1.41409,1.527096,1.544895,1.494241,1.556362,2.375751,2.144617,1.92702,1.950223,1.319271,1.820524,1.765633,1.458884,1.721582,1.773446,1.958236,1.633393,1.88925,1.901203,1.957488,2.624009,2.526905,2.392693,2.417339,2.537556,2.450487,2.677266,2.855422,FALSE,FALSE,FALSE,FALSE,FALSE,FALSE,FALSE,FALSE,FALSE,FALSE,FALSE,FALSE,FALSE,FALSE,FALSE,FALSE,FALSE,FALSE,FALSE,FALSE,FALSE,FALSE,FALSE,FALSE,FALSE,FALSE,FALSE,FALSE,FALSE,FALSE,FALSE,FALSE,FALSE,FALSE,FALSE,FALSE,FALSE,FALSE,FALSE,FALSE,FALSE,-27.125,0,27.525,FALSE,FALSE,FALSE,1.167205,1.047747,1.19159,FALSE,FALSE,FALSE,0,0,0,FALSE,FALSE,FALSE,1.124513,FALSE,9.48,FALSE,23.12,FALSE
2025-06-10 08:55:28,350,12,88,199,309,274,163,171,177,232,292,237,275,235,181,182,242,300,292,695,399,363,474,289,253,510,529,594,453,272,494,508,502,479,330,367,332,246,203,460,313,FALSE,FALSE,FALSE,FALSE,FALSE,FALSE,FALSE,FALSE,FALSE,FALSE,FALSE,FALSE,FALSE,FALSE,FALSE,FALSE,FALSE,FALSE,FALSE,FALSE,FALSE,FALSE,FALSE,FALSE,FALSE,FALSE,FALSE,FALSE,FALSE,FALSE,FALSE,FALSE,FALSE,FALSE,FALSE,FALSE,FALSE,FALSE,FALSE,FALSE,FALSE,2.06949,3.880595,2.465903,1.50154,0.9906362,1.291351,1.360666,1.362416,1.157929,1.423559,1.550619,1.494247,1.249341,1.495552,1.611565,1.635268,1.570779,1.622892,2.474421,2.125441,1.92971,1.98636,1.412515,1.875395,1.827507,1.53583,1.765136,1.783689,1.967062,1.628084,1.888317,1.93789,2.02942,2.764121,2.542592,2.312166,2.334932,2.499476,2.316339,2.55149,2.795664,FALSE,FALSE,FALSE,FALSE,FALSE,FALSE,FALSE,FALSE,FALSE,FALSE,FALSE,FALSE,FALSE,FALSE,FALSE,FALSE,FALSE,FALSE,FALSE,FALSE,FALSE,FALSE,FALSE,FALSE,FALSE,FALSE,FALSE,FALSE,FALSE,FALSE,FALSE,FALSE,FALSE,FALSE,FALSE,FALSE,FALSE,FALSE,FALSE,FALSE,FALSE,-27.15,0,27.675,FALSE,FALSE,FALSE,1.164919,1.041149,1.18613,FALSE,FALSE,FALSE,0,0,0,FALSE,FALSE,FALSE,1.116939,FALSE,9.11,FALSE,22.62,FALSE
2025-06-06 08:39:36,350,12,83,197,309,272,162,169,179,231,289,233,272,236,180,182,241,300,296,664,382,346,453,278,241,486,508,574,434,262,471,488,481,495,334,368,332,246,204,463,313,FALSE,FALSE,FALSE,FALSE,FALSE,FALSE,FALSE,FALSE,FALSE,FALSE,FALSE,FALSE,FALSE,FALSE,FALSE,FALSE,FALSE,FALSE,FALSE,FALSE,FALSE,FALSE,FALSE,FALSE,FALSE,FALSE,FALSE,FALSE,FALSE,FALSE,FALSE,FALSE,FALSE,FALSE,FALSE,FALSE,FALSE,FALSE,FALSE,FALSE,FALSE,2.33618,4.034618,2.031585,1.550819,0.9745205,1.348951,1.419405,1.42865,1.184119,1.46967,1.549296,1.489584,1.207112,1.402436,1.545652,1.565278,1.497593,1.535748,2.580574,2.149974,1.895542,2.007596,1.279611,1.821536,1.769365,1.4553,1.63946,1.749475,1.951969,1.615635,1.858538,1.897378,2.297971,2.814985,2.664642,2.552837,2.57268,2.692636,2.644035,2.851428,3.327429,FALSE,FALSE,FALSE,FALSE,FALSE,FALSE,FALSE,FALSE,FALSE,FALSE,FALSE,FALSE,FALSE,FALSE,FALSE,FALSE,FALSE,FALSE,FALSE,FALSE,FALSE,FALSE,FALSE,FALSE,FALSE,FALSE,FALSE,FALSE,FALSE,FALSE,FALSE,FALSE,FALSE,FALSE,FALSE,FALSE,FALSE,FALSE,FALSE,FALSE,FALSE,-27.35,0,27.65,FALSE,FALSE,FALSE,1.16328,1.055726,1.188818,FALSE,FALSE,FALSE,0,0,0,FALSE,FALSE,FALSE,1.133079,FALSE,9.62,FALSE,23.75,FALSE
2025-06-05 08:38:44,350,12,83,197,309,272,162,169,179,231,289,233,272,236,180,182,241,300,296,664,382,346,453,278,241,486,508,574,434,262,471,488,481,495,334,368,332,246,204,463,313,FALSE,FALSE,FALSE,FALSE,FALSE,FALSE,FALSE,FALSE,FALSE,FALSE,FALSE,FALSE,FALSE,FALSE,FALSE,FALSE,FALSE,FALSE,FALSE,FALSE,FALSE,FALSE,FALSE,FALSE,FALSE,FALSE,FALSE,FALSE,FALSE,FALSE,FALSE,FALSE,FALSE,FALSE,FALSE,FALSE,FALSE,FALSE,FALSE,FALSE,FALSE,2.922322,4.016972,1.830242,1.52383,1.021761,1.347585,1.38617,1.383747,1.163718,1.419355,1.501043,1.497986,1.261398,1.383585,1.477266,1.548074,1.505142,1.618775,2.856521,2.237081,2.040857,2.074297,1.36762,1.919138,1.87606,1.519905,1.696468,1.809852,1.982669,1.665944,1.893526,1.997345,2.603083,2.909602,2.830557,2.91055,2.99164,3.11104,3.106407,3.383119,3.762496,FALSE,FALSE,FALSE,FALSE,FALSE,FALSE,FALSE,FALSE,FALSE,FALSE,FALSE,FALSE,FALSE,FALSE,FALSE,FALSE,FALSE,FALSE,FALSE,FALSE,FALSE,FALSE,FALSE,FALSE,FALSE,FALSE,FALSE,FALSE,FALSE,FALSE,FALSE,FALSE,FALSE,FALSE,FALSE,FALSE,FALSE,FALSE,FALSE,FALSE,FALSE,-27.325,0,27.475,FALSE,FALSE,FALSE,1.167717,1.072495,1.199694,FALSE,FALSE,FALSE,0,0,0,FALSE,FALSE,FALSE,1.149013,FALSE,9.36,FALSE,24.5,FALSE
2025-06-04 14:41:28,370,12,81,194,304,269,160,167,173,227,283,234,272,234,181,184,243,303,310,664,378,351,453,280,245,497,504,579,441,265,475,498,504,508,343,388,350,261,215,493,337,FALSE,FALSE,FALSE,FALSE,FALSE,FALSE,FALSE,FALSE,FALSE,FALSE,FALSE,FALSE,FALSE,FALSE,FALSE,FALSE,FALSE,FALSE,FALSE,FALSE,FALSE,FALSE,FALSE,FALSE,FALSE,FALSE,FALSE,FALSE,FALSE,FALSE,FALSE,FALSE,FALSE,FALSE,FALSE,FALSE,FALSE,FALSE,FALSE,FALSE,FALSE,3.078932,4.167748,3.059095,1.531724,1.133146,1.383016,1.381686,1.409019,1.29693,1.391064,1.431543,1.607996,1.359149,1.413184,1.590378,1.639725,1.592484,1.682835,3.114945,3.269938,3.125113,3.150499,2.638299,3.028947,2.925295,2.700966,2.620934,2.863359,2.857783,2.699889,2.702453,2.895189,3.589324,2.050663,2.189607,2.072464,2.141521,2.243877,2.250119,2.530895,3.406515,FALSE,FALSE,FALSE,FALSE,FALSE,FALSE,FALSE,FALSE,FALSE,FALSE,FALSE,FALSE,FALSE,FALSE,FALSE,FALSE,FALSE,FALSE,FALSE,FALSE,FALSE,FALSE,FALSE,FALSE,FALSE,FALSE,FALSE,FALSE,FALSE,FALSE,FALSE,FALSE,FALSE,FALSE,FALSE,FALSE,FALSE,FALSE,FALSE,FALSE,FALSE,-27.35,0,26.725,FALSE,FALSE,FALSE,1.177238,1.082717,1.208948,FALSE,FALSE,FALSE,0,0,0,FALSE,FALSE,FALSE,1.142517,FALSE,8.36,FALSE,29.25,FALSE
2025-06-04 11:52:09,370,12,81,194,304,269,160,167,173,227,283,234,272,234,181,184,243,303,310,664,378,351,453,280,245,497,504,579,441,265,475,498,504,508,343,388,350,261,215,493,337,FALSE,FALSE,FALSE,FALSE,FALSE,FALSE,FALSE,FALSE,FALSE,FALSE,FALSE,FALSE,FALSE,FALSE,FALSE,FALSE,FALSE,FALSE,FALSE,FALSE,FALSE,FALSE,FALSE,FALSE,FALSE,FALSE,FALSE,FALSE,FALSE,FALSE,FALSE,FALSE,FALSE,FALSE,FALSE,FALSE,FALSE,FALSE,FALSE,FALSE,FALSE,3.258225,4.082157,2.940481,1.582604,1.170619,1.396978,1.427083,1.443076,1.297054,1.434102,1.454715,1.630453,1.398812,1.462546,1.62066,1.684445,1.649839,1.750585,3.643437,3.177458,3.059579,2.967884,2.431197,2.861248,2.738524,2.513631,2.460613,2.696024,2.718808,2.573936,2.554029,2.817296,4.031722,2.147091,2.256511,2.130898,2.24803,2.358823,2.371649,2.754196,4.301949,FALSE,FALSE,FALSE,FALSE,FALSE,FALSE,FALSE,FALSE,FALSE,FALSE,FALSE,FALSE,FALSE,FALSE,FALSE,FALSE,FALSE,FALSE,FALSE,FALSE,FALSE,FALSE,FALSE,FALSE,FALSE,FALSE,FALSE,FALSE,FALSE,FALSE,FALSE,FALSE,FALSE,FALSE,FALSE,FALSE,FALSE,FALSE,FALSE,FALSE,FALSE,-27.425,0,26.9,FALSE,FALSE,FALSE,1.177069,1.087639,1.209471,FALSE,FALSE,FALSE,0,0,0,FALSE,FALSE,FALSE,1.1516,FALSE,8.84,FALSE,28.62,FALSE
2025-06-04 08:50:21,370,12,85,198,310,275,163,170,178,231,290,235,272,230,178,180,239,300,324,681,389,353,459,281,244,496,508,573,440,265,479,501,535,465,319,360,331,244,202,466,346,FALSE,FALSE,FALSE,FALSE,FALSE,FALSE,FALSE,FALSE,FALSE,FALSE,FALSE,FALSE,FALSE,FALSE,FALSE,FALSE,FALSE,FALSE,FALSE,FALSE,FALSE,FALSE,FALSE,FALSE,FALSE,FALSE,FALSE,FALSE,FALSE,FALSE,FALSE,FALSE,FALSE,FALSE,FALSE,FALSE,FALSE,FALSE,FALSE,FALSE,FALSE,2.462914,4.071488,2.082356,1.514022,0.9558461,1.326851,1.373231,1.38353,1.157065,1.396129,1.449541,1.344678,1.091384,1.442121,1.675965,1.526492,1.494765,1.606606,5.1815,2.159345,1.906932,1.920777,1.35709,1.78184,1.741612,1.429719,1.782648,1.696425,1.925683,1.530992,1.876046,2.151164,5.266071,2.489894,2.564501,2.446719,2.61954,2.713372,2.663381,3.14719,6.286837,FALSE,FALSE,FALSE,FALSE,FALSE,FALSE,FALSE,FALSE,FALSE,FALSE,FALSE,FALSE,FALSE,FALSE,FALSE,FALSE,FALSE,FALSE,FALSE,FALSE,FALSE,FALSE,FALSE,FALSE,FALSE,FALSE,FALSE,FALSE,FALSE,FALSE,FALSE,FALSE,FALSE,FALSE,FALSE,FALSE,FALSE,FALSE,FALSE,FALSE,TRUE,-27.175,0,27.525,FALSE,FALSE,FALSE,1.164451,1.062824,1.191422,FALSE,FALSE,FALSE,0,0,0,FALSE,FALSE,FALSE,1.139607,FALSE,9.1,FALSE,23.75,FALSE
2025-06-03 13:56:40,370,12,80,195,305,271,160,166,174,227,281,229,269,229,176,181,240,302,337,668,378,349,453,276,240,489,495,573,434,262,470,497,556,506,335,386,351,260,213,503,381,FALSE,FALSE,FALSE,FALSE,FALSE,FALSE,FALSE,FALSE,FALSE,FALSE,FALSE,FALSE,FALSE,FALSE,FALSE,FALSE,FALSE,FALSE,FALSE,FALSE,FALSE,FALSE,FALSE,FALSE,FALSE,FALSE,FALSE,FALSE,FALSE,FALSE,FALSE,FALSE,FALSE,FALSE,FALSE,FALSE,FALSE,FALSE,FALSE,FALSE,FALSE,3.345834,4.27657,3.287729,1.557602,1.126958,1.40844,1.392579,1.406428,1.265692,1.389194,1.399317,1.619724,1.364194,1.560413,1.794412,1.773084,1.684556,1.825812,5.061722,3.37614,3.244777,3.199878,2.668825,3.115671,3.027168,2.751436,2.639946,2.973407,2.997865,2.830368,2.799608,3.14294,5.474735,2.59966,2.689962,2.287117,2.371482,2.464158,2.517853,2.840292,6.029401,FALSE,FALSE,FALSE,FALSE,FALSE,FALSE,FALSE,FALSE,FALSE,FALSE,FALSE,FALSE,FALSE,FALSE,FALSE,FALSE,FALSE,FALSE,FALSE,FALSE,FALSE,FALSE,FALSE,FALSE,FALSE,FALSE,FALSE,FALSE,FALSE,FALSE,FALSE,FALSE,FALSE,FALSE,FALSE,FALSE,FALSE,FALSE,FALSE,FALSE,TRUE,-27.45,0,26.8,FALSE,FALSE,FALSE,1.176803,1.080972,1.208102,FALSE,FALSE,FALSE,0,0,0,FALSE,FALSE,FALSE,1.139686,FALSE,9.01,FALSE,29.12,FALSE
2025-06-03 11:58:14,349,12,80,195,305,271,160,166,174,227,281,229,269,229,176,181,240,302,337,668,378,349,453,276,240,489,495,573,434,262,470,497,556,506,335,386,351,260,213,503,381,FALSE,FALSE,FALSE,FALSE,FALSE,FALSE,FALSE,FALSE,FALSE,FALSE,FALSE,FALSE,FALSE,FALSE,FALSE,FALSE,FALSE,FALSE,FALSE,FALSE,FALSE,FALSE,FALSE,FALSE,FALSE,FALSE,FALSE,FALSE,FALSE,FALSE,FALSE,FALSE,FALSE,FALSE,FALSE,FALSE,FALSE,FALSE,FALSE,FALSE,FALSE,3.648005,4.269266,3.174165,1.613439,1.141356,1.429754,1.396888,1.401407,1.212278,1.343677,1.378855,1.537664,1.312401,1.676989,1.820861,1.839501,1.770082,1.955239,6.058674,3.33832,3.225902,3.178515,2.723972,3.049556,2.939188,2.76076,2.767507,3.00422,3.025306,2.865659,2.878271,3.297377,6.536022,2.866586,2.891263,2.405972,2.523991,2.651966,2.672503,3.239283,7.468333,FALSE,FALSE,FALSE,FALSE,FALSE,FALSE,FALSE,FALSE,FALSE,FALSE,FALSE,FALSE,FALSE,FALSE,FALSE,FALSE,FALSE,FALSE,TRUE,FALSE,FALSE,FALSE,FALSE,FALSE,FALSE,FALSE,FALSE,FALSE,FALSE,FALSE,FALSE,FALSE,TRUE,FALSE,FALSE,FALSE,FALSE,FALSE,FALSE,FALSE,TRUE,-27.425,0,26.825,FALSE,FALSE,FALSE,1.176161,1.083145,1.208304,FALSE,FALSE,FALSE,0,0,0,FALSE,FALSE,FALSE,1.143146,FALSE,9.07,FALSE,28.75,FALSE
2025-06-03 08:46:34,349,12,86,196,307,273,161,168,177,229,287,232,271,234,177,179,238,298,298,683,390,358,464,284,245,503,511,589,444,267,484,499,502,488,329,367,336,246,203,463,322,FALSE,FALSE,FALSE,FALSE,FALSE,FALSE,FALSE,FALSE,FALSE,FALSE,FALSE,FALSE,FALSE,FALSE,FALSE,FALSE,FALSE,FALSE,FALSE,FALSE,FALSE,FALSE,FALSE,FALSE,FALSE,FALSE,FALSE,FALSE,FALSE,FALSE,FALSE,FALSE,FALSE,FALSE,FALSE,FALSE,FALSE,FALSE,FALSE,FALSE,FALSE,2.490222,4.193553,2.195069,1.649899,1.054981,1.42044,1.466274,1.483628,1.220979,1.524463,1.615713,1.58341,1.327503,1.449166,1.589389,1.655567,1.568925,1.693932,3.997335,2.225593,1.937587,1.967801,1.38438,1.859531,1.829162,1.542551,1.819777,1.781484,1.978714,1.626534,1.94387,2.011243,3.667112,2.477278,2.438772,2.603306,2.75435,2.835238,2.836566,3.317114,5.299058,FALSE,FALSE,FALSE,FALSE,FALSE,FALSE,FALSE,FALSE,FALSE,FALSE,FALSE,FALSE,FALSE,FALSE,FALSE,FALSE,FALSE,FALSE,FALSE,FALSE,FALSE,FALSE,FALSE,FALSE,FALSE,FALSE,FALSE,FALSE,FALSE,FALSE,FALSE,FALSE,FALSE,FALSE,FALSE,FALSE,FALSE,FALSE,FALSE,FALSE,FALSE,-27.15,0,27.3,FALSE,FALSE,FALSE,1.168208,1.076567,1.198713,FALSE,FALSE,FALSE,0,0,0,FALSE,FALSE,FALSE,1.158226,FALSE,12.01,FALSE,24.38,FALSE
2025-06-03 08:36:18,349,12,86,196,307,273,161,168,177,229,287,232,271,234,177,179,238,298,298,683,390,358,464,284,245,503,511,589,444,267,484,499,502,488,329,367,336,246,203,463,322,FALSE,FALSE,FALSE,FALSE,FALSE,FALSE,FALSE,FALSE,FALSE,FALSE,FALSE,FALSE,FALSE,FALSE,FALSE,FALSE,FALSE,FALSE,FALSE,FALSE,FALSE,FALSE,FALSE,FALSE,FALSE,FALSE,FALSE,FALSE,FALSE,FALSE,FALSE,FALSE,FALSE,FALSE,FALSE,FALSE,FALSE,FALSE,FALSE,FALSE,FALSE,3.169535,4.252921,2.800939,1.611351,1.04525,1.42655,1.477142,1.505375,1.212701,1.546749,1.653911,1.613963,1.326106,1.609025,1.746551,1.695525,1.605067,1.646744,3.969347,2.310411,2.027293,2.106539,1.614892,2.034562,2.008862,1.719521,2.012653,1.899924,2.080583,1.728757,1.997698,2.067597,3.557573,2.692318,2.493713,2.317064,2.405416,2.506263,2.463344,2.846465,4.752119,FALSE,FALSE,FALSE,FALSE,FALSE,FALSE,FALSE,FALSE,FALSE,FALSE,FALSE,FALSE,FALSE,FALSE,FALSE,FALSE,FALSE,FALSE,FALSE,FALSE,FALSE,FALSE,FALSE,FALSE,FALSE,FALSE,FALSE,FALSE,FALSE,FALSE,FALSE,FALSE,FALSE,FALSE,FALSE,FALSE,FALSE,FALSE,FALSE,FALSE,FALSE,-27.225,0,27.525,FALSE,FALSE,FALSE,1.164715,1.0649,1.192054,FALSE,FALSE,FALSE,0,0,0,FALSE,FALSE,FALSE,1.148582,FALSE,12.17,FALSE,23.5,FALSE
2025-06-02 17:01:58,349,12,79,196,306,272,161,168,175,229,286,235,276,233,182,184,244,305,308,652,376,343,447,277,240,482,497,581,434,260,473,493,505,471,336,385,348,254,211,487,341,FALSE,FALSE,FALSE,FALSE,FALSE,FALSE,FALSE,FALSE,FALSE,FALSE,FALSE,FALSE,FALSE,FALSE,FALSE,FALSE,FALSE,FALSE,FALSE,FALSE,FALSE,FALSE,FALSE,FALSE,FALSE,FALSE,FALSE,FALSE,FALSE,FALSE,FALSE,FALSE,FALSE,FALSE,FALSE,FALSE,FALSE,FALSE,FALSE,FALSE,FALSE,2.038941,4.902361,2.435028,1.680952,1.069469,1.593697,1.608769,1.622686,1.448375,1.659104,1.626129,1.633392,1.281614,1.43732,1.539657,1.476557,1.303247,1.395953,2.956147,2.880011,2.761842,2.730962,2.169744,2.608018,2.534199,2.30873,2.311473,2.580201,2.601928,2.401983,2.535251,2.595325,3.498236,2.421592,2.485704,2.109307,2.129642,2.244804,2.303721,2.514074,3.411921,FALSE,FALSE,FALSE,FALSE,FALSE,FALSE,FALSE,FALSE,FALSE,FALSE,FALSE,FALSE,FALSE,FALSE,FALSE,FALSE,FALSE,FALSE,FALSE,FALSE,FALSE,FALSE,FALSE,FALSE,FALSE,FALSE,FALSE,FALSE,FALSE,FALSE,FALSE,FALSE,FALSE,FALSE,FALSE,FALSE,FALSE,FALSE,FALSE,FALSE,FALSE,-27.45,0,27.025,FALSE,FALSE,FALSE,1.174106,1.085878,1.195552,FALSE,FALSE,FALSE,0,0,0,FALSE,FALSE,FALSE,1.147717,FALSE,10.79,FALSE,28.75,FALSE
2025-06-02 16:44:49,349,12,79,196,306,272,161,168,175,229,286,235,276,233,182,184,244,305,308,652,376,343,447,277,240,482,497,581,434,260,473,493,505,471,336,385,348,254,211,487,341,FALSE,FALSE,FALSE,FALSE,FALSE,FALSE,FALSE,FALSE,FALSE,FALSE,FALSE,FALSE,FALSE,FALSE,FALSE,FALSE,FALSE,FALSE,FALSE,FALSE,FALSE,FALSE,FALSE,FALSE,FALSE,FALSE,FALSE,FALSE,FALSE,FALSE,FALSE,FALSE,FALSE,FALSE,FALSE,FALSE,FALSE,FALSE,FALSE,FALSE,FALSE,2.043459,4.753281,2.254785,1.629462,1.02795,1.552709,1.560837,1.582143,1.388075,1.61154,1.611806,1.595428,1.245414,1.358132,1.476078,1.478255,1.296926,1.334308,2.287758,2.809441,2.700271,2.752978,2.11997,2.56507,2.477952,2.269635,2.296253,2.499534,2.557713,2.324945,2.477885,2.551725,2.727752,2.292229,2.303062,2.117622,2.077402,2.191637,2.227427,2.390064,2.566219,FALSE,FALSE,FALSE,FALSE,FALSE,FALSE,FALSE,FALSE,FALSE,FALSE,FALSE,FALSE,FALSE,FALSE,FALSE,FALSE,FALSE,FALSE,FALSE,FALSE,FALSE,FALSE,FALSE,FALSE,FALSE,FALSE,FALSE,FALSE,FALSE,FALSE,FALSE,FALSE,FALSE,FALSE,FALSE,FALSE,FALSE,FALSE,FALSE,FALSE,FALSE,-27.4,0,27.05,FALSE,FALSE,FALSE,1.17385,1.089957,1.195286,FALSE,FALSE,FALSE,0,0,0,FALSE,FALSE,FALSE,1.156212,FALSE,10.91,FALSE,28.12,FALSE
2025-06-02 16:15:56,349,12,79,196,306,272,161,167,175,228,286,234,276,234,182,183,243,301,298,654,374,341,447,276,240,484,499,572,431,261,477,476,478,485,334,378,342,250,206,474,324,FALSE,FALSE,FALSE,FALSE,FALSE,FALSE,FALSE,FALSE,FALSE,FALSE,FALSE,FALSE,FALSE,FALSE,FALSE,FALSE,FALSE,FALSE,FALSE,FALSE,FALSE,FALSE,FALSE,FALSE,FALSE,FALSE,FALSE,FALSE,FALSE,FALSE,FALSE,FALSE,FALSE,FALSE,FALSE,FALSE,FALSE,FALSE,FALSE,FALSE,FALSE,2.191033,5.752141,1.929741,2.345911,1.519093,2.208276,2.286418,2.367624,2.054394,2.385438,2.343097,2.344349,1.835738,1.878982,1.984737,1.949453,1.597799,1.501638,2.310488,2.744417,2.647648,2.661023,1.769685,2.514902,2.375026,2.057826,2.042278,2.458037,2.525035,2.170868,2.294098,2.440092,2.564328,3.179917,2.997309,2.848078,2.788473,2.957735,3.099025,3.171456,3.146365,FALSE,FALSE,FALSE,FALSE,FALSE,FALSE,FALSE,FALSE,FALSE,FALSE,FALSE,FALSE,FALSE,FALSE,FALSE,FALSE,FALSE,FALSE,FALSE,FALSE,FALSE,FALSE,FALSE,FALSE,FALSE,FALSE,FALSE,FALSE,FALSE,FALSE,FALSE,FALSE,FALSE,FALSE,FALSE,FALSE,FALSE,FALSE,FALSE,FALSE,FALSE,-27.3,0,27.05,FALSE,FALSE,FALSE,1.173313,1.093671,1.196476,FALSE,FALSE,FALSE,0,0,0,FALSE,FALSE,FALSE,1.167265,FALSE,16.33,FALSE,26.62,FALSE
2025-06-02 15:57:33,349,12,79,196,306,272,161,167,175,228,286,234,276,234,182,183,243,301,298,654,374,341,447,276,240,484,499,572,431,261,477,476,478,485,334,378,342,250,206,474,324,FALSE,FALSE,FALSE,FALSE,FALSE,FALSE,FALSE,FALSE,FALSE,FALSE,FALSE,FALSE,FALSE,FALSE,FALSE,FALSE,FALSE,FALSE,FALSE,FALSE,FALSE,FALSE,FALSE,FALSE,FALSE,FALSE,FALSE,FALSE,FALSE,FALSE,FALSE,FALSE,FALSE,FALSE,FALSE,FALSE,FALSE,FALSE,FALSE,FALSE,FALSE,2.094496,4.720761,2.217199,2.079551,1.368556,1.873395,1.963927,2.031801,1.603284,2.064374,2.127147,2.184551,1.700871,1.817909,2.003792,2.082043,1.808479,1.834281,2.604038,3.190719,3.148151,3.178008,2.258419,2.99673,2.832582,2.500143,2.353168,2.859793,2.888585,2.535359,2.554304,2.802695,2.952255,3.230164,3.042212,2.906015,2.917742,3.073239,3.109055,3.264589,3.227093,FALSE,FALSE,FALSE,FALSE,FALSE,FALSE,FALSE,FALSE,FALSE,FALSE,FALSE,FALSE,FALSE,FALSE,FALSE,FALSE,FALSE,FALSE,FALSE,FALSE,FALSE,FALSE,FALSE,FALSE,FALSE,FALSE,FALSE,FALSE,FALSE,FALSE,FALSE,FALSE,FALSE,FALSE,FALSE,FALSE,FALSE,FALSE,FALSE,FALSE,FALSE,-27.325,0,27.175,FALSE,FALSE,FALSE,1.172121,1.090963,1.197566,FALSE,FALSE,FALSE,0,0,0,FALSE,FALSE,FALSE,1.168645,FALSE,17.7,FALSE,26.12,FALSE
2025-06-02 15:21:05,349,12,80,195,307,271,160,167,175,227,286,236,274,228,177,180,238,299,320,646,373,340,445,274,239,473,489,559,427,256,470,486,523,438,317,372,337,247,205,478,356,FALSE,FALSE,FALSE,FALSE,FALSE,FALSE,FALSE,FALSE,FALSE,FALSE,FALSE,FALSE,FALSE,FALSE,FALSE,FALSE,FALSE,FALSE,FALSE,FALSE,FALSE,FALSE,FALSE,FALSE,FALSE,FALSE,FALSE,FALSE,FALSE,FALSE,FALSE,FALSE,FALSE,FALSE,FALSE,FALSE,FALSE,FALSE,FALSE,FALSE,FALSE,2.142766,4.581441,1.986009,1.954974,1.268603,1.749953,1.81779,1.907964,1.487791,1.942121,2.007161,1.97798,1.553861,1.732038,1.873882,1.914946,1.687949,1.689712,2.649482,2.812382,2.700652,2.739192,1.798945,2.535165,2.444859,2.127689,2.073,2.524329,2.570787,2.205973,2.212372,2.519794,2.719051,3.030465,2.814225,2.610379,2.603607,2.71612,2.830491,2.939601,3.062273,FALSE,FALSE,FALSE,FALSE,FALSE,FALSE,FALSE,FALSE,FALSE,FALSE,FALSE,FALSE,FALSE,FALSE,FALSE,FALSE,FALSE,FALSE,FALSE,FALSE,FALSE,FALSE,FALSE,FALSE,FALSE,FALSE,FALSE,FALSE,FALSE,FALSE,FALSE,FALSE,FALSE,FALSE,FALSE,FALSE,FALSE,FALSE,FALSE,FALSE,FALSE,-27.15,0,27.1,FALSE,FALSE,FALSE,1.172231,1.090036,1.197251,FALSE,FALSE,FALSE,0,0,0,FALSE,FALSE,FALSE,1.167609,FALSE,15.66,FALSE,25.5,FALSE
2025-06-02 14:10:29,330,12,82,194,305,270,160,167,175,227,284,233,275,232,181,181,239,299,295,662,374,342,453,278,240,484,507,574,434,261,478,485,485,479,335,378,341,251,207,476,326,FALSE,FALSE,FALSE,FALSE,FALSE,FALSE,FALSE,FALSE,FALSE,FALSE,FALSE,FALSE,FALSE,FALSE,FALSE,FALSE,FALSE,FALSE,FALSE,FALSE,FALSE,FALSE,FALSE,FALSE,FALSE,FALSE,FALSE,FALSE,FALSE,FALSE,FALSE,FALSE,FALSE,FALSE,FALSE,FALSE,FALSE,FALSE,FALSE,FALSE,FALSE,2.068988,4.56417,2.039753,2.24093,1.605696,1.947975,2.024994,2.112462,1.650641,2.136768,2.289748,2.387692,1.98291,2.099648,2.325365,2.405671,2.197739,2.237651,3.030405,2.624019,2.548619,2.598148,1.543403,2.371884,2.279488,1.876396,1.872173,2.336766,2.42293,1.97202,2.063602,2.360134,2.406725,3.218262,2.966625,2.824486,2.818182,2.924723,3.034916,3.177156,3.166081,FALSE,FALSE,FALSE,FALSE,FALSE,FALSE,FALSE,FALSE,FALSE,FALSE,FALSE,FALSE,FALSE,FALSE,FALSE,FALSE,FALSE,FALSE,FALSE,FALSE,FALSE,FALSE,FALSE,FALSE,FALSE,FALSE,FALSE,FALSE,FALSE,FALSE,FALSE,FALSE,FALSE,FALSE,FALSE,FALSE,FALSE,FALSE,FALSE,FALSE,FALSE,-27.125,0,27.275,FALSE,FALSE,FALSE,1.170507,1.087194,1.195586,FALSE,FALSE,FALSE,0,0,0,FALSE,FALSE,FALSE,1.168758,FALSE,18.08,FALSE,25.12,FALSE
2025-06-02 12:02:25,330,12,76,196,307,272,160,167,174,229,287,236,277,232,183,182,242,303,307,646,367,336,437,271,236,471,481,559,421,255,462,468,482,461,329,376,336,247,205,474,329,FALSE,FALSE,FALSE,FALSE,FALSE,FALSE,FALSE,FALSE,FALSE,FALSE,FALSE,FALSE,FALSE,FALSE,FALSE,FALSE,FALSE,FALSE,FALSE,FALSE,FALSE,FALSE,FALSE,FALSE,FALSE,FALSE,FALSE,FALSE,FALSE,FALSE,FALSE,FALSE,FALSE,FALSE,FALSE,FALSE,FALSE,FALSE,FALSE,FALSE,FALSE,2.262155,4.585609,3.990571,2.111821,1.482664,1.876498,1.926102,1.963823,1.542081,2.021748,2.162022,2.203747,1.848208,1.981524,2.161082,2.244184,2.003526,2.061354,3.061347,2.495726,2.432247,2.51948,1.399221,2.386144,2.239959,1.735407,1.729796,2.34433,2.411511,1.928007,2.014891,2.411189,2.564436,3.123528,2.898046,2.68605,2.67477,2.846283,2.930525,3.064264,3.172737,FALSE,FALSE,FALSE,FALSE,FALSE,FALSE,FALSE,FALSE,FALSE,FALSE,FALSE,FALSE,FALSE,FALSE,FALSE,FALSE,FALSE,FALSE,FALSE,FALSE,FALSE,FALSE,FALSE,FALSE,FALSE,FALSE,FALSE,FALSE,FALSE,FALSE,FALSE,FALSE,FALSE,FALSE,FALSE,FALSE,FALSE,FALSE,FALSE,FALSE,FALSE,-27.475,0,26.9,FALSE,FALSE,FALSE,1.17464,1.097065,1.19767,FALSE,FALSE,FALSE,0,0,0,FALSE,FALSE,FALSE,1.197749,FALSE,17.1,FALSE,27.25,FALSE
2025-06-02 11:59:27,330,12,76,196,307,272,160,167,174,229,287,236,277,232,183,182,242,303,307,646,367,336,437,271,236,471,481,559,421,255,462,468,482,461,329,376,336,247,205,474,329,TRUE,FALSE,FALSE,FALSE,FALSE,FALSE,FALSE,FALSE,FALSE,FALSE,FALSE,FALSE,FALSE,FALSE,FALSE,FALSE,FALSE,FALSE,FALSE,FALSE,FALSE,FALSE,FALSE,FALSE,FALSE,FALSE,FALSE,FALSE,FALSE,FALSE,FALSE,FALSE,FALSE,FALSE,FALSE,FALSE,FALSE,FALSE,FALSE,FALSE,FALSE,2.220768,4.572315,4.090572,2.135736,1.514789,1.919621,1.95274,2.027838,1.564988,2.045968,2.219245,2.195488,1.87121,2.013962,2.20035,2.253899,2.056861,2.060785,3.202471,2.476077,2.454317,2.546596,1.373257,2.355076,2.197858,1.705747,1.667504,2.378784,2.362858,1.835816,1.93429,2.305841,2.770812,3.16336,2.908481,2.688482,2.710156,2.855354,2.920007,3.066391,3.346004,FALSE,FALSE,FALSE,FALSE,FALSE,FALSE,FALSE,FALSE,FALSE,FALSE,FALSE,FALSE,FALSE,FALSE,FALSE,FALSE,FALSE,FALSE,FALSE,FALSE,FALSE,FALSE,FALSE,FALSE,FALSE,FALSE,FALSE,FALSE,FALSE,FALSE,FALSE,FALSE,FALSE,FALSE,FALSE,FALSE,FALSE,FALSE,FALSE,FALSE,FALSE,-27.375,0,26.775,FALSE,FALSE,FALSE,1.175641,1.097994,1.199595,FALSE,FALSE,FALSE,0,0,0,FALSE,FALSE,FALSE,1.19888,FALSE,17.38,FALSE,27.12,FALSE
2025-06-02 09:48:41,148,12,76,196,307,272,160,167,174,229,287,236,277,232,183,182,242,303,307,646,367,336,437,271,236,471,481,559,421,255,462,468,482,461,329,376,336,247,205,474,329,FALSE,FALSE,FALSE,FALSE,FALSE,FALSE,FALSE,FALSE,FALSE,FALSE,FALSE,FALSE,FALSE,FALSE,FALSE,FALSE,FALSE,FALSE,FALSE,FALSE,FALSE,FALSE,FALSE,FALSE,FALSE,FALSE,FALSE,FALSE,FALSE,FALSE,FALSE,FALSE,FALSE,FALSE,FALSE,FALSE,FALSE,FALSE,FALSE,FALSE,FALSE,4.011134,4.823776,3.561354,2.9965,2.591238,2.650058,2.70153,2.748084,2.371225,2.776388,3.093072,3.216263,3.031626,3.130678,3.321646,3.369699,3.360485,3.387639,4.084805,3.124336,3.039882,3.089859,2.279016,2.970513,2.86859,2.549305,2.510943,2.908264,2.984168,2.624671,2.566972,2.872132,3.104419,3.530649,3.348791,3.172318,3.248845,3.383674,3.379165,3.51614,3.500407,FALSE,FALSE,FALSE,FALSE,FALSE,FALSE,FALSE,FALSE,FALSE,FALSE,FALSE,FALSE,FALSE,FALSE,FALSE,FALSE,FALSE,FALSE,FALSE,FALSE,FALSE,FALSE,FALSE,FALSE,FALSE,FALSE,FALSE,FALSE,FALSE,FALSE,FALSE,FALSE,FALSE,FALSE,FALSE,FALSE,FALSE,FALSE,FALSE,FALSE,FALSE,-27.35,0,27.05,FALSE,FALSE,FALSE,1.174861,1.097707,1.20141,FALSE,FALSE,FALSE,0,0,0,FALSE,FALSE,FALSE,1.273759,FALSE,17.1,FALSE,25.75,FALSE
2025-06-02 08:57:47,148,12,78,197,308,275,162,168,177,230,286,230,268,234,176,178,238,299,303,659,379,344,448,272,236,474,482,549,416,257,464,470,477,528,345,378,344,252,208,481,332,FALSE,FALSE,FALSE,FALSE,FALSE,FALSE,FALSE,FALSE,FALSE,FALSE,FALSE,FALSE,FALSE,FALSE,FALSE,FALSE,FALSE,FALSE,FALSE,FALSE,FALSE,FALSE,FALSE,FALSE,FALSE,FALSE,FALSE,FALSE,FALSE,FALSE,FALSE,FALSE,FALSE,FALSE,FALSE,FALSE,FALSE,FALSE,FALSE,FALSE,FALSE,4.769505,4.447719,3.648153,2.602303,2.042102,2.246023,2.331284,2.346851,1.911048,2.405542,2.710988,2.779862,2.598669,2.793914,3.014976,3.014791,3.023218,2.770063,7.98419,2.648617,2.508104,2.524921,1.746782,2.34861,2.242884,1.951736,2.281737,2.204885,2.429063,2.019368,2.06184,2.697899,7.547985,3.463612,3.460919,3.171151,3.447637,3.520439,3.552153,4.547278,9.805447,FALSE,FALSE,FALSE,FALSE,FALSE,FALSE,FALSE,FALSE,FALSE,FALSE,FALSE,FALSE,FALSE,FALSE,FALSE,FALSE,FALSE,FALSE,TRUE,FALSE,FALSE,FALSE,FALSE,FALSE,FALSE,FALSE,FALSE,FALSE,FALSE,FALSE,FALSE,FALSE,TRUE,FALSE,FALSE,FALSE,FALSE,FALSE,FALSE,FALSE,TRUE,-27.225,0,27.325,FALSE,FALSE,FALSE,1.167961,1.079406,1.191936,FALSE,FALSE,FALSE,0,0,0,FALSE,FALSE,FALSE,1.261613,FALSE,15.64,FALSE,23.62,FALSE
2025-06-02 08:53:50,148,12,77,198,309,274,161,168,177,229,288,237,275,231,182,181,240,306,323,666,375,344,450,277,242,476,489,562,425,262,469,482,508,469,335,382,351,253,211,484,357,FALSE,FALSE,FALSE,FALSE,FALSE,FALSE,FALSE,FALSE,FALSE,FALSE,FALSE,FALSE,FALSE,FALSE,FALSE,FALSE,FALSE,FALSE,FALSE,FALSE,FALSE,FALSE,FALSE,FALSE,FALSE,FALSE,FALSE,FALSE,FALSE,FALSE,FALSE,FALSE,FALSE,FALSE,FALSE,FALSE,FALSE,FALSE,FALSE,FALSE,FALSE,4.392374,4.424055,3.565339,2.415059,1.919029,2.076032,2.171052,2.174747,1.80216,2.202239,2.543688,2.600202,2.415414,2.849366,2.920631,2.612717,2.595653,2.855832,9.51091,2.48025,2.303988,2.347404,1.772175,2.224258,2.199203,1.981136,2.307747,2.155396,2.413784,2.035134,2.121944,3.108227,9.27389,3.9269,3.857828,3.551775,3.927869,4.020858,4.010283,5.347939,11.88566,FALSE,FALSE,FALSE,FALSE,FALSE,FALSE,FALSE,FALSE,FALSE,FALSE,FALSE,FALSE,FALSE,FALSE,FALSE,FALSE,FALSE,FALSE,TRUE,FALSE,FALSE,FALSE,FALSE,FALSE,FALSE,FALSE,FALSE,FALSE,FALSE,FALSE,FALSE,FALSE,TRUE,FALSE,FALSE,FALSE,FALSE,FALSE,FALSE,FALSE,TRUE,-27.25,0,27.375,FALSE,FALSE,FALSE,1.166764,1.074867,1.188287,FALSE,FALSE,FALSE,0,0,0,FALSE,FALSE,FALSE,1.257868,FALSE,14.19,FALSE,23.25,FALSE
2025-06-02 08:36:54,148,12,80,199,308,274,161,166,174,224,275,225,266,213,171,188,252,339,539,661,371,333,427,265,233,458,458,567,448,276,499,563,836,491,339,446,437,319,266,679,728,FALSE,FALSE,FALSE,FALSE,FALSE,FALSE,FALSE,FALSE,FALSE,FALSE,FALSE,FALSE,FALSE,FALSE,FALSE,FALSE,FALSE,FALSE,FALSE,FALSE,FALSE,FALSE,FALSE,FALSE,FALSE,FALSE,FALSE,FALSE,FALSE,FALSE,FALSE,FALSE,FALSE,FALSE,FALSE,FALSE,FALSE,FALSE,FALSE,FALSE,TRUE,5.176594,4.323743,4.508716,2.361459,1.88127,2.007149,2.076987,2.129534,1.782651,2.190395,2.60822,2.499261,2.169112,2.450435,2.766457,4.525023,4.667624,5.830729,10.30774,2.440356,2.32058,2.6125,2.328097,2.274038,2.089489,1.784101,1.879783,2.989138,4.138121,4.045264,4.326799,5.858749,9.565743,8.895419,8.820399,9.135816,9.697932,9.863235,9.916035,10.81281,13.94016,FALSE,FALSE,FALSE,FALSE,FALSE,FALSE,FALSE,FALSE,FALSE,FALSE,FALSE,FALSE,FALSE,FALSE,FALSE,FALSE,FALSE,FALSE,TRUE,FALSE,FALSE,FALSE,FALSE,FALSE,FALSE,FALSE,FALSE,FALSE,FALSE,FALSE,FALSE,FALSE,TRUE,TRUE,TRUE,TRUE,TRUE,TRUE,TRUE,TRUE,TRUE,-27.25,0,27.8,FALSE,FALSE,FALSE,1.157693,1.047568,1.179541,FALSE,FALSE,FALSE,0,0,0,FALSE,FALSE,FALSE,1.228942,FALSE,13.44,FALSE,22,FALSE
2025-05-23 11:28:29,140,12,77,197,310,273,161,168,177,230,286,231,271,227,175,178,237,302,347,644,371,341,437,267,234,466,469,545,411,250,447,474,540,468,314,364,337,248,204,484,384,FALSE,FALSE,FALSE,FALSE,FALSE,FALSE,FALSE,FALSE,FALSE,FALSE,FALSE,FALSE,FALSE,FALSE,FALSE,FALSE,FALSE,FALSE,FALSE,FALSE,FALSE,FALSE,FALSE,FALSE,FALSE,FALSE,FALSE,FALSE,FALSE,FALSE,FALSE,FALSE,FALSE,FALSE,FALSE,FALSE,FALSE,FALSE,FALSE,FALSE,FALSE,6.9328,4.357071,3.39107,2.263916,1.888269,1.957638,2.040856,2.051596,1.765031,2.132617,2.492965,2.576753,2.379563,2.779515,2.933723,2.672814,2.70188,2.918432,7.724558,2.767106,2.687696,2.752096,1.938261,2.62791,2.545797,2.259229,2.149719,2.464041,2.476754,2.312838,2.449655,2.979724,7.648741,3.394631,3.230035,2.367175,2.318831,2.491156,2.468878,3.355872,8.970181,TRUE,FALSE,FALSE,FALSE,FALSE,FALSE,FALSE,FALSE,FALSE,FALSE,FALSE,FALSE,FALSE,FALSE,FALSE,FALSE,FALSE,FALSE,TRUE,FALSE,FALSE,FALSE,FALSE,FALSE,FALSE,FALSE,FALSE,FALSE,FALSE,FALSE,FALSE,FALSE,TRUE,FALSE,FALSE,FALSE,FALSE,FALSE,FALSE,FALSE,TRUE,-27.525,0,27.525,FALSE,FALSE,FALSE,1.16874,1.078339,1.191247,FALSE,FALSE,FALSE,0,0,0,FALSE,FALSE,FALSE,1.255648,FALSE,10.87,FALSE,24,FALSE
2025-05-22 12:01:35,140,12,75,196,305,272,162,168,175,229,285,231,271,233,180,179,239,299,299,639,368,338,433,266,233,466,477,547,411,249,442,463,464,491,331,369,336,247,203,467,324,FALSE,FALSE,FALSE,FALSE,FALSE,FALSE,FALSE,FALSE,FALSE,FALSE,FALSE,FALSE,FALSE,FALSE,FALSE,FALSE,FALSE,FALSE,FALSE,FALSE,FALSE,FALSE,FALSE,FALSE,FALSE,FALSE,FALSE,FALSE,FALSE,FALSE,FALSE,FALSE,FALSE,FALSE,FALSE,FALSE,FALSE,FALSE,FALSE,FALSE,FALSE,7.437572,4.38178,3.091832,2.361155,1.988207,2.046668,2.110699,2.120321,1.838763,2.180176,2.467587,2.536902,2.367332,2.504184,2.681555,2.73954,2.73078,2.764072,3.34655,3.089629,2.93758,3.036872,2.303084,2.880458,2.776836,2.519799,2.399954,2.839415,2.827263,2.544277,2.547037,2.832348,2.89755,3.26992,3.207979,3.125069,3.061389,3.288294,3.292413,3.460436,3.551222,TRUE,FALSE,FALSE,FALSE,FALSE,FALSE,FALSE,FALSE,FALSE,FALSE,FALSE,FALSE,FALSE,FALSE,FALSE,FALSE,FALSE,FALSE,FALSE,FALSE,FALSE,FALSE,FALSE,FALSE,FALSE,FALSE,FALSE,FALSE,FALSE,FALSE,FALSE,FALSE,FALSE,FALSE,FALSE,FALSE,FALSE,FALSE,FALSE,FALSE,FALSE,-27.6,0,27.375,FALSE,FALSE,FALSE,1.17194,1.09272,1.2016,FALSE,FALSE,FALSE,0,0,0,FALSE,FALSE,FALSE,1.271695,FALSE,11.43,FALSE,25.5,FALSE
2025-05-22 11:55:12,140,12,75,196,305,272,162,168,175,229,285,231,271,233,180,179,239,299,299,639,368,338,433,266,233,466,477,547,411,249,442,463,464,491,331,369,336,247,203,467,324,FALSE,FALSE,FALSE,FALSE,FALSE,FALSE,FALSE,FALSE,FALSE,FALSE,FALSE,FALSE,FALSE,FALSE,FALSE,FALSE,FALSE,FALSE,FALSE,FALSE,FALSE,FALSE,FALSE,FALSE,FALSE,FALSE,FALSE,FALSE,FALSE,FALSE,FALSE,FALSE,FALSE,FALSE,FALSE,FALSE,FALSE,FALSE,FALSE,FALSE,FALSE,7.706492,4.445414,3.243085,2.330067,1.925318,2.01094,2.053713,2.082417,1.793271,2.144035,2.423328,2.567656,2.37575,2.47018,2.656758,2.707376,2.709851,2.756069,3.552134,3.019976,2.939037,2.999687,2.234441,2.848887,2.756166,2.428011,2.351623,2.766742,2.780086,2.439135,2.441398,2.773662,3.143835,3.2397,3.113241,2.989418,2.927363,3.139066,3.163955,3.309647,3.701323,TRUE,FALSE,FALSE,FALSE,FALSE,FALSE,FALSE,FALSE,FALSE,FALSE,FALSE,FALSE,FALSE,FALSE,FALSE,FALSE,FALSE,FALSE,FALSE,FALSE,FALSE,FALSE,FALSE,FALSE,FALSE,FALSE,FALSE,FALSE,FALSE,FALSE,FALSE,FALSE,FALSE,FALSE,FALSE,FALSE,FALSE,FALSE,FALSE,FALSE,FALSE,-27.6,0,27.475,FALSE,FALSE,FALSE,1.170996,1.089509,1.197697,FALSE,FALSE,FALSE,0,0,0,FALSE,FALSE,FALSE,1.268356,FALSE,11.62,FALSE,25.12,FALSE
2025-05-21 12:56:07,154,12,76,168,262,239,142,148,153,189,222,217,281,259,301,406,585,848,1694,565,310,275,342,241,231,483,582,888,778,491,980,1245,2363,932,849,1231,1243,884,746,2098,2831,FALSE,FALSE,FALSE,FALSE,FALSE,FALSE,FALSE,FALSE,FALSE,FALSE,FALSE,FALSE,FALSE,FALSE,FALSE,TRUE,TRUE,TRUE,TRUE,FALSE,FALSE,FALSE,FALSE,FALSE,FALSE,FALSE,FALSE,FALSE,FALSE,FALSE,TRUE,TRUE,TRUE,FALSE,TRUE,TRUE,TRUE,TRUE,TRUE,TRUE,TRUE,5.916855,4.241259,2.964695,2.455617,2.08549,2.060879,2.043578,2.055394,1.89432,2.065378,2.248613,2.314726,2.155792,2.235786,2.509231,2.682072,2.746042,2.947163,3.509943,3.336113,3.24185,3.263013,2.721326,3.24394,3.160542,2.972233,2.98111,3.379782,3.335608,3.25743,3.52627,3.778527,3.912777,3.392849,3.721066,3.71112,3.648918,3.839854,3.874138,4.181535,4.350746,FALSE,FALSE,FALSE,FALSE,FALSE,FALSE,FALSE,FALSE,FALSE,FALSE,FALSE,FALSE,FALSE,FALSE,FALSE,FALSE,FALSE,FALSE,FALSE,FALSE,FALSE,FALSE,FALSE,FALSE,FALSE,FALSE,FALSE,FALSE,FALSE,FALSE,FALSE,FALSE,FALSE,FALSE,FALSE,FALSE,FALSE,FALSE,FALSE,FALSE,FALSE,-27.55,0,26.75,FALSE,FALSE,FALSE,1.173063,1.085078,1.20982,FALSE,FALSE,FALSE,0,0,0,FALSE,FALSE,FALSE,1.247446,FALSE,10.31,FALSE,28.75,FALSE
2025-05-21 12:49:26,154,12,76,174,272,244,145,150,155,191,228,216,276,256,288,377,538,772,1535,568,314,275,348,240,227,477,568,847,744,464,915,1160,2156,854,744,1063,1075,758,642,1835,2405,FALSE,FALSE,FALSE,FALSE,FALSE,FALSE,FALSE,FALSE,FALSE,FALSE,FALSE,FALSE,FALSE,FALSE,FALSE,TRUE,TRUE,TRUE,TRUE,FALSE,FALSE,FALSE,FALSE,FALSE,FALSE,FALSE,FALSE,FALSE,FALSE,FALSE,FALSE,TRUE,TRUE,FALSE,TRUE,TRUE,TRUE,TRUE,TRUE,TRUE,TRUE,6.968117,4.400797,3.195517,2.531326,2.117836,2.150477,2.102671,2.095988,1.881918,2.077914,2.291945,2.570072,2.436438,2.596441,3.361736,4.182586,4.330124,5.06338,5.922232,3.395602,3.281921,3.317077,2.726538,3.515236,3.543582,3.291904,3.376583,4.003307,4.134266,4.048434,4.614861,5.118362,5.414699,4.613526,5.755279,6.524025,6.648582,6.630165,6.709308,7.213561,7.468764,TRUE,FALSE,FALSE,FALSE,FALSE,FALSE,FALSE,FALSE,FALSE,FALSE,FALSE,FALSE,FALSE,FALSE,FALSE,FALSE,FALSE,FALSE,FALSE,FALSE,FALSE,FALSE,FALSE,FALSE,FALSE,FALSE,FALSE,FALSE,FALSE,FALSE,FALSE,FALSE,FALSE,FALSE,FALSE,TRUE,TRUE,TRUE,TRUE,TRUE,TRUE,-27.725,0,26.975,FALSE,FALSE,FALSE,1.174663,1.085595,1.210262,FALSE,FALSE,FALSE,0,0,0,FALSE,FALSE,FALSE,1.247211,FALSE,10.89,FALSE,28.88,FALSE
2025-05-21 12:38:08,154,12,77,193,302,266,155,159,166,210,253,222,269,227,204,253,347,495,946,609,340,301,378,248,225,453,487,674,558,344,643,776,1371,478,354,545,562,400,343,945,1188,FALSE,FALSE,FALSE,FALSE,FALSE,FALSE,FALSE,FALSE,FALSE,FALSE,FALSE,FALSE,FALSE,FALSE,FALSE,FALSE,FALSE,FALSE,TRUE,FALSE,FALSE,FALSE,FALSE,FALSE,FALSE,FALSE,FALSE,FALSE,FALSE,FALSE,FALSE,FALSE,TRUE,FALSE,FALSE,FALSE,FALSE,FALSE,FALSE,TRUE,TRUE,6.959766,4.432449,3.319574,2.464139,2.146722,2.174063,2.226089,2.297711,2.096491,2.347078,2.614277,2.642931,2.34673,2.524455,3.54335,3.728577,3.948624,4.207222,4.745755,3.77003,3.698951,3.739539,3.153953,3.645836,3.466773,3.268408,3.508555,3.907857,3.927741,3.955729,4.382473,4.464795,4.81549,5.730494,6.808668,5.571941,5.013049,5.338202,5.332366,5.493733,6.312379,TRUE,FALSE,FALSE,FALSE,FALSE,FALSE,FALSE,FALSE,FALSE,FALSE,FALSE,FALSE,FALSE,FALSE,FALSE,FALSE,FALSE,FALSE,FALSE,FALSE,FALSE,FALSE,FALSE,FALSE,FALSE,FALSE,FALSE,FALSE,FALSE,FALSE,FALSE,FALSE,FALSE,FALSE,TRUE,FALSE,FALSE,FALSE,FALSE,FALSE,TRUE,-27.6,0,26.825,FALSE,FALSE,FALSE,1.17479,1.083809,1.208775,FALSE,FALSE,FALSE,0,0,0,FALSE,FALSE,FALSE,1.24462,FALSE,11.03,FALSE,28.88,FALSE
2025-05-21 12:34:59,141,12,75,195,305,270,158,161,169,215,260,221,266,221,189,227,311,437,812,606,341,304,394,249,222,451,472,618,509,315,584,684,1187,445,318,474,482,344,295,800,976,FALSE,FALSE,FALSE,FALSE,FALSE,FALSE,FALSE,FALSE,FALSE,FALSE,FALSE,FALSE,FALSE,FALSE,FALSE,FALSE,FALSE,FALSE,TRUE,FALSE,FALSE,FALSE,FALSE,FALSE,FALSE,FALSE,FALSE,FALSE,FALSE,FALSE,FALSE,FALSE,TRUE,FALSE,FALSE,FALSE,FALSE,FALSE,FALSE,FALSE,TRUE,8.557543,4.707746,3.813787,2.886596,2.594993,2.628416,2.691235,2.798104,2.55363,2.965593,3.419362,3.062623,2.710539,3.538742,5.445758,6.839367,7.141561,8.336276,10.95404,4.11822,4.114769,4.286242,3.687317,4.040043,3.788696,3.529134,4.24646,5.231748,5.933617,6.268492,7.206012,7.700564,9.917119,5.248903,5.975857,7.197245,7.872731,7.927262,8.023312,9.121189,11.61683,TRUE,FALSE,FALSE,FALSE,FALSE,FALSE,FALSE,FALSE,FALSE,FALSE,FALSE,FALSE,FALSE,FALSE,FALSE,TRUE,TRUE,TRUE,TRUE,FALSE,FALSE,FALSE,FALSE,FALSE,FALSE,FALSE,FALSE,FALSE,FALSE,TRUE,TRUE,TRUE,TRUE,FALSE,FALSE,TRUE,TRUE,TRUE,TRUE,TRUE,TRUE,-27.475,0,26.8,FALSE,FALSE,FALSE,1.177962,1.089548,1.210041,FALSE,FALSE,FALSE,0,0,0,FALSE,FALSE,FALSE,1.254627,FALSE,11.42,FALSE,29,FALSE
2025-05-20 16:56:32,135,11,76,194,305,270,159,166,174,225,284,234,274,234,184,185,245,309,303,647,369,340,441,274,241,478,493,574,429,258,463,480,479,491,345,390,354,258,214,489,330,FALSE,FALSE,FALSE,FALSE,FALSE,FALSE,FALSE,FALSE,FALSE,FALSE,FALSE,FALSE,FALSE,FALSE,FALSE,FALSE,FALSE,FALSE,FALSE,FALSE,FALSE,FALSE,FALSE,FALSE,FALSE,FALSE,FALSE,FALSE,FALSE,FALSE,FALSE,FALSE,FALSE,FALSE,FALSE,FALSE,FALSE,FALSE,FALSE,FALSE,FALSE,2.654801,4.2722,2.474146,1.584361,1.103845,1.446307,1.423122,1.449927,1.22447,1.472464,1.575245,1.590861,1.367852,1.516124,1.656571,1.671909,1.547269,1.609119,2.495825,3.049737,2.881024,2.912558,2.306874,2.868955,2.796927,2.532504,2.427741,2.82958,2.817586,2.547475,2.545531,2.798758,3.059304,2.976601,3.043053,2.901674,2.888166,3.055318,3.082293,3.190907,3.199335,FALSE,FALSE,FALSE,FALSE,FALSE,FALSE,FALSE,FALSE,FALSE,FALSE,FALSE,FALSE,FALSE,FALSE,FALSE,FALSE,FALSE,FALSE,FALSE,FALSE,FALSE,FALSE,FALSE,FALSE,FALSE,FALSE,FALSE,FALSE,FALSE,FALSE,FALSE,FALSE,FALSE,FALSE,FALSE,FALSE,FALSE,FALSE,FALSE,FALSE,FALSE,-27.575,0,26.825,FALSE,FALSE,FALSE,1.178154,1.092716,1.208191,FALSE,FALSE,FALSE,0,0,0,FALSE,FALSE,FALSE,1.255183,FALSE,11.19,FALSE,28.75,FALSE
2025-05-20 16:29:42,135,12,75,196,305,273,160,166,175,227,283,230,272,236,181,182,243,305,292,645,368,340,434,269,235,472,486,555,424,254,455,472,458,530,351,386,351,256,211,480,320,FALSE,FALSE,FALSE,FALSE,FALSE,FALSE,FALSE,FALSE,FALSE,FALSE,FALSE,FALSE,FALSE,FALSE,FALSE,FALSE,FALSE,FALSE,FALSE,FALSE,FALSE,FALSE,FALSE,FALSE,FALSE,FALSE,FALSE,FALSE,FALSE,FALSE,FALSE,FALSE,FALSE,FALSE,FALSE,FALSE,FALSE,FALSE,FALSE,FALSE,FALSE,2.71473,4.354987,2.548094,1.652823,1.108781,1.511866,1.503784,1.50659,1.252527,1.54692,1.621839,1.647685,1.415182,1.5477,1.707636,1.717083,1.598257,1.631616,2.443628,2.97411,2.820305,2.801377,2.256484,2.789506,2.691761,2.462852,2.437377,2.780866,2.744267,2.485142,2.49147,2.695434,2.994111,2.89623,2.957823,2.839257,2.827266,3.009909,3.007129,3.10418,3.196769,FALSE,FALSE,FALSE,FALSE,FALSE,FALSE,FALSE,FALSE,FALSE,FALSE,FALSE,FALSE,FALSE,FALSE,FALSE,FALSE,FALSE,FALSE,FALSE,FALSE,FALSE,FALSE,FALSE,FALSE,FALSE,FALSE,FALSE,FALSE,FALSE,FALSE,FALSE,FALSE,FALSE,FALSE,FALSE,FALSE,FALSE,FALSE,FALSE,FALSE,FALSE,-27.5,0,26.8,FALSE,FALSE,FALSE,1.17808,1.094926,1.209238,FALSE,FALSE,FALSE,0,0,0,FALSE,FALSE,FALSE,1.259362,FALSE,11.69,FALSE,28.62,FALSE
2025-05-20 16:04:40,135,12,75,196,305,273,160,166,175,227,283,230,272,236,181,182,243,305,292,645,368,340,434,269,235,472,486,555,424,254,455,472,458,530,351,386,351,256,211,480,320,FALSE,FALSE,FALSE,FALSE,FALSE,FALSE,FALSE,FALSE,FALSE,FALSE,FALSE,FALSE,FALSE,FALSE,FALSE,FALSE,FALSE,FALSE,FALSE,FALSE,FALSE,FALSE,FALSE,FALSE,FALSE,FALSE,FALSE,FALSE,FALSE,FALSE,FALSE,FALSE,FALSE,FALSE,FALSE,FALSE,FALSE,FALSE,FALSE,FALSE,FALSE,2.731768,4.343635,2.570082,1.709862,1.14573,1.552195,1.550151,1.56088,1.28712,1.59853,1.69857,1.708204,1.438265,1.583734,1.73753,1.755153,1.612828,1.667814,2.497235,2.971696,2.824255,2.833822,2.176349,2.791948,2.704517,2.469343,2.393685,2.72234,2.753172,2.495569,2.532336,2.718579,2.966355,2.964662,2.998116,2.845624,2.861486,3.052016,3.03579,3.141484,3.230237,FALSE,FALSE,FALSE,FALSE,FALSE,FALSE,FALSE,FALSE,FALSE,FALSE,FALSE,FALSE,FALSE,FALSE,FALSE,FALSE,FALSE,FALSE,FALSE,FALSE,FALSE,FALSE,FALSE,FALSE,FALSE,FALSE,FALSE,FALSE,FALSE,FALSE,FALSE,FALSE,FALSE,FALSE,FALSE,FALSE,FALSE,FALSE,FALSE,FALSE,FALSE,-27.45,0,26.85,FALSE,FALSE,FALSE,1.177544,1.098037,1.208174,FALSE,FALSE,FALSE,0,0,0,FALSE,FALSE,FALSE,1.267943,FALSE,12.44,FALSE,28.12,FALSE
2025-05-20 15:48:52,128,12,75,196,305,273,160,166,175,227,283,230,272,236,181,182,243,305,292,645,368,340,434,269,235,472,486,555,424,254,455,472,458,530,351,386,351,256,211,480,320,FALSE,FALSE,FALSE,FALSE,FALSE,FALSE,FALSE,FALSE,FALSE,FALSE,FALSE,FALSE,FALSE,FALSE,FALSE,FALSE,FALSE,FALSE,FALSE,FALSE,FALSE,FALSE,FALSE,FALSE,FALSE,FALSE,FALSE,FALSE,FALSE,FALSE,FALSE,FALSE,FALSE,FALSE,FALSE,FALSE,FALSE,FALSE,FALSE,FALSE,FALSE,2.773391,4.458205,2.642961,1.762732,1.159505,1.619188,1.629589,1.63997,1.331271,1.688787,1.757586,1.784456,1.480825,1.603858,1.7833,1.803711,1.65159,1.669971,2.416435,2.971169,2.810424,2.867947,2.205595,2.784809,2.703261,2.412041,2.35945,2.753917,2.739038,2.482432,2.518631,2.698654,2.903738,3.049278,2.997081,2.879977,2.881296,3.088072,3.083715,3.166919,3.221191,FALSE,FALSE,FALSE,FALSE,FALSE,FALSE,FALSE,FALSE,FALSE,FALSE,FALSE,FALSE,FALSE,FALSE,FALSE,FALSE,FALSE,FALSE,FALSE,FALSE,FALSE,FALSE,FALSE,FALSE,FALSE,FALSE,FALSE,FALSE,FALSE,FALSE,FALSE,FALSE,FALSE,FALSE,FALSE,FALSE,FALSE,FALSE,FALSE,FALSE,FALSE,-27.475,0,26.9,FALSE,FALSE,FALSE,1.177893,1.100152,1.208229,FALSE,FALSE,FALSE,0,0,0,FALSE,FALSE,FALSE,1.27438,FALSE,12.97,FALSE,27.62,FALSE
2025-05-20 15:28:47,128,12,74,197,309,274,162,168,175,229,287,234,277,237,184,184,245,307,295,644,364,335,431,270,235,469,486,561,421,254,457,469,457,500,343,382,347,254,209,476,319,FALSE,FALSE,FALSE,FALSE,FALSE,FALSE,FALSE,FALSE,FALSE,FALSE,FALSE,FALSE,FALSE,FALSE,FALSE,FALSE,FALSE,FALSE,FALSE,FALSE,FALSE,FALSE,FALSE,FALSE,FALSE,FALSE,FALSE,FALSE,FALSE,FALSE,FALSE,FALSE,FALSE,FALSE,FALSE,FALSE,FALSE,FALSE,FALSE,FALSE,FALSE,2.582537,4.514163,2.639767,1.679861,1.078203,1.555836,1.555846,1.5769,1.301186,1.608925,1.704846,1.65696,1.390079,1.518004,1.660217,1.657716,1.501621,1.499485,2.432582,2.845156,2.694356,2.779384,2.039429,2.681257,2.606712,2.298866,2.256688,2.648268,2.699962,2.405679,2.429471,2.628088,2.901855,2.895393,2.906379,2.715999,2.70355,2.915635,2.93935,3.074656,3.296051,FALSE,FALSE,FALSE,FALSE,FALSE,FALSE,FALSE,FALSE,FALSE,FALSE,FALSE,FALSE,FALSE,FALSE,FALSE,FALSE,FALSE,FALSE,FALSE,FALSE,FALSE,FALSE,FALSE,FALSE,FALSE,FALSE,FALSE,FALSE,FALSE,FALSE,FALSE,FALSE,FALSE,FALSE,FALSE,FALSE,FALSE,FALSE,FALSE,FALSE,FALSE,-27.4,0,26.975,FALSE,FALSE,FALSE,1.176127,1.10096,1.205886,FALSE,FALSE,FALSE,0,0,0,FALSE,FALSE,FALSE,1.281334,FALSE,12.27,FALSE,27,FALSE
2025-05-20 15:14:47,128,12,74,197,309,274,162,168,175,229,287,234,277,237,184,184,245,307,295,644,364,335,431,270,235,469,486,561,421,254,457,469,457,500,343,382,347,254,209,476,319,FALSE,FALSE,FALSE,FALSE,FALSE,FALSE,FALSE,FALSE,FALSE,FALSE,FALSE,FALSE,FALSE,FALSE,FALSE,FALSE,FALSE,FALSE,FALSE,FALSE,FALSE,FALSE,FALSE,FALSE,FALSE,FALSE,FALSE,FALSE,FALSE,FALSE,FALSE,FALSE,FALSE,FALSE,FALSE,FALSE,FALSE,FALSE,FALSE,FALSE,FALSE,2.783779,4.59135,2.799139,1.760719,1.123548,1.620244,1.623713,1.649831,1.327664,1.696417,1.786471,1.686418,1.412665,1.56739,1.702277,1.707744,1.535532,1.53289,2.39049,2.762392,2.547597,2.618163,1.876925,2.528713,2.463974,2.190464,2.148775,2.534234,2.571684,2.330176,2.34899,2.507558,2.732805,2.791109,2.676146,2.512614,2.478044,2.721044,2.741413,2.830351,3.114884,FALSE,FALSE,FALSE,FALSE,FALSE,FALSE,FALSE,FALSE,FALSE,FALSE,FALSE,FALSE,FALSE,FALSE,FALSE,FALSE,FALSE,FALSE,FALSE,FALSE,FALSE,FALSE,FALSE,FALSE,FALSE,FALSE,FALSE,FALSE,FALSE,FALSE,FALSE,FALSE,FALSE,FALSE,FALSE,FALSE,FALSE,FALSE,FALSE,FALSE,FALSE,-27.45,0,27.15,FALSE,FALSE,FALSE,1.175266,1.09958,1.201731,FALSE,FALSE,FALSE,0,0,0,FALSE,FALSE,FALSE,1.28526,FALSE,12.31,FALSE,26.38,FALSE
2025-05-20 14:32:46,150,12,79,197,311,277,163,170,178,232,289,238,277,237,187,185,245,308,296,657,371,341,446,273,239,477,494,558,425,258,463,472,459,481,342,376,341,251,206,465,316,FALSE,FALSE,FALSE,FALSE,FALSE,FALSE,FALSE,FALSE,FALSE,FALSE,FALSE,FALSE,FALSE,FALSE,FALSE,FALSE,FALSE,FALSE,FALSE,FALSE,FALSE,FALSE,FALSE,FALSE,FALSE,FALSE,FALSE,FALSE,FALSE,FALSE,FALSE,FALSE,FALSE,FALSE,FALSE,FALSE,FALSE,FALSE,FALSE,FALSE,FALSE,2.148331,4.42391,2.68397,1.684233,1.064114,1.545701,1.599202,1.611841,1.377149,1.657217,1.771552,1.508808,1.272679,1.507719,1.547348,1.474926,1.31667,1.361184,2.275225,2.585076,2.35481,2.418139,1.761367,2.319931,2.25866,2.007936,2.026487,2.252935,2.363938,2.083748,2.096076,2.410394,2.526324,2.575439,2.434947,2.194567,2.177373,2.343816,2.361363,2.44944,2.829642,FALSE,FALSE,FALSE,FALSE,FALSE,FALSE,FALSE,FALSE,FALSE,FALSE,FALSE,FALSE,FALSE,FALSE,FALSE,FALSE,FALSE,FALSE,FALSE,FALSE,FALSE,FALSE,FALSE,FALSE,FALSE,FALSE,FALSE,FALSE,FALSE,FALSE,FALSE,FALSE,FALSE,FALSE,FALSE,FALSE,FALSE,FALSE,FALSE,FALSE,FALSE,-27.125,0,27.025,FALSE,FALSE,FALSE,1.168019,1.078232,1.197802,FALSE,FALSE,FALSE,0,0,0,FALSE,FALSE,FALSE,1.279071,FALSE,11.49,FALSE,23.75,FALSE
2025-05-20 14:23:18,150,12,79,196,310,276,163,169,177,232,288,235,275,237,186,184,245,307,294,658,372,342,446,272,238,480,495,559,426,260,465,474,458,498,347,376,343,252,207,467,315,FALSE,FALSE,FALSE,FALSE,FALSE,FALSE,FALSE,FALSE,FALSE,FALSE,FALSE,FALSE,FALSE,FALSE,FALSE,FALSE,FALSE,FALSE,FALSE,FALSE,FALSE,FALSE,FALSE,FALSE,FALSE,FALSE,FALSE,FALSE,FALSE,FALSE,FALSE,FALSE,FALSE,FALSE,FALSE,FALSE,FALSE,FALSE,FALSE,FALSE,FALSE,2.186189,4.474448,2.821747,1.732154,1.109487,1.578792,1.641702,1.662661,1.398558,1.706064,1.81156,1.60023,1.340413,1.562716,1.605426,1.526074,1.328365,1.375939,2.286712,2.709182,2.594622,2.618922,1.90454,2.521329,2.446011,2.136897,2.106159,2.5046,2.590763,2.303337,2.18348,2.558887,2.703879,2.600782,2.496937,2.262321,2.265777,2.423264,2.411469,2.517298,2.912086,FALSE,FALSE,FALSE,FALSE,FALSE,FALSE,FALSE,FALSE,FALSE,FALSE,FALSE,FALSE,FALSE,FALSE,FALSE,FALSE,FALSE,FALSE,FALSE,FALSE,FALSE,FALSE,FALSE,FALSE,FALSE,FALSE,FALSE,FALSE,FALSE,FALSE,FALSE,FALSE,FALSE,FALSE,FALSE,FALSE,FALSE,FALSE,FALSE,FALSE,FALSE,-27.15,0,26.6,FALSE,FALSE,FALSE,1.168534,1.077774,1.199184,FALSE,FALSE,FALSE,0,0,0,FALSE,FALSE,FALSE,1.278654,FALSE,12.02,FALSE,23.88,FALSE
2025-05-20 13:20:27,158,14,90,185,294,266,159,167,176,228,290,232,269,234,172,187,254,314,283,596,338,334,434,269,234,473,486,561,432,277,474,486,475,410,262,329,288,220,184,416,273,FALSE,FALSE,FALSE,FALSE,FALSE,FALSE,FALSE,FALSE,FALSE,FALSE,FALSE,FALSE,FALSE,FALSE,FALSE,FALSE,FALSE,FALSE,FALSE,FALSE,FALSE,FALSE,FALSE,FALSE,FALSE,FALSE,FALSE,FALSE,FALSE,FALSE,FALSE,FALSE,FALSE,FALSE,FALSE,FALSE,FALSE,FALSE,FALSE,FALSE,FALSE,1.428526,2.579386,2.773893,1.571795,1.095774,1.408401,1.41702,1.425248,1.055303,1.487747,1.614444,1.642594,1.51134,1.466806,1.629402,1.573892,1.460534,1.552406,1.996231,2.178653,2.252385,2.127982,1.447868,1.964268,1.863495,1.643894,1.470162,2.153564,2.099183,1.513121,1.532168,1.938689,2.161514,2.716229,2.298445,2.411254,2.480984,2.612386,2.700866,2.885249,3.02226,FALSE,FALSE,FALSE,FALSE,FALSE,FALSE,FALSE,FALSE,FALSE,FALSE,FALSE,FALSE,FALSE,FALSE,FALSE,FALSE,FALSE,FALSE,FALSE,FALSE,FALSE,FALSE,FALSE,FALSE,FALSE,FALSE,FALSE,FALSE,FALSE,FALSE,FALSE,FALSE,FALSE,FALSE,FALSE,FALSE,FALSE,FALSE,FALSE,FALSE,FALSE,-27.225,0,26.85,FALSE,FALSE,FALSE,1.178781,1.088365,1.199239,FALSE,FALSE,FALSE,0,0,0,FALSE,FALSE,FALSE,1.283865,FALSE,11.66,FALSE,24.25,FALSE
2025-05-20 13:06:38,172,14,92,186,294,267,159,167,176,229,289,229,266,235,173,188,253,313,281,598,339,335,436,269,233,477,491,566,435,279,477,487,477,426,269,338,294,222,185,419,275,FALSE,FALSE,FALSE,FALSE,FALSE,FALSE,FALSE,FALSE,FALSE,FALSE,FALSE,FALSE,FALSE,FALSE,FALSE,FALSE,FALSE,FALSE,FALSE,FALSE,FALSE,FALSE,FALSE,FALSE,FALSE,FALSE,FALSE,FALSE,FALSE,FALSE,FALSE,FALSE,FALSE,FALSE,FALSE,FALSE,FALSE,FALSE,FALSE,FALSE,FALSE,1.741765,2.689349,2.773213,1.606876,1.122624,1.431328,1.462581,1.484541,1.093283,1.529673,1.687116,1.70301,1.554857,1.523015,1.689339,1.59796,1.475728,1.549139,2.025811,2.319033,2.38576,2.268839,1.554901,2.06562,1.993858,1.768199,1.53332,2.222491,2.203816,1.640471,1.611283,2.013902,2.285695,2.770208,2.271399,2.397372,2.434833,2.514551,2.610433,2.784362,2.979007,FALSE,FALSE,FALSE,FALSE,FALSE,FALSE,FALSE,FALSE,FALSE,FALSE,FALSE,FALSE,FALSE,FALSE,FALSE,FALSE,FALSE,FALSE,FALSE,FALSE,FALSE,FALSE,FALSE,FALSE,FALSE,FALSE,FALSE,FALSE,FALSE,FALSE,FALSE,FALSE,FALSE,FALSE,FALSE,FALSE,FALSE,FALSE,FALSE,FALSE,FALSE,-27.025,0,27,FALSE,FALSE,FALSE,1.176949,1.084367,1.19431,FALSE,FALSE,FALSE,0,0,0,FALSE,FALSE,FALSE,1.279668,FALSE,12.57,FALSE,24.12,FALSE
2025-05-20 13:02:45,158,12,78,193,303,268,159,166,174,227,285,234,272,232,182,181,240,298,290,655,370,337,444,272,236,472,490,554,419,255,457,469,456,434,303,340,312,226,186,426,287,FALSE,FALSE,FALSE,FALSE,FALSE,FALSE,FALSE,FALSE,FALSE,FALSE,FALSE,FALSE,FALSE,FALSE,FALSE,FALSE,FALSE,FALSE,FALSE,FALSE,FALSE,FALSE,FALSE,FALSE,FALSE,FALSE,FALSE,FALSE,FALSE,FALSE,FALSE,FALSE,FALSE,FALSE,FALSE,FALSE,FALSE,FALSE,FALSE,FALSE,FALSE,2.148521,4.045028,2.586811,1.621918,1.08602,1.41617,1.449107,1.395695,1.12296,1.461845,1.646253,1.530286,1.35109,1.572684,1.700416,1.676017,1.594198,1.6557,2.523381,2.657131,2.461205,2.472117,1.87713,2.406217,2.359367,2.112381,2.131863,2.365825,2.51242,2.202715,2.177977,2.46598,2.625594,2.714117,2.605534,2.371169,2.409964,2.588415,2.579935,2.629234,3.068088,FALSE,FALSE,FALSE,FALSE,FALSE,FALSE,FALSE,FALSE,FALSE,FALSE,FALSE,FALSE,FALSE,FALSE,FALSE,FALSE,FALSE,FALSE,FALSE,FALSE,FALSE,FALSE,FALSE,FALSE,FALSE,FALSE,FALSE,FALSE,FALSE,FALSE,FALSE,FALSE,FALSE,FALSE,FALSE,FALSE,FALSE,FALSE,FALSE,FALSE,FALSE,-27.025,0,27.075,FALSE,FALSE,FALSE,1.167371,1.075878,1.169409,FALSE,FALSE,FALSE,0,0,0,FALSE,FALSE,FALSE,1.275996,FALSE,11.81,FALSE,24,FALSE
2025-05-20 12:54:28,158,12,78,193,304,269,160,166,176,228,284,227,266,232,176,177,236,294,283,649,372,340,434,267,231,471,484,551,411,251,449,460,446,539,345,380,349,254,209,471,309,FALSE,FALSE,FALSE,FALSE,FALSE,FALSE,FALSE,FALSE,FALSE,FALSE,FALSE,FALSE,FALSE,FALSE,FALSE,FALSE,FALSE,FALSE,FALSE,FALSE,FALSE,FALSE,FALSE,FALSE,FALSE,FALSE,FALSE,FALSE,FALSE,FALSE,FALSE,FALSE,FALSE,FALSE,FALSE,FALSE,FALSE,FALSE,FALSE,FALSE,FALSE,2.250482,4.182458,2.660068,1.622102,1.076229,1.423428,1.457816,1.450548,1.137357,1.515514,1.620726,1.530629,1.325323,1.467357,1.682353,1.667248,1.609246,1.609602,2.420244,2.754319,2.540591,2.574395,1.907488,2.438707,2.368035,2.129697,2.130143,2.380248,2.46619,2.191687,2.187697,2.531576,2.633397,3.046482,2.692285,2.527901,2.559287,2.801729,2.799172,2.846769,3.174302,FALSE,FALSE,FALSE,FALSE,FALSE,FALSE,FALSE,FALSE,FALSE,FALSE,FALSE,FALSE,FALSE,FALSE,FALSE,FALSE,FALSE,FALSE,FALSE,FALSE,FALSE,FALSE,FALSE,FALSE,FALSE,FALSE,FALSE,FALSE,FALSE,FALSE,FALSE,FALSE,FALSE,FALSE,FALSE,FALSE,FALSE,FALSE,FALSE,FALSE,FALSE,-27.125,0,27.225,FALSE,FALSE,FALSE,1.166184,1.075521,1.177257,FALSE,FALSE,FALSE,0,0,0,FALSE,FALSE,FALSE,1.275691,FALSE,12.35,FALSE,24.12,FALSE
2025-05-20 12:29:37,158,12,78,192,301,267,159,165,174,226,283,233,274,232,181,180,238,299,291,652,369,338,440,273,238,470,487,559,423,255,461,470,459,469,331,373,343,247,204,465,313,FALSE,FALSE,FALSE,FALSE,FALSE,FALSE,FALSE,FALSE,FALSE,FALSE,FALSE,FALSE,FALSE,FALSE,FALSE,FALSE,FALSE,FALSE,FALSE,FALSE,FALSE,FALSE,FALSE,FALSE,FALSE,FALSE,FALSE,FALSE,FALSE,FALSE,FALSE,FALSE,FALSE,FALSE,FALSE,FALSE,FALSE,FALSE,FALSE,FALSE,FALSE,2.415091,4.160877,2.423787,1.933508,1.378324,1.662216,1.699207,1.67247,1.286702,1.728674,2.004777,1.88112,1.600538,1.875219,2.013568,1.999844,1.919636,1.977675,2.754797,2.602915,2.426101,2.472149,1.832085,2.340066,2.300428,2.044951,2.056858,2.272263,2.421257,2.08897,2.103133,2.50253,2.574816,2.831763,2.673451,2.45101,2.534284,2.730417,2.710461,2.766129,3.213321,FALSE,FALSE,FALSE,FALSE,FALSE,FALSE,FALSE,FALSE,FALSE,FALSE,FALSE,FALSE,FALSE,FALSE,FALSE,FALSE,FALSE,FALSE,FALSE,FALSE,FALSE,FALSE,FALSE,FALSE,FALSE,FALSE,FALSE,FALSE,FALSE,FALSE,FALSE,FALSE,FALSE,FALSE,FALSE,FALSE,FALSE,FALSE,FALSE,FALSE,FALSE,-27,0,27,FALSE,FALSE,FALSE,1.167829,1.074902,1.170656,FALSE,FALSE,FALSE,0,0,0,FALSE,FALSE,FALSE,1.273477,FALSE,12.85,FALSE,23.75,FALSE
2025-05-20 12:16:37,158,12,78,193,306,272,158,165,175,222,286,235,280,233,180,182,242,306,309,659,373,339,443,276,239,476,489,565,426,258,462,478,483,452,326,373,341,253,206,475,327,FALSE,FALSE,FALSE,FALSE,FALSE,FALSE,FALSE,FALSE,FALSE,FALSE,FALSE,FALSE,FALSE,FALSE,FALSE,FALSE,FALSE,FALSE,FALSE,FALSE,FALSE,FALSE,FALSE,FALSE,FALSE,FALSE,FALSE,FALSE,FALSE,FALSE,FALSE,FALSE,FALSE,FALSE,FALSE,FALSE,FALSE,FALSE,FALSE,FALSE,FALSE,2.176311,4.09094,2.482241,1.799913,1.34346,1.574865,1.614192,1.574583,1.36043,1.635462,1.796308,1.821993,1.652372,1.763389,1.944709,1.931366,1.873257,1.914959,2.722388,2.453031,2.238205,2.282412,1.638351,2.160864,2.122626,1.837498,1.951097,2.20142,2.243942,1.988487,2.014025,2.231558,2.439277,2.547834,2.500847,2.267329,2.2445,2.404198,2.41798,2.503948,3.000152,FALSE,FALSE,FALSE,FALSE,FALSE,FALSE,FALSE,FALSE,FALSE,FALSE,FALSE,FALSE,FALSE,FALSE,FALSE,FALSE,FALSE,FALSE,FALSE,FALSE,FALSE,FALSE,FALSE,FALSE,FALSE,FALSE,FALSE,FALSE,FALSE,FALSE,FALSE,FALSE,FALSE,FALSE,FALSE,FALSE,FALSE,FALSE,FALSE,FALSE,FALSE,-27,0,26.775,FALSE,FALSE,FALSE,1.168951,1.075848,1.170492,FALSE,FALSE,FALSE,0,0,0,FALSE,FALSE,FALSE,1.274147,FALSE,10.9,FALSE,23.88,FALSE
2025-05-20 12:11:13,158,12,78,193,306,272,158,165,175,222,286,235,280,233,180,182,242,306,309,659,373,339,443,276,239,476,489,565,426,258,462,478,483,452,326,373,341,253,206,475,327,FALSE,FALSE,FALSE,FALSE,FALSE,FALSE,FALSE,FALSE,FALSE,FALSE,FALSE,FALSE,FALSE,FALSE,FALSE,FALSE,FALSE,FALSE,FALSE,FALSE,FALSE,FALSE,FALSE,FALSE,FALSE,FALSE,FALSE,FALSE,FALSE,FALSE,FALSE,FALSE,FALSE,FALSE,FALSE,FALSE,FALSE,FALSE,FALSE,FALSE,FALSE,2.324476,4.119717,2.525962,2.049341,1.776656,1.815809,1.875534,1.94521,1.731138,1.872367,2.006015,2.214528,2.013359,2.090436,2.249011,2.315527,2.250656,2.270671,3.043722,2.56407,2.318511,2.360216,1.71349,2.242219,2.228709,2.001942,1.980937,2.258412,2.351217,2.112102,2.077507,2.359078,2.539392,2.667137,2.647095,2.478889,2.450387,2.608074,2.590839,2.714275,3.096297,FALSE,FALSE,FALSE,FALSE,FALSE,FALSE,FALSE,FALSE,FALSE,FALSE,FALSE,FALSE,FALSE,FALSE,FALSE,FALSE,FALSE,FALSE,FALSE,FALSE,FALSE,FALSE,FALSE,FALSE,FALSE,FALSE,FALSE,FALSE,FALSE,FALSE,FALSE,FALSE,FALSE,FALSE,FALSE,FALSE,FALSE,FALSE,FALSE,FALSE,FALSE,-26.55,0,26.65,FALSE,FALSE,FALSE,1.169171,1.075369,1.169492,FALSE,FALSE,FALSE,0,0,0,FALSE,FALSE,FALSE,1.273574,FALSE,10.99,FALSE,23.88,FALSE
2025-05-20 10:55:15,188,15,84,237,376,332,194,203,212,275,349,291,343,288,223,224,298,378,393,720,412,376,485,310,269,530,543,634,483,287,511,541,559,464,338,387,360,263,215,492,347,FALSE,FALSE,FALSE,FALSE,FALSE,FALSE,FALSE,FALSE,FALSE,FALSE,FALSE,FALSE,FALSE,FALSE,FALSE,FALSE,FALSE,FALSE,FALSE,FALSE,FALSE,FALSE,FALSE,FALSE,FALSE,FALSE,FALSE,FALSE,FALSE,FALSE,FALSE,FALSE,FALSE,FALSE,FALSE,FALSE,FALSE,FALSE,FALSE,FALSE,FALSE,2.180778,4.349123,2.855744,2.217536,1.973161,1.939974,2.030007,2.13048,1.953709,2.071704,2.219362,2.464139,2.280781,2.365395,2.532547,2.596851,2.550224,2.602904,3.396662,3.348467,3.201732,3.249021,2.64715,3.19182,3.11251,2.878069,2.77525,3.146147,3.07344,2.880365,2.89588,3.085765,3.265571,2.940006,3.072175,2.928154,2.884641,3.038208,3.042703,3.090428,3.010981,FALSE,FALSE,FALSE,FALSE,FALSE,FALSE,FALSE,FALSE,FALSE,FALSE,FALSE,FALSE,FALSE,FALSE,FALSE,FALSE,FALSE,FALSE,FALSE,FALSE,FALSE,FALSE,FALSE,FALSE,FALSE,FALSE,FALSE,FALSE,FALSE,FALSE,FALSE,FALSE,FALSE,FALSE,FALSE,FALSE,FALSE,FALSE,FALSE,FALSE,FALSE,-27.275,0,26.525,FALSE,FALSE,FALSE,1.1073,0.9627596,1.146811,FALSE,FALSE,FALSE,0,0,0,FALSE,FALSE,FALSE,0.9970377,FALSE,11.06,FALSE,28.88,FALSE
2025-05-20 10:29:48,188,15,82,239,378,335,196,205,215,278,352,292,344,295,227,227,301,381,372,717,407,372,480,307,264,527,536,632,472,284,505,528,521,491,349,390,364,264,216,487,324,FALSE,FALSE,FALSE,FALSE,FALSE,FALSE,FALSE,FALSE,FALSE,FALSE,FALSE,FALSE,FALSE,FALSE,FALSE,FALSE,FALSE,FALSE,FALSE,FALSE,FALSE,FALSE,FALSE,FALSE,FALSE,FALSE,FALSE,FALSE,FALSE,FALSE,FALSE,FALSE,FALSE,FALSE,FALSE,FALSE,FALSE,FALSE,FALSE,FALSE,FALSE,2.183343,4.40807,2.85618,2.333398,2.06265,2.027567,2.113107,2.197884,2.038304,2.12851,2.305087,2.576231,2.361965,2.448557,2.598895,2.65242,2.564876,2.667599,3.361739,3.315525,3.205001,3.218297,2.621309,3.16056,3.067087,2.831468,2.719175,3.108524,3.033222,2.84824,2.852846,3.004494,3.281955,3.015295,3.065863,2.918838,2.91035,3.068246,3.071513,3.116529,3.110775,FALSE,FALSE,FALSE,FALSE,FALSE,FALSE,FALSE,FALSE,FALSE,FALSE,FALSE,FALSE,FALSE,FALSE,FALSE,FALSE,FALSE,FALSE,FALSE,FALSE,FALSE,FALSE,FALSE,FALSE,FALSE,FALSE,FALSE,FALSE,FALSE,FALSE,FALSE,FALSE,FALSE,FALSE,FALSE,FALSE,FALSE,FALSE,FALSE,FALSE,FALSE,-27.275,0,26.6,FALSE,FALSE,FALSE,1.1088,0.9676784,1.148525,FALSE,FALSE,FALSE,0,0,0,FALSE,FALSE,FALSE,1.004585,FALSE,12.43,FALSE,28.62,FALSE
2025-05-20 10:06:43,176,15,82,239,378,335,196,205,215,278,352,292,344,295,227,227,301,381,372,717,407,372,480,307,264,527,536,632,472,284,505,528,521,491,349,390,364,264,216,487,324,FALSE,FALSE,FALSE,FALSE,FALSE,FALSE,FALSE,FALSE,FALSE,FALSE,FALSE,FALSE,FALSE,FALSE,FALSE,FALSE,FALSE,FALSE,FALSE,FALSE,FALSE,FALSE,FALSE,FALSE,FALSE,FALSE,FALSE,FALSE,FALSE,FALSE,FALSE,FALSE,FALSE,FALSE,FALSE,FALSE,FALSE,FALSE,FALSE,FALSE,FALSE,2.218399,4.522803,2.974327,2.386508,2.091372,2.061771,2.139427,2.243261,2.029483,2.174335,2.346273,2.622502,2.387005,2.4531,2.661089,2.72892,2.616851,2.711797,3.383316,3.388049,3.195169,3.226508,2.608227,3.179223,3.109858,2.860523,2.752914,3.132078,3.093967,2.912944,2.960402,3.064169,3.28239,3.045875,3.11904,2.988702,2.98544,3.158989,3.165914,3.228492,3.103355,FALSE,FALSE,FALSE,FALSE,FALSE,FALSE,FALSE,FALSE,FALSE,FALSE,FALSE,FALSE,FALSE,FALSE,FALSE,FALSE,FALSE,FALSE,FALSE,FALSE,FALSE,FALSE,FALSE,FALSE,FALSE,FALSE,FALSE,FALSE,FALSE,FALSE,FALSE,FALSE,FALSE,FALSE,FALSE,FALSE,FALSE,FALSE,FALSE,FALSE,FALSE,-27.275,0,26.6,FALSE,FALSE,FALSE,1.112275,0.9764848,1.151203,FALSE,FALSE,FALSE,0,0,0,FALSE,FALSE,FALSE,1.016468,FALSE,12.93,FALSE,28.25,FALSE
2025-05-20 09:47:00,176,15,81,237,372,332,194,205,213,277,347,285,336,293,221,222,297,372,357,708,402,369,474,296,257,512,532,613,460,277,494,515,498,527,353,385,362,262,214,482,314,FALSE,FALSE,FALSE,FALSE,FALSE,FALSE,FALSE,FALSE,FALSE,FALSE,FALSE,FALSE,FALSE,FALSE,FALSE,FALSE,FALSE,FALSE,FALSE,FALSE,FALSE,FALSE,FALSE,FALSE,FALSE,FALSE,FALSE,FALSE,FALSE,FALSE,FALSE,FALSE,FALSE,FALSE,FALSE,FALSE,FALSE,FALSE,FALSE,FALSE,FALSE,2.237696,4.395374,2.960732,2.273617,1.951456,1.987704,2.069215,2.154433,1.938983,2.105805,2.232448,2.522129,2.285845,2.330135,2.515414,2.568744,2.453565,2.546867,3.230076,3.162907,3.000119,3.041468,2.346611,2.945286,2.888966,2.649082,2.521989,2.924056,2.909137,2.628546,2.722317,2.831955,3.071436,3.042443,3.059045,2.92126,2.883064,3.091746,3.11046,3.187352,3.109766,FALSE,FALSE,FALSE,FALSE,FALSE,FALSE,FALSE,FALSE,FALSE,FALSE,FALSE,FALSE,FALSE,FALSE,FALSE,FALSE,FALSE,FALSE,FALSE,FALSE,FALSE,FALSE,FALSE,FALSE,FALSE,FALSE,FALSE,FALSE,FALSE,FALSE,FALSE,FALSE,FALSE,FALSE,FALSE,FALSE,FALSE,FALSE,FALSE,FALSE,FALSE,-27.25,0,26.65,FALSE,FALSE,FALSE,1.115324,0.9869154,1.152496,FALSE,FALSE,FALSE,0,0,0,FALSE,FALSE,FALSE,1.034593,FALSE,13.11,FALSE,27.62,FALSE
2025-05-20 09:27:48,176,15,78,239,379,335,196,206,215,278,350,290,342,293,224,223,297,373,361,683,388,357,455,286,250,497,504,588,446,265,473,492,480,492,342,379,353,256,209,471,312,FALSE,FALSE,FALSE,FALSE,FALSE,FALSE,FALSE,FALSE,FALSE,FALSE,FALSE,FALSE,FALSE,FALSE,FALSE,FALSE,FALSE,FALSE,FALSE,FALSE,FALSE,FALSE,FALSE,FALSE,FALSE,FALSE,FALSE,FALSE,FALSE,FALSE,FALSE,FALSE,FALSE,FALSE,FALSE,FALSE,FALSE,FALSE,FALSE,FALSE,FALSE,2.28424,4.276446,2.787435,2.113642,1.817069,1.847624,1.912909,2.000975,1.791451,1.952444,2.117649,2.378958,2.164247,2.21323,2.426067,2.500763,2.422925,2.448934,3.169938,2.956431,2.747852,2.801538,2.170065,2.746567,2.673403,2.453919,2.399706,2.739422,2.723708,2.504944,2.569402,2.689142,2.984931,2.751191,2.840638,2.659297,2.651949,2.824674,2.830212,2.919932,2.979287,FALSE,FALSE,FALSE,FALSE,FALSE,FALSE,FALSE,FALSE,FALSE,FALSE,FALSE,FALSE,FALSE,FALSE,FALSE,FALSE,FALSE,FALSE,FALSE,FALSE,FALSE,FALSE,FALSE,FALSE,FALSE,FALSE,FALSE,FALSE,FALSE,FALSE,FALSE,FALSE,FALSE,FALSE,FALSE,FALSE,FALSE,FALSE,FALSE,FALSE,FALSE,-27.175,0,26.7,FALSE,FALSE,FALSE,1.120673,1.005022,1.156729,FALSE,FALSE,FALSE,0,0,0,FALSE,FALSE,FALSE,1.065727,FALSE,13,FALSE,26.75,FALSE
2025-05-20 09:12:37,176,15,78,239,379,335,196,206,215,278,350,290,342,293,224,223,297,373,361,683,388,357,455,286,250,497,504,588,446,265,473,492,480,492,342,379,353,256,209,471,312,FALSE,FALSE,FALSE,FALSE,FALSE,FALSE,FALSE,FALSE,FALSE,FALSE,FALSE,FALSE,FALSE,FALSE,FALSE,FALSE,FALSE,FALSE,FALSE,FALSE,FALSE,FALSE,FALSE,FALSE,FALSE,FALSE,FALSE,FALSE,FALSE,FALSE,FALSE,FALSE,FALSE,FALSE,FALSE,FALSE,FALSE,FALSE,FALSE,FALSE,FALSE,2.424798,4.167778,2.846361,2.066999,1.697563,1.78109,1.86547,1.936381,1.704358,1.886005,2.038795,2.270699,2.033211,2.139606,2.314056,2.37018,2.3157,2.379007,3.270717,2.771669,2.562477,2.659171,1.935594,2.60066,2.558094,2.249699,2.157241,2.535849,2.559079,2.275492,2.38828,2.489542,2.899416,2.507358,2.508854,2.262135,2.248376,2.432029,2.470818,2.562123,3.085534,FALSE,FALSE,FALSE,FALSE,FALSE,FALSE,FALSE,FALSE,FALSE,FALSE,FALSE,FALSE,FALSE,FALSE,FALSE,FALSE,FALSE,FALSE,FALSE,FALSE,FALSE,FALSE,FALSE,FALSE,FALSE,FALSE,FALSE,FALSE,FALSE,FALSE,FALSE,FALSE,FALSE,FALSE,FALSE,FALSE,FALSE,FALSE,FALSE,FALSE,FALSE,-27.25,0,26.925,FALSE,FALSE,FALSE,1.127406,1.022529,1.15845,FALSE,FALSE,FALSE,0,0,0,FALSE,FALSE,FALSE,1.097651,FALSE,13.31,FALSE,25.75,FALSE
2025-05-20 08:38:33,156,15,76,239,373,332,196,206,215,280,354,286,338,289,217,217,289,366,361,648,374,343,442,273,237,474,482,555,422,254,454,471,466,510,344,381,353,259,210,479,330,FALSE,FALSE,FALSE,FALSE,FALSE,FALSE,FALSE,FALSE,FALSE,FALSE,FALSE,FALSE,FALSE,FALSE,FALSE,FALSE,FALSE,FALSE,FALSE,FALSE,FALSE,FALSE,FALSE,FALSE,FALSE,FALSE,FALSE,FALSE,FALSE,FALSE,FALSE,FALSE,FALSE,FALSE,FALSE,FALSE,FALSE,FALSE,FALSE,FALSE,FALSE,4.741064,4.966514,3.421711,3.06285,2.918932,2.71959,2.789154,2.852802,2.724071,2.818615,3.050983,3.328298,3.265084,3.364105,3.492453,3.537739,3.59559,3.664102,5.446891,2.435941,2.339704,2.479368,1.535976,2.322376,2.177603,1.751895,1.833099,2.288385,2.372543,1.813279,2.077061,2.225102,3.942017,4.12852,4.143088,3.673733,3.447717,3.601612,3.723823,3.618441,4.78117,FALSE,FALSE,FALSE,FALSE,FALSE,FALSE,FALSE,FALSE,FALSE,FALSE,FALSE,FALSE,FALSE,FALSE,FALSE,FALSE,FALSE,FALSE,FALSE,FALSE,FALSE,FALSE,FALSE,FALSE,FALSE,FALSE,FALSE,FALSE,FALSE,FALSE,FALSE,FALSE,FALSE,FALSE,FALSE,FALSE,FALSE,FALSE,FALSE,FALSE,FALSE,-27.225,0,27.15,FALSE,FALSE,FALSE,1.140604,1.061504,1.16725,FALSE,FALSE,FALSE,0,0,0,FALSE,FALSE,FALSE,1.187232,FALSE,11.49,FALSE,23.62,FALSE
2025-05-19 18:19:10,171,15,79,242,383,341,200,210,219,284,357,294,345,292,225,223,295,373,364,640,369,338,442,271,238,470,489,557,422,253,455,468,459,463,325,366,341,247,201,456,310,FALSE,FALSE,FALSE,FALSE,FALSE,FALSE,FALSE,FALSE,FALSE,FALSE,FALSE,FALSE,FALSE,FALSE,FALSE,FALSE,FALSE,FALSE,FALSE,FALSE,FALSE,FALSE,FALSE,FALSE,FALSE,FALSE,FALSE,FALSE,FALSE,FALSE,FALSE,FALSE,FALSE,FALSE,FALSE,FALSE,FALSE,FALSE,FALSE,FALSE,FALSE,2.283351,4.260821,2.353261,2.098142,1.721429,1.837873,1.886324,1.916063,1.68041,1.907147,2.060119,2.259063,2.044343,2.111077,2.308992,2.308095,2.280674,2.325209,3.109869,2.554087,2.398188,2.508829,1.73731,2.374174,2.27583,1.942163,2.029355,2.403708,2.483926,2.077863,2.127494,2.260946,2.449401,2.217964,2.307067,2.023323,1.98579,2.167027,2.174678,2.258931,2.647938,FALSE,FALSE,FALSE,FALSE,FALSE,FALSE,FALSE,FALSE,FALSE,FALSE,FALSE,FALSE,FALSE,FALSE,FALSE,FALSE,FALSE,FALSE,FALSE,FALSE,FALSE,FALSE,FALSE,FALSE,FALSE,FALSE,FALSE,FALSE,FALSE,FALSE,FALSE,FALSE,FALSE,FALSE,FALSE,FALSE,FALSE,FALSE,FALSE,FALSE,FALSE,-27.175,0,26.825,FALSE,FALSE,FALSE,1.130743,1.033585,1.164117,FALSE,FALSE,FALSE,0,0,0,FALSE,FALSE,FALSE,1.118871,FALSE,12.09,FALSE,25.5,FALSE
2025-05-19 16:09:08,184,15,79,242,383,341,200,210,219,284,357,294,345,292,225,223,295,373,364,640,369,338,442,271,238,470,489,557,422,253,455,468,459,463,325,366,341,247,201,456,310,FALSE,FALSE,FALSE,FALSE,FALSE,FALSE,FALSE,FALSE,FALSE,FALSE,FALSE,FALSE,FALSE,FALSE,FALSE,FALSE,FALSE,FALSE,FALSE,FALSE,FALSE,FALSE,FALSE,FALSE,FALSE,FALSE,FALSE,FALSE,FALSE,FALSE,FALSE,FALSE,FALSE,FALSE,FALSE,FALSE,FALSE,FALSE,FALSE,FALSE,FALSE,2.387519,4.134973,2.225882,1.619744,1.118063,1.428865,1.416529,1.425833,1.159685,1.446668,1.582486,1.63287,1.37016,1.541903,1.701012,1.732132,1.639218,1.703633,2.593011,2.37641,2.083136,2.200212,1.550813,2.116334,2.102777,1.834625,1.884736,2.063252,2.177717,1.942863,2.007461,2.102785,2.372475,2.136192,2.229914,1.895103,1.888602,2.087097,2.062096,2.155178,2.669011,FALSE,FALSE,FALSE,FALSE,FALSE,FALSE,FALSE,FALSE,FALSE,FALSE,FALSE,FALSE,FALSE,FALSE,FALSE,FALSE,FALSE,FALSE,FALSE,FALSE,FALSE,FALSE,FALSE,FALSE,FALSE,FALSE,FALSE,FALSE,FALSE,FALSE,FALSE,FALSE,FALSE,FALSE,FALSE,FALSE,FALSE,FALSE,FALSE,FALSE,FALSE,-27,0,26.95,FALSE,FALSE,FALSE,1.140957,1.054414,1.170659,FALSE,FALSE,FALSE,0,0,0,FALSE,FALSE,FALSE,1.14952,FALSE,11.97,FALSE,24.12,FALSE
2025-05-19 15:59:52,184,15,79,242,383,341,200,210,219,284,357,294,345,292,225,223,295,373,364,640,369,338,442,271,238,470,489,557,422,253,455,468,459,463,325,366,341,247,201,456,310,FALSE,FALSE,FALSE,FALSE,FALSE,FALSE,FALSE,FALSE,FALSE,FALSE,FALSE,FALSE,FALSE,FALSE,FALSE,FALSE,FALSE,FALSE,FALSE,FALSE,FALSE,FALSE,FALSE,FALSE,FALSE,FALSE,FALSE,FALSE,FALSE,FALSE,FALSE,FALSE,FALSE,FALSE,FALSE,FALSE,FALSE,FALSE,FALSE,FALSE,FALSE,2.34811,4.464669,2.205484,1.677693,1.169425,1.490635,1.531574,1.533785,1.306861,1.568698,1.671583,1.470097,1.198272,1.489148,1.572033,1.517642,1.29832,1.444298,2.372159,2.431899,2.316919,2.418334,1.681729,2.295262,2.198082,1.877522,1.946711,2.286463,2.358382,2.01291,2.050565,2.284685,2.461938,2.199923,2.200869,1.892631,1.878954,2.088785,2.09437,2.170007,2.641418,FALSE,FALSE,FALSE,FALSE,FALSE,FALSE,FALSE,FALSE,FALSE,FALSE,FALSE,FALSE,FALSE,FALSE,FALSE,FALSE,FALSE,FALSE,FALSE,FALSE,FALSE,FALSE,FALSE,FALSE,FALSE,FALSE,FALSE,FALSE,FALSE,FALSE,FALSE,FALSE,FALSE,FALSE,FALSE,FALSE,FALSE,FALSE,FALSE,FALSE,FALSE,-27.25,0,27,FALSE,FALSE,FALSE,1.112956,1.053499,1.170959,FALSE,FALSE,FALSE,0,0,0,FALSE,FALSE,FALSE,1.147057,FALSE,12.39,FALSE,24.25,FALSE
2025-05-19 15:41:29,184,15,78,241,380,335,197,206,217,281,350,283,335,290,217,217,289,365,345,650,369,339,437,269,234,471,478,546,415,249,444,458,439,504,334,365,338,247,199,451,299,FALSE,FALSE,FALSE,FALSE,FALSE,FALSE,FALSE,FALSE,FALSE,FALSE,FALSE,FALSE,FALSE,FALSE,FALSE,FALSE,FALSE,FALSE,FALSE,FALSE,FALSE,FALSE,FALSE,FALSE,FALSE,FALSE,FALSE,FALSE,FALSE,FALSE,FALSE,FALSE,FALSE,FALSE,FALSE,FALSE,FALSE,FALSE,FALSE,FALSE,FALSE,2.061037,4.015621,1.848034,1.302035,0.9710134,1.174309,1.199506,1.147575,1.043945,1.178451,1.269491,1.08377,0.9683101,1.257758,1.383541,1.303077,1.2528,1.388075,2.38481,2.342274,2.002597,2.088969,1.699163,2.132133,2.140455,1.827365,2.040825,2.114123,2.194247,2.024335,2.026653,2.219124,2.403009,2.407313,2.096808,1.671884,1.631983,1.788661,1.690731,1.863892,2.570753,FALSE,FALSE,FALSE,FALSE,FALSE,FALSE,FALSE,FALSE,FALSE,FALSE,FALSE,FALSE,FALSE,FALSE,FALSE,FALSE,FALSE,FALSE,FALSE,FALSE,FALSE,FALSE,FALSE,FALSE,FALSE,FALSE,FALSE,FALSE,FALSE,FALSE,FALSE,FALSE,FALSE,FALSE,FALSE,FALSE,FALSE,FALSE,FALSE,FALSE,FALSE,-27.375,0,26.975,FALSE,FALSE,FALSE,1.120953,1.05,1.168324,FALSE,FALSE,FALSE,0,0,0,FALSE,FALSE,FALSE,1.141443,FALSE,13.24,FALSE,24.25,FALSE
2025-05-19 15:33:04,184,14,77,230,365,326,190,200,210,270,341,280,334,278,213,213,284,361,370,647,368,335,439,271,237,467,477,554,416,250,447,466,478,429,308,357,329,241,196,449,322,FALSE,FALSE,FALSE,FALSE,FALSE,FALSE,FALSE,FALSE,FALSE,FALSE,FALSE,FALSE,FALSE,FALSE,FALSE,FALSE,FALSE,FALSE,FALSE,FALSE,FALSE,FALSE,FALSE,FALSE,FALSE,FALSE,FALSE,FALSE,FALSE,FALSE,FALSE,FALSE,FALSE,FALSE,FALSE,FALSE,FALSE,FALSE,FALSE,FALSE,FALSE,2.091014,4.286832,2.321501,1.555333,1.236364,1.279978,1.385813,1.47958,1.243177,1.342724,1.382908,1.541958,1.235705,1.395789,1.594756,1.623966,1.503696,1.540531,2.494767,2.575895,2.370692,2.424197,1.861693,2.3643,2.329499,2.119691,2.101054,2.313363,2.418679,2.192013,2.165596,2.422343,2.614319,2.184068,2.315401,2.023798,2.046064,2.220389,2.165382,2.285036,2.716583,FALSE,FALSE,FALSE,FALSE,FALSE,FALSE,FALSE,FALSE,FALSE,FALSE,FALSE,FALSE,FALSE,FALSE,FALSE,FALSE,FALSE,FALSE,FALSE,FALSE,FALSE,FALSE,FALSE,FALSE,FALSE,FALSE,FALSE,FALSE,FALSE,FALSE,FALSE,FALSE,FALSE,FALSE,FALSE,FALSE,FALSE,FALSE,FALSE,FALSE,FALSE,-26.1,0,27.025,FALSE,FALSE,FALSE,1.142851,1.044473,1.167259,FALSE,FALSE,FALSE,0,0,0,FALSE,FALSE,FALSE,1.131779,FALSE,10.44,FALSE,24.25,FALSE
2025-05-19 15:27:20,184,15,81,243,387,342,202,211,220,285,359,297,344,291,223,221,296,371,368,655,368,333,434,272,236,467,485,549,414,248,450,462,457,446,318,363,335,244,199,450,310,FALSE,FALSE,FALSE,FALSE,FALSE,FALSE,FALSE,FALSE,FALSE,FALSE,FALSE,FALSE,FALSE,FALSE,FALSE,FALSE,FALSE,FALSE,FALSE,FALSE,FALSE,FALSE,FALSE,FALSE,FALSE,FALSE,FALSE,FALSE,FALSE,FALSE,FALSE,FALSE,FALSE,FALSE,FALSE,FALSE,FALSE,FALSE,FALSE,FALSE,FALSE,2.167491,4.250614,2.48895,1.690225,1.206433,1.451378,1.477042,1.421905,1.168625,1.488297,1.703471,1.699685,1.471044,1.705885,1.847358,1.829577,1.790645,1.879902,2.822344,2.771066,2.559587,2.541401,2.023633,2.504935,2.459351,2.262701,2.180741,2.469403,2.533455,2.305656,2.274966,2.50119,2.772573,2.23193,2.380513,2.088437,2.087244,2.284544,2.258289,2.376009,2.768296,FALSE,FALSE,FALSE,FALSE,FALSE,FALSE,FALSE,FALSE,FALSE,FALSE,FALSE,FALSE,FALSE,FALSE,FALSE,FALSE,FALSE,FALSE,FALSE,FALSE,FALSE,FALSE,FALSE,FALSE,FALSE,FALSE,FALSE,FALSE,FALSE,FALSE,FALSE,FALSE,FALSE,FALSE,FALSE,FALSE,FALSE,FALSE,FALSE,FALSE,FALSE,-27.2,0,26.975,FALSE,FALSE,FALSE,1.086433,1.046592,1.17068,FALSE,FALSE,FALSE,0,0,0,FALSE,FALSE,FALSE,1.134056,FALSE,11.4,FALSE,24.25,FALSE
2025-05-19 15:11:58,184,15,81,243,387,342,202,211,220,285,359,297,344,291,223,221,296,371,368,655,368,333,434,272,236,467,485,549,414,248,450,462,457,446,318,363,335,244,199,450,310,FALSE,FALSE,FALSE,FALSE,FALSE,FALSE,FALSE,FALSE,FALSE,FALSE,FALSE,FALSE,FALSE,FALSE,FALSE,FALSE,FALSE,FALSE,FALSE,FALSE,FALSE,FALSE,FALSE,FALSE,FALSE,FALSE,FALSE,FALSE,FALSE,FALSE,FALSE,FALSE,FALSE,FALSE,FALSE,FALSE,FALSE,FALSE,FALSE,FALSE,FALSE,2.195451,4.183002,2.369213,1.942871,1.609092,1.664366,1.698093,1.769728,1.495786,1.708947,1.873074,2.051831,1.856845,1.955683,2.157596,2.168714,2.11431,2.168604,2.935174,2.66933,2.4746,2.577076,1.942095,2.466875,2.417529,2.129881,2.080174,2.338335,2.503535,2.143064,2.092022,2.555748,2.614856,2.226731,2.344467,2.051168,2.078448,2.267905,2.228776,2.341604,2.772036,FALSE,FALSE,FALSE,FALSE,FALSE,FALSE,FALSE,FALSE,FALSE,FALSE,FALSE,FALSE,FALSE,FALSE,FALSE,FALSE,FALSE,FALSE,FALSE,FALSE,FALSE,FALSE,FALSE,FALSE,FALSE,FALSE,FALSE,FALSE,FALSE,FALSE,FALSE,FALSE,FALSE,FALSE,FALSE,FALSE,FALSE,FALSE,FALSE,FALSE,FALSE,-26.525,0,26.95,FALSE,FALSE,FALSE,1.110372,1.047845,1.171067,FALSE,FALSE,FALSE,0,0,0,FALSE,FALSE,FALSE,1.135092,FALSE,11.46,FALSE,24.25,FALSE
2025-05-19 15:05:48,184,15,81,243,387,342,202,211,220,285,359,297,344,291,223,221,296,371,368,655,368,333,434,272,236,467,485,549,414,248,450,462,457,446,318,363,335,244,199,450,310,FALSE,FALSE,FALSE,FALSE,FALSE,FALSE,FALSE,FALSE,FALSE,FALSE,FALSE,FALSE,FALSE,FALSE,FALSE,FALSE,FALSE,FALSE,FALSE,FALSE,FALSE,FALSE,FALSE,FALSE,FALSE,FALSE,FALSE,FALSE,FALSE,FALSE,FALSE,FALSE,FALSE,FALSE,FALSE,FALSE,FALSE,FALSE,FALSE,FALSE,FALSE,2.316419,4.352989,2.40686,1.608444,1.11589,1.456637,1.452191,1.468453,1.20813,1.47077,1.563604,1.480505,1.17098,1.430839,1.569436,1.52545,1.402899,1.493845,2.459534,2.616036,2.407253,2.446005,1.847008,2.356885,2.313179,2.058091,2.068284,2.298107,2.432755,2.113157,2.101317,2.458068,2.637333,2.324475,2.38537,2.067147,2.144355,2.252216,2.094922,2.337254,2.681843,FALSE,FALSE,FALSE,FALSE,FALSE,FALSE,FALSE,FALSE,FALSE,FALSE,FALSE,FALSE,FALSE,FALSE,FALSE,FALSE,FALSE,FALSE,FALSE,FALSE,FALSE,FALSE,FALSE,FALSE,FALSE,FALSE,FALSE,FALSE,FALSE,FALSE,FALSE,FALSE,FALSE,FALSE,FALSE,FALSE,FALSE,FALSE,FALSE,FALSE,FALSE,-27.225,0,26.375,FALSE,FALSE,FALSE,1.086777,1.047058,1.169159,FALSE,FALSE,FALSE,0,0,0,FALSE,FALSE,FALSE,1.135911,FALSE,11.94,FALSE,24,FALSE
2025-05-19 09:04:29,125,21,127,288,462,414,237,237,258,325,422,323,400,345,257,246,342,434,416,1109,597,541,736,443,366,736,791,867,606,381,708,692,656,564,385,411,421,281,224,510,355,FALSE,FALSE,FALSE,FALSE,FALSE,FALSE,FALSE,FALSE,FALSE,FALSE,FALSE,FALSE,FALSE,FALSE,FALSE,FALSE,FALSE,FALSE,FALSE,FALSE,FALSE,FALSE,FALSE,FALSE,FALSE,FALSE,FALSE,FALSE,FALSE,FALSE,FALSE,FALSE,FALSE,FALSE,FALSE,FALSE,FALSE,FALSE,FALSE,FALSE,FALSE,2.244152,5.866128,2.161953,2.707307,2.525363,2.398754,2.343403,2.21655,2.200319,2.031768,1.923376,1.625842,1.691074,1.912688,2.066554,2.102081,2.336211,2.478137,3.214221,4.724484,4.569467,4.572101,4.50508,4.407443,4.303159,4.25697,4.395151,4.169386,4.20411,4.265924,4.214125,4.361128,4.466744,2.733475,3.091877,3.048673,2.769442,3.019713,3.138112,3.207639,3.084427,FALSE,FALSE,FALSE,FALSE,FALSE,FALSE,FALSE,FALSE,FALSE,FALSE,FALSE,FALSE,FALSE,FALSE,FALSE,FALSE,FALSE,FALSE,FALSE,FALSE,FALSE,FALSE,FALSE,FALSE,FALSE,FALSE,FALSE,FALSE,FALSE,FALSE,FALSE,FALSE,FALSE,FALSE,FALSE,FALSE,FALSE,FALSE,FALSE,FALSE,FALSE,-27.6,0,27.625,FALSE,FALSE,FALSE,1.14825,0.9359342,1.051039,FALSE,FALSE,FALSE,0,0,0,FALSE,FALSE,FALSE,1.115005,FALSE,13.71,FALSE,24.88,FALSE
2025-05-16 09:12:43,125,22,129,294,471,425,240,240,261,330,425,325,401,340,250,244,339,437,481,1110,595,554,730,445,367,721,775,850,603,377,699,698,756,553,363,399,416,276,220,519,420,FALSE,FALSE,FALSE,FALSE,FALSE,FALSE,FALSE,FALSE,FALSE,FALSE,FALSE,FALSE,FALSE,FALSE,FALSE,FALSE,FALSE,FALSE,FALSE,FALSE,FALSE,FALSE,FALSE,FALSE,FALSE,FALSE,FALSE,FALSE,FALSE,FALSE,FALSE,FALSE,FALSE,FALSE,FALSE,FALSE,FALSE,FALSE,FALSE,FALSE,FALSE,3.529806,5.816092,2.147435,2.975128,2.771618,2.650524,2.581536,2.416066,2.407558,2.216714,2.096511,1.806015,1.85938,2.41731,2.605958,2.303446,2.626813,2.652147,7.891561,4.994576,4.871708,4.800234,4.68802,4.601804,4.481751,4.479056,4.472276,4.34935,4.335864,4.318324,4.391977,4.571954,9.061598,3.007476,3.338645,2.624304,2.242925,2.522679,2.618768,3.552396,10.1133,FALSE,FALSE,FALSE,FALSE,FALSE,FALSE,FALSE,FALSE,FALSE,FALSE,FALSE,FALSE,FALSE,FALSE,FALSE,FALSE,FALSE,FALSE,TRUE,FALSE,FALSE,FALSE,FALSE,FALSE,FALSE,FALSE,FALSE,FALSE,FALSE,FALSE,FALSE,FALSE,TRUE,FALSE,FALSE,FALSE,FALSE,FALSE,FALSE,FALSE,TRUE,-27.475,0,27.675,FALSE,FALSE,FALSE,1.14607,0.928609,1.051797,FALSE,FALSE,FALSE,0,0,0,FALSE,FALSE,FALSE,1.107499,FALSE,14.51,FALSE,23.75,FALSE
2025-05-09 12:47:22,125,22,129,295,473,428,244,243,265,333,434,330,407,351,258,248,341,433,434,1111,612,562,738,449,371,743,796,872,606,379,700,693,681,556,371,400,411,274,219,503,367,FALSE,FALSE,FALSE,FALSE,FALSE,FALSE,FALSE,FALSE,FALSE,FALSE,FALSE,FALSE,FALSE,FALSE,FALSE,FALSE,FALSE,FALSE,FALSE,FALSE,FALSE,FALSE,FALSE,FALSE,FALSE,FALSE,FALSE,FALSE,FALSE,FALSE,FALSE,FALSE,FALSE,FALSE,FALSE,FALSE,FALSE,FALSE,FALSE,FALSE,FALSE,2.838991,5.689296,2.234752,2.887284,2.730303,2.612875,2.525089,2.375575,2.335445,2.17596,1.991631,1.807293,1.828244,2.009798,2.18648,2.211904,2.475877,2.57986,3.13427,5.455211,5.357244,5.340812,5.264187,5.240146,5.126616,5.017933,5.107797,5.021714,4.93485,4.980124,4.985892,5.195181,5.148633,2.611932,2.883435,2.864731,2.483953,2.825173,2.924386,3.053375,2.840204,FALSE,FALSE,FALSE,FALSE,FALSE,FALSE,FALSE,FALSE,FALSE,FALSE,FALSE,FALSE,FALSE,FALSE,FALSE,FALSE,FALSE,FALSE,FALSE,FALSE,FALSE,FALSE,FALSE,FALSE,FALSE,FALSE,FALSE,FALSE,FALSE,FALSE,FALSE,FALSE,FALSE,FALSE,FALSE,FALSE,FALSE,FALSE,FALSE,FALSE,FALSE,-27.4,0,27.65,FALSE,FALSE,FALSE,1.150007,0.9243674,1.053648,FALSE,FALSE,FALSE,0,0,0,FALSE,FALSE,FALSE,1.106159,FALSE,13.66,FALSE,23.88,FALSE
2025-05-08 09:05:01,125,23,129,303,489,438,249,248,273,342,441,338,413,355,256,251,348,453,502,1101,598,553,734,447,365,721,775,857,604,377,698,708,771,547,360,393,416,274,220,520,424,FALSE,FALSE,FALSE,FALSE,FALSE,FALSE,FALSE,FALSE,FALSE,FALSE,FALSE,FALSE,FALSE,FALSE,FALSE,FALSE,FALSE,FALSE,FALSE,FALSE,FALSE,FALSE,FALSE,FALSE,FALSE,FALSE,FALSE,FALSE,FALSE,FALSE,FALSE,FALSE,FALSE,FALSE,FALSE,FALSE,FALSE,FALSE,FALSE,FALSE,FALSE,2.993904,5.612669,2.138722,2.84345,2.670985,2.537693,2.467478,2.345135,2.329879,2.156496,2.001221,1.80917,1.819554,2.523498,2.61844,2.235333,2.433896,2.622829,8.316252,5.275035,5.182637,5.160686,5.078335,5.010738,4.921398,4.9015,4.917544,4.852917,4.764964,4.754028,4.832123,5.230004,9.669982,3.395353,3.593304,2.623908,2.35262,2.600733,2.681702,3.847022,10.61227,FALSE,FALSE,FALSE,FALSE,FALSE,FALSE,FALSE,FALSE,FALSE,FALSE,FALSE,FALSE,FALSE,FALSE,FALSE,FALSE,FALSE,FALSE,TRUE,FALSE,FALSE,FALSE,FALSE,FALSE,FALSE,FALSE,FALSE,FALSE,FALSE,FALSE,FALSE,FALSE,TRUE,FALSE,FALSE,FALSE,FALSE,FALSE,FALSE,FALSE,TRUE,-27.4,0,27.65,FALSE,FALSE,FALSE,1.149702,0.9238133,1.053451,FALSE,FALSE,FALSE,0,0,0,FALSE,FALSE,FALSE,1.105304,FALSE,13.57,FALSE,23.88,FALSE
2025-05-07 08:55:56,125,23,129,303,489,438,249,248,273,342,441,338,413,355,256,251,348,453,502,1101,598,553,734,447,365,721,775,857,604,377,698,708,771,547,360,393,416,274,220,520,424,FALSE,FALSE,FALSE,FALSE,FALSE,FALSE,FALSE,FALSE,FALSE,FALSE,FALSE,FALSE,FALSE,FALSE,FALSE,FALSE,FALSE,FALSE,FALSE,FALSE,FALSE,FALSE,FALSE,FALSE,FALSE,FALSE,FALSE,FALSE,FALSE,FALSE,FALSE,FALSE,FALSE,FALSE,FALSE,FALSE,FALSE,FALSE,FALSE,FALSE,FALSE,3.056956,5.672108,2.255039,2.912141,2.701911,2.579525,2.517744,2.384126,2.33929,2.179891,2.043171,1.788621,1.824957,2.228605,2.449239,2.274328,2.50579,2.626396,6.095385,5.455971,5.41443,5.420081,5.330601,5.210409,5.148567,5.165232,5.222155,4.997167,4.899616,4.872954,4.911136,4.945578,6.827861,2.519303,2.928393,2.63578,2.245283,2.635538,2.765588,3.32316,7.483992,FALSE,FALSE,FALSE,FALSE,FALSE,FALSE,FALSE,FALSE,FALSE,FALSE,FALSE,FALSE,FALSE,FALSE,FALSE,FALSE,FALSE,FALSE,TRUE,FALSE,FALSE,FALSE,FALSE,FALSE,FALSE,FALSE,FALSE,FALSE,FALSE,FALSE,FALSE,FALSE,TRUE,FALSE,FALSE,FALSE,FALSE,FALSE,FALSE,FALSE,TRUE,-27.4,0,27.625,FALSE,FALSE,FALSE,1.15015,0.9239285,1.053518,FALSE,FALSE,FALSE,0,0,0,FALSE,FALSE,FALSE,1.105926,FALSE,14.94,FALSE,23.75,FALSE
2025-05-06 09:32:21,125,21,124,289,469,418,238,239,260,330,423,327,405,346,254,247,344,437,454,1094,591,549,741,448,372,739,790,880,606,381,712,711,723,573,378,415,432,285,228,527,395,FALSE,FALSE,FALSE,FALSE,FALSE,FALSE,FALSE,FALSE,FALSE,FALSE,FALSE,FALSE,FALSE,FALSE,FALSE,FALSE,FALSE,FALSE,FALSE,FALSE,FALSE,FALSE,FALSE,FALSE,FALSE,FALSE,FALSE,FALSE,FALSE,FALSE,FALSE,FALSE,FALSE,FALSE,FALSE,FALSE,FALSE,FALSE,FALSE,FALSE,FALSE,2.261815,5.618668,2.383573,3.208205,3.053491,2.949213,2.899015,2.759741,2.748832,2.561098,2.361182,2.137115,2.170935,2.428873,2.638479,2.588109,2.835623,2.886347,4.744859,6.259008,6.065636,6.098881,6.096884,6.008117,5.969054,5.99764,6.019882,5.822567,5.746277,5.767827,5.726687,5.746486,6.056348,3.438537,3.849551,3.738736,3.388194,3.684982,3.775481,3.588949,5.179741,FALSE,FALSE,FALSE,FALSE,FALSE,FALSE,FALSE,FALSE,FALSE,FALSE,FALSE,FALSE,FALSE,FALSE,FALSE,FALSE,FALSE,FALSE,FALSE,TRUE,TRUE,TRUE,TRUE,TRUE,FALSE,FALSE,TRUE,FALSE,FALSE,FALSE,FALSE,FALSE,TRUE,FALSE,FALSE,FALSE,FALSE,FALSE,FALSE,FALSE,FALSE,-27.675,0,27.425,FALSE,FALSE,FALSE,1.157338,0.9466835,1.053585,FALSE,FALSE,FALSE,0,0,0,FALSE,FALSE,FALSE,1.119328,FALSE,13.51,FALSE,26,FALSE
2025-05-06 09:22:37,125,22,125,294,470,425,242,240,261,328,423,327,403,337,251,247,341,449,547,1077,590,548,730,442,366,721,771,857,600,381,710,721,853,520,350,404,426,282,226,548,484,FALSE,FALSE,FALSE,FALSE,FALSE,FALSE,FALSE,FALSE,FALSE,FALSE,FALSE,FALSE,FALSE,FALSE,FALSE,FALSE,FALSE,FALSE,FALSE,FALSE,FALSE,FALSE,FALSE,FALSE,FALSE,FALSE,FALSE,FALSE,FALSE,FALSE,FALSE,FALSE,FALSE,FALSE,FALSE,FALSE,FALSE,FALSE,FALSE,FALSE,FALSE,2.519985,5.692958,2.332746,3.193921,3.012616,2.876966,2.873106,2.711354,2.698083,2.551292,2.45443,2.179884,2.165628,2.813504,2.899001,2.498145,2.782255,2.896803,9.977252,6.04449,5.987947,6.006078,6.001871,5.911956,5.775867,5.906215,5.959947,5.565827,5.333844,5.284181,5.268282,5.438825,10.19452,4.299865,4.669732,3.592458,3.202185,3.423318,3.574326,4.229778,12.25956,FALSE,FALSE,FALSE,FALSE,FALSE,FALSE,FALSE,FALSE,FALSE,FALSE,FALSE,FALSE,FALSE,FALSE,FALSE,FALSE,FALSE,FALSE,TRUE,TRUE,FALSE,TRUE,TRUE,FALSE,FALSE,FALSE,FALSE,FALSE,FALSE,FALSE,FALSE,FALSE,TRUE,FALSE,FALSE,FALSE,FALSE,FALSE,FALSE,FALSE,TRUE,-27.55,0,27.425,FALSE,FALSE,FALSE,1.156429,0.9407414,1.053558,FALSE,FALSE,FALSE,0,0,0,FALSE,FALSE,FALSE,1.116161,FALSE,13.95,FALSE,25.38,FALSE
2025-05-05 08:59:09,125,22,128,295,471,423,243,242,265,336,434,333,410,354,260,251,345,439,432,1087,601,553,744,447,373,733,794,875,599,378,700,698,676,558,372,399,411,275,221,502,364,FALSE,FALSE,FALSE,FALSE,FALSE,FALSE,FALSE,FALSE,FALSE,FALSE,FALSE,FALSE,FALSE,FALSE,FALSE,FALSE,FALSE,FALSE,FALSE,FALSE,FALSE,FALSE,FALSE,FALSE,FALSE,FALSE,FALSE,FALSE,FALSE,FALSE,FALSE,FALSE,FALSE,FALSE,FALSE,FALSE,FALSE,FALSE,FALSE,FALSE,FALSE,2.528651,5.666947,2.025645,2.688328,2.51422,2.38979,2.310413,2.18736,2.165454,2.002921,1.84296,1.573615,1.628629,1.921295,2.105083,2.101459,2.321671,2.468814,3.16185,4.867142,4.713204,4.658545,4.590864,4.521914,4.425549,4.43189,4.42767,4.329485,4.348234,4.368055,4.421915,4.540483,4.714893,2.337589,2.818224,2.737344,2.361477,2.691556,2.788892,2.882259,3.125034,FALSE,FALSE,FALSE,FALSE,FALSE,FALSE,FALSE,FALSE,FALSE,FALSE,FALSE,FALSE,FALSE,FALSE,FALSE,FALSE,FALSE,FALSE,FALSE,FALSE,FALSE,FALSE,FALSE,FALSE,FALSE,FALSE,FALSE,FALSE,FALSE,FALSE,FALSE,FALSE,FALSE,FALSE,FALSE,FALSE,FALSE,FALSE,FALSE,FALSE,FALSE,-27.45,0,27.6,FALSE,FALSE,FALSE,1.149618,0.9271904,1.052895,FALSE,FALSE,FALSE,0,0,0,FALSE,FALSE,FALSE,1.10859,FALSE,11.49,FALSE,23.88,FALSE
2025-05-02 10:00:08,125,22,126,298,477,429,245,243,266,334,423,322,400,329,244,251,349,472,679,1089,589,534,705,428,358,699,742,859,610,389,722,758,1049,501,329,402,439,291,232,589,625,FALSE,FALSE,FALSE,FALSE,FALSE,FALSE,FALSE,FALSE,FALSE,FALSE,FALSE,FALSE,FALSE,FALSE,FALSE,FALSE,FALSE,FALSE,FALSE,FALSE,FALSE,FALSE,FALSE,FALSE,FALSE,FALSE,FALSE,FALSE,FALSE,FALSE,FALSE,FALSE,FALSE,FALSE,FALSE,FALSE,FALSE,FALSE,FALSE,FALSE,FALSE,2.215454,5.455156,2.1618,2.712435,2.540505,2.423637,2.388175,2.283594,2.260275,2.142369,2.042117,1.719575,1.701111,2.112122,2.202581,2.281156,2.528916,2.940441,6.082318,5.596097,5.549067,5.524984,5.495525,5.377645,5.237888,5.287554,5.234486,4.861723,4.870738,4.92573,4.998035,5.364574,7.250751,3.255674,3.454552,3.312577,3.361717,3.554354,3.588944,4.273735,7.316814,FALSE,FALSE,FALSE,FALSE,FALSE,FALSE,FALSE,FALSE,FALSE,FALSE,FALSE,FALSE,FALSE,FALSE,FALSE,FALSE,FALSE,FALSE,TRUE,FALSE,FALSE,FALSE,FALSE,FALSE,FALSE,FALSE,FALSE,FALSE,FALSE,FALSE,FALSE,FALSE,TRUE,FALSE,FALSE,FALSE,FALSE,FALSE,FALSE,FALSE,TRUE,-27.5,0,27.425,FALSE,FALSE,FALSE,1.155565,0.9369273,1.053433,FALSE,FALSE,FALSE,0,0,0,FALSE,FALSE,FALSE,1.115172,FALSE,12.38,FALSE,25.12,FALSE
2025-05-01 08:56:47,125,22,126,298,477,430,247,246,267,338,435,333,412,357,259,250,349,444,440,1101,603,556,735,444,370,741,787,862,601,380,702,699,680,575,375,403,418,277,221,507,368,FALSE,FALSE,FALSE,FALSE,FALSE,FALSE,FALSE,FALSE,FALSE,FALSE,FALSE,FALSE,FALSE,FALSE,FALSE,FALSE,FALSE,FALSE,FALSE,FALSE,FALSE,FALSE,FALSE,FALSE,FALSE,FALSE,FALSE,FALSE,FALSE,FALSE,FALSE,FALSE,FALSE,FALSE,FALSE,FALSE,FALSE,FALSE,FALSE,FALSE,FALSE,2.638465,5.557687,1.975176,2.501399,2.325373,2.211593,2.102519,1.996848,1.983574,1.787913,1.69176,1.434747,1.506021,1.768622,1.926563,1.93655,2.187572,2.378597,3.055601,4.758443,4.639884,4.608591,4.503045,4.490723,4.376371,4.258802,4.326966,4.23415,4.25116,4.252378,4.272918,4.396366,4.432868,2.026968,2.423332,2.423403,2.066487,2.421782,2.494289,2.622445,2.609742,FALSE,FALSE,FALSE,FALSE,FALSE,FALSE,FALSE,FALSE,FALSE,FALSE,FALSE,FALSE,FALSE,FALSE,FALSE,FALSE,FALSE,FALSE,FALSE,FALSE,FALSE,FALSE,FALSE,FALSE,FALSE,FALSE,FALSE,FALSE,FALSE,FALSE,FALSE,FALSE,FALSE,FALSE,FALSE,FALSE,FALSE,FALSE,FALSE,FALSE,FALSE,-27.425,0,27.625,FALSE,FALSE,FALSE,1.152222,0.9259619,1.054288,FALSE,FALSE,FALSE,0,0,0,FALSE,FALSE,FALSE,1.107993,FALSE,11.46,FALSE,23.88,FALSE
2025-04-30 09:05:52,125,22,126,298,477,430,247,246,267,338,435,333,412,357,259,250,349,444,440,1101,603,556,735,444,370,741,787,862,601,380,702,699,680,575,375,403,418,277,221,507,368,FALSE,FALSE,FALSE,FALSE,FALSE,FALSE,FALSE,FALSE,FALSE,FALSE,FALSE,FALSE,FALSE,FALSE,FALSE,FALSE,FALSE,FALSE,FALSE,FALSE,FALSE,FALSE,FALSE,FALSE,FALSE,FALSE,FALSE,FALSE,FALSE,FALSE,FALSE,FALSE,FALSE,FALSE,FALSE,FALSE,FALSE,FALSE,FALSE,FALSE,FALSE,2.635208,5.601626,2.010693,2.403295,2.259456,2.143899,2.078251,1.985703,1.951603,1.813102,1.655811,1.423702,1.470687,1.725992,1.937911,1.899551,2.114417,2.297946,3.565511,4.762682,4.631177,4.631091,4.54629,4.486962,4.35219,4.317843,4.307746,4.272823,4.277606,4.292942,4.309792,4.493103,4.734087,2.197465,2.565945,2.540708,2.214466,2.538788,2.635214,2.857725,3.842861,FALSE,FALSE,FALSE,FALSE,FALSE,FALSE,FALSE,FALSE,FALSE,FALSE,FALSE,FALSE,FALSE,FALSE,FALSE,FALSE,FALSE,FALSE,FALSE,FALSE,FALSE,FALSE,FALSE,FALSE,FALSE,FALSE,FALSE,FALSE,FALSE,FALSE,FALSE,FALSE,FALSE,FALSE,FALSE,FALSE,FALSE,FALSE,FALSE,FALSE,FALSE,-27.5,0,27.6,FALSE,FALSE,FALSE,1.154624,0.9299142,1.053925,FALSE,FALSE,FALSE,0,0,0,FALSE,FALSE,FALSE,1.110366,FALSE,11.98,FALSE,24.25,FALSE
2025-04-29 09:38:36,125,21,122,292,471,421,241,240,263,329,421,322,401,341,251,245,341,441,478,1073,588,535,723,433,357,719,770,833,587,375,692,696,743,554,365,401,420,280,224,526,415,FALSE,FALSE,FALSE,FALSE,FALSE,FALSE,FALSE,FALSE,FALSE,FALSE,FALSE,FALSE,FALSE,FALSE,FALSE,FALSE,FALSE,FALSE,FALSE,FALSE,FALSE,FALSE,FALSE,FALSE,FALSE,FALSE,FALSE,FALSE,FALSE,FALSE,FALSE,FALSE,FALSE,FALSE,FALSE,FALSE,FALSE,FALSE,FALSE,FALSE,FALSE,2.677804,5.754687,2.205709,2.832154,2.647412,2.461162,2.421639,2.285771,2.292234,2.063918,1.999189,1.7915,1.794174,2.546393,2.713338,2.266625,2.56477,2.881484,9.31478,5.69541,5.516986,5.594592,5.522889,5.433002,5.337232,5.375434,5.425235,5.270962,5.117054,5.058445,5.133698,5.457595,9.870889,4.370207,4.801044,3.737555,3.409879,3.680824,3.778738,4.364792,10.75853,FALSE,FALSE,FALSE,FALSE,FALSE,FALSE,FALSE,FALSE,FALSE,FALSE,FALSE,FALSE,FALSE,FALSE,FALSE,FALSE,FALSE,FALSE,TRUE,FALSE,FALSE,FALSE,FALSE,FALSE,FALSE,FALSE,FALSE,FALSE,FALSE,FALSE,FALSE,FALSE,TRUE,FALSE,FALSE,FALSE,FALSE,FALSE,FALSE,FALSE,TRUE,-27.525,0,27.325,FALSE,FALSE,FALSE,1.160541,0.946656,1.053603,FALSE,FALSE,FALSE,0,0,0,FALSE,FALSE,FALSE,1.119369,FALSE,14.24,FALSE,25.62,FALSE
2025-04-28 09:34:35,125,21,121,286,463,415,238,237,257,325,420,324,401,347,258,247,339,433,429,1049,579,531,719,435,359,720,764,843,586,372,693,681,668,581,391,420,433,288,230,526,373,FALSE,FALSE,FALSE,FALSE,FALSE,FALSE,FALSE,FALSE,FALSE,FALSE,FALSE,FALSE,FALSE,FALSE,FALSE,FALSE,FALSE,FALSE,FALSE,FALSE,FALSE,FALSE,FALSE,FALSE,FALSE,FALSE,FALSE,FALSE,FALSE,FALSE,FALSE,FALSE,FALSE,FALSE,FALSE,FALSE,FALSE,FALSE,FALSE,FALSE,FALSE,2.077108,5.665035,1.901937,2.342452,2.18716,2.040466,2.028818,1.922289,1.911334,1.761037,1.671572,1.407637,1.494848,1.694045,1.894702,1.889578,2.117687,2.265534,3.149321,4.791207,4.584698,4.590122,4.534214,4.489939,4.390197,4.326475,4.421637,4.323305,4.309743,4.297007,4.291773,4.447442,4.505296,2.808336,3.094376,3.133882,2.953811,3.14397,3.204195,3.225064,3.007207,FALSE,FALSE,FALSE,FALSE,FALSE,FALSE,FALSE,FALSE,FALSE,FALSE,FALSE,FALSE,FALSE,FALSE,FALSE,FALSE,FALSE,FALSE,FALSE,FALSE,FALSE,FALSE,FALSE,FALSE,FALSE,FALSE,FALSE,FALSE,FALSE,FALSE,FALSE,FALSE,FALSE,FALSE,FALSE,FALSE,FALSE,FALSE,FALSE,FALSE,FALSE,-27.525,0,27.275,FALSE,FALSE,FALSE,1.161725,0.9570503,1.052225,FALSE,FALSE,FALSE,0,0,0,FALSE,FALSE,FALSE,1.125498,FALSE,10.06,FALSE,26.62,FALSE
2025-04-28 08:51:27,125,23,127,302,485,438,252,249,273,344,444,341,418,364,268,256,353,451,436,1086,588,545,730,437,365,719,782,847,597,376,690,683,658,583,387,410,423,282,225,515,368,FALSE,FALSE,FALSE,FALSE,FALSE,FALSE,FALSE,FALSE,FALSE,FALSE,FALSE,FALSE,FALSE,FALSE,FALSE,FALSE,FALSE,FALSE,FALSE,FALSE,FALSE,FALSE,FALSE,FALSE,FALSE,FALSE,FALSE,FALSE,FALSE,FALSE,FALSE,FALSE,FALSE,FALSE,FALSE,FALSE,FALSE,FALSE,FALSE,FALSE,FALSE,3.191348,5.539428,1.902999,2.010874,1.815032,1.672084,1.625744,1.520894,1.522272,1.381053,1.382977,1.170472,1.283284,1.556865,1.728909,1.702023,1.965266,2.098198,2.752495,3.855901,3.69814,3.695234,3.519958,3.476128,3.325129,3.323932,3.386908,3.281591,3.363374,3.364285,3.396922,3.460415,3.402044,2.260259,2.60188,2.463694,2.08409,2.437,2.460739,2.542729,2.49144,FALSE,FALSE,FALSE,FALSE,FALSE,FALSE,FALSE,FALSE,FALSE,FALSE,FALSE,FALSE,FALSE,FALSE,FALSE,FALSE,FALSE,FALSE,FALSE,FALSE,FALSE,FALSE,FALSE,FALSE,FALSE,FALSE,FALSE,FALSE,FALSE,FALSE,FALSE,FALSE,FALSE,FALSE,FALSE,FALSE,FALSE,FALSE,FALSE,FALSE,FALSE,-27.375,0,27.75,FALSE,FALSE,FALSE,1.151028,0.9261956,1.053088,FALSE,FALSE,FALSE,0,0,0,FALSE,FALSE,FALSE,1.107466,FALSE,10.61,FALSE,23.38,FALSE
2025-04-25 11:38:03,119,21,117,285,460,411,237,237,259,327,421,327,410,346,263,251,343,439,439,1043,572,533,714,432,362,707,776,850,594,372,691,681,680,550,387,422,428,286,230,527,381,FALSE,FALSE,FALSE,FALSE,FALSE,FALSE,FALSE,FALSE,FALSE,FALSE,FALSE,FALSE,FALSE,FALSE,FALSE,FALSE,FALSE,FALSE,FALSE,FALSE,FALSE,FALSE,FALSE,FALSE,FALSE,FALSE,FALSE,FALSE,FALSE,FALSE,FALSE,FALSE,FALSE,FALSE,FALSE,FALSE,FALSE,FALSE,FALSE,FALSE,FALSE,2.151854,5.381676,2.045326,2.368408,2.217127,2.051734,2.023291,1.921333,1.934937,1.725905,1.722902,1.478269,1.611161,1.821052,2.024591,1.944869,2.187685,2.328413,3.231453,5.642541,5.455671,5.365347,5.369081,5.35801,5.256936,5.139404,5.164623,5.104298,5.089863,5.054923,5.084619,5.274881,5.404308,3.008821,3.305022,3.313216,3.111533,3.333529,3.412245,3.414888,3.481724,FALSE,FALSE,FALSE,FALSE,FALSE,FALSE,FALSE,FALSE,FALSE,FALSE,FALSE,FALSE,FALSE,FALSE,FALSE,FALSE,FALSE,FALSE,FALSE,FALSE,FALSE,FALSE,FALSE,FALSE,FALSE,FALSE,FALSE,FALSE,FALSE,FALSE,FALSE,FALSE,FALSE,FALSE,FALSE,FALSE,FALSE,FALSE,FALSE,FALSE,FALSE,-27.775,0,27.35,FALSE,FALSE,FALSE,1.164267,0.9624354,1.049323,FALSE,FALSE,FALSE,0,0,0,FALSE,FALSE,FALSE,1.12554,FALSE,11.29,FALSE,27.38,FALSE
2025-04-24 16:31:10,119,22,120,290,471,419,242,238,262,331,433,337,421,357,273,261,358,460,465,971,534,500,677,412,343,670,743,812,569,357,676,660,665,545,379,425,433,288,231,532,387,FALSE,FALSE,FALSE,FALSE,FALSE,FALSE,FALSE,FALSE,FALSE,FALSE,FALSE,FALSE,FALSE,FALSE,FALSE,FALSE,FALSE,FALSE,FALSE,FALSE,FALSE,FALSE,FALSE,FALSE,FALSE,FALSE,FALSE,FALSE,FALSE,FALSE,FALSE,FALSE,FALSE,FALSE,FALSE,FALSE,FALSE,FALSE,FALSE,FALSE,FALSE,2.069597,4.965572,1.183339,1.428671,1.350459,1.393401,1.744614,1.788388,1.93164,1.602962,1.847583,1.442019,1.420672,1.417236,1.845874,1.709162,1.938095,2.088837,3.128393,3.086195,2.794016,2.814636,2.786397,2.779367,2.616415,2.519655,2.791728,2.662476,2.674867,2.647042,2.645288,2.805551,2.884362,2.280737,2.620075,2.402734,2.272202,2.452858,2.459244,2.480977,2.806421,FALSE,FALSE,FALSE,FALSE,FALSE,FALSE,FALSE,FALSE,FALSE,FALSE,FALSE,FALSE,FALSE,FALSE,FALSE,FALSE,FALSE,FALSE,FALSE,FALSE,FALSE,FALSE,FALSE,FALSE,FALSE,FALSE,FALSE,FALSE,FALSE,FALSE,FALSE,FALSE,FALSE,FALSE,FALSE,FALSE,FALSE,FALSE,FALSE,FALSE,FALSE,-27.45,0,26.85,FALSE,FALSE,FALSE,1.180012,0.9857226,1.051319,FALSE,FALSE,FALSE,0,0,0,FALSE,FALSE,FALSE,1.129483,FALSE,10.2,FALSE,30.5,FALSE
2025-04-24 15:50:21,137,26,141,282,462,416,243,243,269,335,441,326,402,361,257,272,374,475,423,930,494,496,657,398,334,684,745,842,602,392,689,667,644,567,342,434,412,286,229,518,353,FALSE,FALSE,FALSE,FALSE,FALSE,FALSE,FALSE,FALSE,FALSE,FALSE,FALSE,FALSE,FALSE,FALSE,FALSE,FALSE,FALSE,FALSE,FALSE,FALSE,FALSE,FALSE,FALSE,FALSE,FALSE,FALSE,FALSE,FALSE,FALSE,FALSE,FALSE,FALSE,FALSE,FALSE,FALSE,FALSE,FALSE,FALSE,FALSE,FALSE,FALSE,0.6508054,1.698953,1.822846,1.202897,1.349252,1.431341,1.749364,1.774175,1.893762,1.616399,1.758216,1.568831,1.538718,1.062752,1.416878,1.431801,1.678458,1.744049,2.328306,2.115663,1.865473,1.875321,1.867085,1.957311,1.829804,1.703531,1.891818,1.940012,1.763072,1.612702,1.657211,1.881813,2.065948,2.218059,2.104613,2.178975,2.020288,2.00075,2.006983,2.20723,2.355434,FALSE,FALSE,FALSE,FALSE,FALSE,FALSE,FALSE,FALSE,FALSE,FALSE,FALSE,FALSE,FALSE,FALSE,FALSE,FALSE,FALSE,FALSE,FALSE,FALSE,FALSE,FALSE,FALSE,FALSE,FALSE,FALSE,FALSE,FALSE,FALSE,FALSE,FALSE,FALSE,FALSE,FALSE,FALSE,FALSE,FALSE,FALSE,FALSE,FALSE,FALSE,-27.225,0,26.975,FALSE,FALSE,FALSE,1.187483,0.9803868,1.076988,FALSE,FALSE,FALSE,0,0,0,FALSE,FALSE,FALSE,1.133499,FALSE,11.6,FALSE,29,FALSE
2025-04-24 15:45:08,127,22,125,284,462,414,236,235,260,325,423,329,412,347,262,251,349,450,466,980,539,505,673,417,347,678,738,829,567,360,673,661,688,516,365,418,424,283,227,525,389,FALSE,FALSE,FALSE,FALSE,FALSE,FALSE,FALSE,FALSE,FALSE,FALSE,FALSE,FALSE,FALSE,FALSE,FALSE,FALSE,FALSE,FALSE,FALSE,FALSE,FALSE,FALSE,FALSE,FALSE,FALSE,FALSE,FALSE,FALSE,FALSE,FALSE,FALSE,FALSE,FALSE,FALSE,FALSE,FALSE,FALSE,FALSE,FALSE,FALSE,FALSE,2.151296,4.970926,1.813655,1.539796,1.580161,1.695958,2.033741,2.016804,2.162398,1.871913,2.120518,1.71547,1.573191,1.442456,1.82084,1.691721,1.974275,2.045155,3.183236,2.843122,2.513227,2.520027,2.409457,2.553976,2.401177,2.207743,2.551998,2.449722,2.409326,2.331598,2.454829,2.560583,2.683737,2.350864,2.682395,2.459838,2.387722,2.5582,2.53058,2.518713,2.740661,FALSE,FALSE,FALSE,FALSE,FALSE,FALSE,FALSE,FALSE,FALSE,FALSE,FALSE,FALSE,FALSE,FALSE,FALSE,FALSE,FALSE,FALSE,FALSE,FALSE,FALSE,FALSE,FALSE,FALSE,FALSE,FALSE,FALSE,FALSE,FALSE,FALSE,FALSE,FALSE,FALSE,FALSE,FALSE,FALSE,FALSE,FALSE,FALSE,FALSE,FALSE,-27.25,0,26.95,FALSE,FALSE,FALSE,1.179126,0.9741879,1.05699,FALSE,FALSE,FALSE,0,0,0,FALSE,FALSE,FALSE,1.132884,FALSE,10.84,FALSE,29,FALSE
2025-04-24 15:39:07,127,22,125,284,462,414,236,235,260,325,423,329,412,347,262,251,349,450,466,980,539,505,673,417,347,678,738,829,567,360,673,661,688,516,365,418,424,283,227,525,389,FALSE,FALSE,FALSE,FALSE,FALSE,FALSE,FALSE,FALSE,FALSE,FALSE,FALSE,FALSE,FALSE,FALSE,FALSE,FALSE,FALSE,FALSE,FALSE,FALSE,FALSE,FALSE,FALSE,FALSE,FALSE,FALSE,FALSE,FALSE,FALSE,FALSE,FALSE,FALSE,FALSE,FALSE,FALSE,FALSE,FALSE,FALSE,FALSE,FALSE,FALSE,2.111096,4.908246,1.710992,1.461113,1.481823,1.532224,1.780159,1.682621,1.824528,1.590913,1.952481,1.606343,1.487345,1.290439,1.603746,1.507114,1.758002,1.858189,3.002614,2.683148,2.332225,2.375547,2.236652,2.384218,2.258304,2.090191,2.415323,2.308571,2.27886,2.205482,2.313394,2.395938,2.534611,2.154704,2.504254,2.274571,2.183664,2.37466,2.299854,2.318789,2.66713,FALSE,FALSE,FALSE,FALSE,FALSE,FALSE,FALSE,FALSE,FALSE,FALSE,FALSE,FALSE,FALSE,FALSE,FALSE,FALSE,FALSE,FALSE,FALSE,FALSE,FALSE,FALSE,FALSE,FALSE,FALSE,FALSE,FALSE,FALSE,FALSE,FALSE,FALSE,FALSE,FALSE,FALSE,FALSE,FALSE,FALSE,FALSE,FALSE,FALSE,FALSE,-27.425,0,26.95,FALSE,FALSE,FALSE,1.176941,0.973593,1.057227,FALSE,FALSE,FALSE,0,0,0,FALSE,FALSE,FALSE,1.132767,FALSE,11.03,FALSE,29,FALSE
2025-04-24 15:31:52,127,22,125,284,462,414,236,235,260,325,423,329,412,347,262,251,349,450,466,980,539,505,673,417,347,678,738,829,567,360,673,661,688,516,365,418,424,283,227,525,389,FALSE,FALSE,FALSE,FALSE,FALSE,FALSE,FALSE,FALSE,FALSE,FALSE,FALSE,FALSE,FALSE,FALSE,FALSE,FALSE,FALSE,FALSE,FALSE,FALSE,FALSE,FALSE,FALSE,FALSE,FALSE,FALSE,FALSE,FALSE,FALSE,FALSE,FALSE,FALSE,FALSE,FALSE,FALSE,FALSE,FALSE,FALSE,FALSE,FALSE,FALSE,2.13839,5.036255,1.854495,1.585883,1.688706,1.724972,1.94478,1.83761,1.988955,1.712653,2.152094,1.837611,1.719051,1.394199,1.735251,1.590689,1.91356,2.013831,3.132741,2.751932,2.400362,2.436414,2.321841,2.515755,2.345946,2.177198,2.525292,2.382826,2.345716,2.255235,2.437191,2.509789,2.583209,2.188238,2.551731,2.366086,2.283317,2.455617,2.384839,2.44748,2.684462,FALSE,FALSE,FALSE,FALSE,FALSE,FALSE,FALSE,FALSE,FALSE,FALSE,FALSE,FALSE,FALSE,FALSE,FALSE,FALSE,FALSE,FALSE,FALSE,FALSE,FALSE,FALSE,FALSE,FALSE,FALSE,FALSE,FALSE,FALSE,FALSE,FALSE,FALSE,FALSE,FALSE,FALSE,FALSE,FALSE,FALSE,FALSE,FALSE,FALSE,FALSE,-26.85,0,26.325,FALSE,FALSE,FALSE,1.189025,0.9835978,1.069933,FALSE,FALSE,FALSE,0,0,0,FALSE,FALSE,FALSE,1.144631,FALSE,12.49,FALSE,28.62,FALSE
2025-04-24 15:25:33,127,22,124,279,450,403,231,228,250,320,416,324,401,337,258,246,338,433,442,975,533,499,673,414,345,664,727,818,563,357,664,656,668,524,365,413,418,283,226,523,375,FALSE,FALSE,FALSE,FALSE,FALSE,FALSE,FALSE,FALSE,FALSE,FALSE,FALSE,FALSE,FALSE,FALSE,FALSE,FALSE,FALSE,FALSE,FALSE,FALSE,FALSE,FALSE,FALSE,FALSE,FALSE,FALSE,FALSE,FALSE,FALSE,FALSE,FALSE,FALSE,FALSE,FALSE,FALSE,FALSE,FALSE,FALSE,FALSE,FALSE,FALSE,2.115593,5.057823,1.903545,2.02539,1.999581,1.890568,2.030622,1.929429,2.01138,1.739233,2.06272,1.716449,1.618147,1.426604,1.709075,1.620322,1.917538,2.021136,3.097484,2.783058,2.456773,2.484326,2.357519,2.538007,2.353241,2.209153,2.514764,2.412624,2.340653,2.278486,2.396279,2.509462,2.61933,2.245502,2.519924,2.337206,2.2521,2.413334,2.395097,2.497921,2.662277,FALSE,FALSE,FALSE,FALSE,FALSE,FALSE,FALSE,FALSE,FALSE,FALSE,FALSE,FALSE,FALSE,FALSE,FALSE,FALSE,FALSE,FALSE,FALSE,FALSE,FALSE,FALSE,FALSE,FALSE,FALSE,FALSE,FALSE,FALSE,FALSE,FALSE,FALSE,FALSE,FALSE,FALSE,FALSE,FALSE,FALSE,FALSE,FALSE,FALSE,FALSE,-26.825,0,25.825,FALSE,FALSE,FALSE,1.184111,0.9833055,1.075646,FALSE,FALSE,FALSE,0,0,0,FALSE,FALSE,FALSE,1.144093,FALSE,13.3,FALSE,28.75,FALSE
2025-04-24 15:17:28,127,22,124,279,450,403,231,228,250,320,416,324,401,337,258,246,338,433,442,975,533,499,673,414,345,664,727,818,563,357,664,656,668,524,365,413,418,283,226,523,375,FALSE,FALSE,FALSE,FALSE,FALSE,FALSE,FALSE,FALSE,FALSE,FALSE,FALSE,FALSE,FALSE,FALSE,FALSE,FALSE,FALSE,FALSE,FALSE,FALSE,FALSE,FALSE,FALSE,FALSE,FALSE,FALSE,FALSE,FALSE,FALSE,FALSE,FALSE,FALSE,FALSE,FALSE,FALSE,FALSE,FALSE,FALSE,FALSE,FALSE,FALSE,2.113489,5.234672,2.00984,2.034396,2.012131,1.875926,2.031449,1.940598,2.024549,1.712531,2.084794,1.714681,1.621983,1.427691,1.787703,1.672477,1.974409,2.067717,3.104443,2.980331,2.646563,2.656706,2.626588,2.70051,2.532936,2.353225,2.761823,2.624985,2.529151,2.441468,2.552844,2.683686,2.721131,2.490417,2.769247,2.659395,2.55107,2.687351,2.736117,2.799265,2.811907,FALSE,FALSE,FALSE,FALSE,FALSE,FALSE,FALSE,FALSE,FALSE,FALSE,FALSE,FALSE,FALSE,FALSE,FALSE,FALSE,FALSE,FALSE,FALSE,FALSE,FALSE,FALSE,FALSE,FALSE,FALSE,FALSE,FALSE,FALSE,FALSE,FALSE,FALSE,FALSE,FALSE,FALSE,FALSE,FALSE,FALSE,FALSE,FALSE,FALSE,FALSE,-26.95,0,25.2,FALSE,FALSE,FALSE,1.183874,0.9846452,1.080291,FALSE,FALSE,FALSE,0,0,0,FALSE,FALSE,FALSE,1.143631,FALSE,14.23,FALSE,28.88,FALSE
2025-04-24 14:08:11,127,24,130,316,511,461,264,264,292,364,473,351,441,387,280,267,373,476,461,998,547,510,677,409,339,682,720,798,555,351,647,636,616,570,368,392,399,273,215,493,338,FALSE,FALSE,FALSE,FALSE,FALSE,FALSE,FALSE,FALSE,FALSE,FALSE,FALSE,FALSE,FALSE,FALSE,FALSE,FALSE,FALSE,FALSE,FALSE,FALSE,FALSE,FALSE,FALSE,FALSE,FALSE,FALSE,FALSE,FALSE,FALSE,FALSE,FALSE,FALSE,FALSE,FALSE,FALSE,FALSE,FALSE,FALSE,FALSE,FALSE,FALSE,2.285032,4.852922,2.102321,2.220712,2.636017,2.458154,2.556837,2.338781,2.482196,2.145516,2.552456,2.363938,2.258064,1.56889,1.853972,1.546089,1.891068,1.981085,2.962772,2.775942,2.4476,2.447628,2.234323,2.442448,2.333382,2.334357,2.653972,2.660986,2.543944,2.48255,2.524468,2.546944,2.625759,2.623389,2.642742,2.519976,2.423301,2.635796,2.616712,2.672134,2.705565,FALSE,FALSE,FALSE,FALSE,FALSE,FALSE,FALSE,FALSE,FALSE,FALSE,FALSE,FALSE,FALSE,FALSE,FALSE,FALSE,FALSE,FALSE,FALSE,FALSE,FALSE,FALSE,FALSE,FALSE,FALSE,FALSE,FALSE,FALSE,FALSE,FALSE,FALSE,FALSE,FALSE,FALSE,FALSE,FALSE,FALSE,FALSE,FALSE,FALSE,FALSE,-26.475,0,25.325,FALSE,FALSE,FALSE,1.177967,0.9571502,1.083738,FALSE,FALSE,FALSE,0,0,0,FALSE,FALSE,FALSE,1.141714,FALSE,15.54,FALSE,25.12,FALSE
2025-04-24 13:15:44,127,24,125,261,420,378,218,218,240,302,401,312,395,334,250,241,336,435,445,900,495,465,631,388,327,639,690,774,548,345,635,618,641,470,329,369,381,260,204,484,355,FALSE,FALSE,FALSE,FALSE,FALSE,FALSE,FALSE,FALSE,FALSE,FALSE,FALSE,FALSE,FALSE,FALSE,FALSE,FALSE,FALSE,FALSE,FALSE,FALSE,FALSE,FALSE,FALSE,FALSE,FALSE,FALSE,FALSE,FALSE,FALSE,FALSE,FALSE,FALSE,FALSE,FALSE,FALSE,FALSE,FALSE,FALSE,FALSE,FALSE,FALSE,2.09452,5.902894,3.746446,2.807141,2.596754,2.230887,2.107765,1.927473,1.884646,1.697847,1.928992,1.819682,1.929793,2.158315,2.262445,2.09709,2.306237,2.569346,3.434836,2.927801,2.808053,2.839966,2.499959,2.718687,2.577558,2.693871,2.950655,2.806457,3.191474,3.26687,3.41431,3.107752,3.273432,1.808945,2.240119,1.933955,1.813795,2.420539,2.401478,2.973857,2.761124,FALSE,FALSE,FALSE,FALSE,FALSE,FALSE,FALSE,FALSE,FALSE,FALSE,FALSE,FALSE,FALSE,FALSE,FALSE,FALSE,FALSE,FALSE,FALSE,FALSE,FALSE,FALSE,FALSE,FALSE,FALSE,FALSE,FALSE,FALSE,FALSE,FALSE,FALSE,FALSE,FALSE,FALSE,FALSE,FALSE,FALSE,FALSE,FALSE,FALSE,FALSE,-26.725,0,28.05,FALSE,FALSE,FALSE,1.1771,0.9690232,1.065004,FALSE,FALSE,FALSE,0,0,0,FALSE,FALSE,FALSE,1.140061,FALSE,13.81,FALSE,25.12,FALSE
2025-04-24 12:20:25,127,25,129,249,392,363,206,211,224,295,381,298,367,314,233,230,308,420,426,909,500,465,635,393,329,646,704,788,552,350,643,634,678,453,321,362,376,257,202,485,371,FALSE,FALSE,FALSE,FALSE,FALSE,FALSE,FALSE,FALSE,FALSE,FALSE,FALSE,FALSE,FALSE,FALSE,FALSE,FALSE,FALSE,FALSE,FALSE,FALSE,FALSE,FALSE,FALSE,FALSE,FALSE,FALSE,FALSE,FALSE,FALSE,FALSE,FALSE,FALSE,FALSE,FALSE,FALSE,FALSE,FALSE,FALSE,FALSE,FALSE,FALSE,2.451035,5.736368,3.602842,2.794691,2.367981,2.414027,2.110895,1.785192,1.844107,1.733656,1.92008,1.556854,1.728136,2.047444,2.059052,1.874752,2.212764,2.470734,3.405325,2.580032,2.344376,2.382245,2.074253,2.272194,2.182207,2.293883,2.552485,2.475364,2.807749,3.001475,3.142081,2.783381,2.83954,1.781978,2.210141,1.808586,1.685465,2.199901,2.136879,2.59902,2.644056,FALSE,FALSE,FALSE,FALSE,FALSE,FALSE,FALSE,FALSE,FALSE,FALSE,FALSE,FALSE,FALSE,FALSE,FALSE,FALSE,FALSE,FALSE,FALSE,FALSE,FALSE,FALSE,FALSE,FALSE,FALSE,FALSE,FALSE,FALSE,FALSE,FALSE,FALSE,FALSE,FALSE,FALSE,FALSE,FALSE,FALSE,FALSE,FALSE,FALSE,FALSE,-25.675,0,28,FALSE,FALSE,FALSE,1.172063,0.9697897,1.063807,FALSE,FALSE,FALSE,0,0,0,FALSE,FALSE,FALSE,1.140246,FALSE,12.17,FALSE,25.12,FALSE
2025-04-24 09:56:17,127,29,117,253,382,332,199,220,215,288,377,320,352,304,238,244,304,393,375,851,473,443,592,364,305,603,657,739,511,325,603,593,578,510,347,375,391,268,210,490,336,FALSE,FALSE,FALSE,FALSE,FALSE,FALSE,FALSE,FALSE,FALSE,FALSE,FALSE,FALSE,FALSE,FALSE,FALSE,FALSE,FALSE,FALSE,FALSE,FALSE,FALSE,FALSE,FALSE,FALSE,FALSE,FALSE,FALSE,FALSE,FALSE,FALSE,FALSE,FALSE,FALSE,FALSE,FALSE,FALSE,FALSE,FALSE,FALSE,FALSE,FALSE,2.697015,5.574699,3.631428,2.997689,2.558974,2.392622,2.177508,1.823772,1.84691,1.857865,2.055403,1.737764,1.993086,2.482715,2.464046,2.432233,2.675807,2.945954,3.637532,2.628557,2.343115,2.386125,2.07885,2.377306,2.356758,2.544711,2.84718,2.852482,3.073559,3.240534,3.259139,2.850194,3.059736,2.044454,2.403484,2.248375,2.197065,2.890758,2.634397,2.827726,2.691844,FALSE,FALSE,FALSE,FALSE,FALSE,FALSE,FALSE,FALSE,FALSE,FALSE,FALSE,FALSE,FALSE,FALSE,FALSE,FALSE,FALSE,FALSE,FALSE,FALSE,FALSE,FALSE,FALSE,FALSE,FALSE,FALSE,FALSE,FALSE,FALSE,FALSE,FALSE,FALSE,FALSE,FALSE,FALSE,FALSE,FALSE,FALSE,FALSE,FALSE,FALSE,-26.575,0,27,FALSE,FALSE,FALSE,1.178602,0.9921505,1.045584,FALSE,FALSE,FALSE,0,0,0,FALSE,FALSE,FALSE,1.091664,FALSE,14.55,FALSE,28.75,FALSE
2025-04-24 09:32:53,127,29,117,253,382,332,199,220,215,288,377,320,352,304,238,244,304,393,375,851,473,443,592,364,305,603,657,739,511,325,603,593,578,510,347,375,391,268,210,490,336,FALSE,FALSE,FALSE,FALSE,FALSE,FALSE,FALSE,FALSE,FALSE,FALSE,FALSE,FALSE,FALSE,FALSE,FALSE,FALSE,FALSE,FALSE,FALSE,FALSE,FALSE,FALSE,FALSE,FALSE,FALSE,FALSE,FALSE,FALSE,FALSE,FALSE,FALSE,FALSE,FALSE,FALSE,FALSE,FALSE,FALSE,FALSE,FALSE,FALSE,FALSE,2.763472,5.436113,3.713699,2.968066,2.468509,2.320103,2.08575,1.727133,1.772856,1.779589,1.995142,1.676076,1.97245,2.480276,2.427717,2.418396,2.634577,2.894142,3.435687,2.645358,2.414256,2.455194,2.127689,2.432303,2.394563,2.654773,2.911372,2.928802,3.179697,3.354397,3.33954,2.876039,3.090565,2.039434,2.449567,2.339633,2.237446,3.059343,2.784267,3.012461,2.655491,FALSE,FALSE,FALSE,FALSE,FALSE,FALSE,FALSE,FALSE,FALSE,FALSE,FALSE,FALSE,FALSE,FALSE,FALSE,FALSE,FALSE,FALSE,FALSE,FALSE,FALSE,FALSE,FALSE,FALSE,FALSE,FALSE,FALSE,FALSE,FALSE,FALSE,FALSE,FALSE,FALSE,FALSE,FALSE,FALSE,FALSE,FALSE,FALSE,FALSE,FALSE,-26.475,0,27,FALSE,FALSE,FALSE,1.181528,0.9958985,1.046692,FALSE,FALSE,FALSE,0,0,0,FALSE,FALSE,FALSE,1.104764,FALSE,14.8,FALSE,27.75,FALSE
2025-04-23 11:33:09,127,29,116,251,382,333,198,220,215,289,381,324,357,306,240,247,307,400,397,836,463,436,597,368,305,606,660,743,515,328,612,594,598,492,342,379,393,267,210,496,347,FALSE,FALSE,FALSE,FALSE,FALSE,FALSE,FALSE,FALSE,FALSE,FALSE,FALSE,FALSE,FALSE,FALSE,FALSE,FALSE,FALSE,FALSE,FALSE,FALSE,FALSE,FALSE,FALSE,FALSE,FALSE,FALSE,FALSE,FALSE,FALSE,FALSE,FALSE,FALSE,FALSE,FALSE,FALSE,FALSE,FALSE,FALSE,FALSE,FALSE,FALSE,2.684218,5.379223,3.511874,3.044462,2.547141,2.394863,2.186466,1.818851,1.832519,1.854357,2.08067,1.780409,2.043447,2.484115,2.468519,2.489388,2.707055,2.914667,3.453224,2.640059,2.357472,2.378562,2.046757,2.291527,2.25597,2.537689,2.802012,2.726602,2.998711,3.189198,3.310444,2.750627,2.956486,2.117112,2.437747,2.402316,2.418043,2.949831,2.778977,2.915874,2.533605,FALSE,FALSE,FALSE,FALSE,FALSE,FALSE,FALSE,FALSE,FALSE,FALSE,FALSE,FALSE,FALSE,FALSE,FALSE,FALSE,FALSE,FALSE,FALSE,FALSE,FALSE,FALSE,FALSE,FALSE,FALSE,FALSE,FALSE,FALSE,FALSE,FALSE,FALSE,FALSE,FALSE,FALSE,FALSE,FALSE,FALSE,FALSE,FALSE,FALSE,FALSE,-26.525,0,26.85,FALSE,FALSE,FALSE,1.177376,0.9895927,1.043753,FALSE,FALSE,FALSE,0,0,0,FALSE,FALSE,FALSE,1.08813,FALSE,13.65,FALSE,29,FALSE
2025-04-23 11:18:16,127,28,111,251,378,332,199,220,214,290,379,320,357,306,243,246,306,397,382,838,456,432,582,358,301,599,658,727,508,322,602,577,567,502,350,381,389,268,211,493,339,FALSE,FALSE,FALSE,FALSE,FALSE,FALSE,FALSE,FALSE,FALSE,FALSE,FALSE,FALSE,FALSE,FALSE,FALSE,FALSE,FALSE,FALSE,FALSE,FALSE,FALSE,FALSE,FALSE,FALSE,FALSE,FALSE,FALSE,FALSE,FALSE,FALSE,FALSE,FALSE,FALSE,FALSE,FALSE,FALSE,FALSE,FALSE,FALSE,FALSE,FALSE,2.911059,5.441099,3.922259,3.016054,2.509717,2.351012,2.12838,1.785161,1.79766,1.811472,2.050429,1.765071,2.058101,2.500881,2.488465,2.463871,2.710344,2.957393,3.495534,2.568769,2.347435,2.351329,2.012947,2.327448,2.257397,2.534162,2.836117,2.808305,3.108994,3.284656,3.380141,2.890631,2.969951,1.976496,2.317894,2.295276,2.308545,2.947283,2.743366,2.943538,2.523813,FALSE,FALSE,FALSE,FALSE,FALSE,FALSE,FALSE,FALSE,FALSE,FALSE,FALSE,FALSE,FALSE,FALSE,FALSE,FALSE,FALSE,FALSE,FALSE,FALSE,FALSE,FALSE,FALSE,FALSE,FALSE,FALSE,FALSE,FALSE,FALSE,FALSE,FALSE,FALSE,FALSE,FALSE,FALSE,FALSE,FALSE,FALSE,FALSE,FALSE,FALSE,-26.4,0,26.875,FALSE,FALSE,FALSE,1.182055,0.9939981,1.046059,FALSE,FALSE,FALSE,0,0,0,FALSE,FALSE,FALSE,1.102023,FALSE,14.04,FALSE,28.75,FALSE
2025-04-23 11:06:07,127,28,111,251,378,332,199,220,214,290,379,320,357,306,243,246,306,397,382,838,456,432,582,358,301,599,658,727,508,322,602,577,567,502,350,381,389,268,211,493,339,FALSE,FALSE,FALSE,FALSE,FALSE,FALSE,FALSE,FALSE,FALSE,FALSE,FALSE,FALSE,FALSE,FALSE,FALSE,FALSE,FALSE,FALSE,FALSE,FALSE,FALSE,FALSE,FALSE,FALSE,FALSE,FALSE,FALSE,FALSE,FALSE,FALSE,FALSE,FALSE,FALSE,FALSE,FALSE,FALSE,FALSE,FALSE,FALSE,FALSE,FALSE,2.12658,5.412074,2.53457,3.34161,2.855172,2.652431,2.392731,2.002692,2.025811,2.034729,2.205748,1.915929,2.170909,2.658516,2.639016,2.644751,2.870311,3.130931,3.633274,3.071497,2.912083,2.940052,2.735809,2.915536,2.885628,3.093336,3.216664,3.048408,3.287351,3.509338,3.523711,3.112055,3.391477,2.110415,2.472679,2.467516,2.467336,3.019278,2.888859,2.980842,2.516217,FALSE,FALSE,FALSE,FALSE,FALSE,FALSE,FALSE,FALSE,FALSE,FALSE,FALSE,FALSE,FALSE,FALSE,FALSE,FALSE,FALSE,FALSE,FALSE,FALSE,FALSE,FALSE,FALSE,FALSE,FALSE,FALSE,FALSE,FALSE,FALSE,FALSE,FALSE,FALSE,FALSE,FALSE,FALSE,FALSE,FALSE,FALSE,FALSE,FALSE,FALSE,-26.4,0,26.9,FALSE,FALSE,FALSE,1.183463,0.9987458,1.04993,FALSE,FALSE,FALSE,0,0,0,FALSE,FALSE,FALSE,1.111851,FALSE,14.94,FALSE,28.12,FALSE
2025-04-23 10:57:17,127,28,113,251,380,332,198,220,214,291,378,312,343,305,234,240,300,389,375,897,493,464,628,377,316,636,683,760,529,338,628,602,589,561,360,377,390,270,211,493,335,FALSE,FALSE,FALSE,FALSE,FALSE,FALSE,FALSE,FALSE,FALSE,FALSE,FALSE,FALSE,FALSE,FALSE,FALSE,FALSE,FALSE,FALSE,FALSE,FALSE,FALSE,FALSE,FALSE,FALSE,FALSE,FALSE,FALSE,FALSE,FALSE,FALSE,FALSE,FALSE,FALSE,FALSE,FALSE,FALSE,FALSE,FALSE,FALSE,FALSE,FALSE,7.170415,5.543051,4.932688,3.349496,2.846431,2.67007,2.395719,1.974596,2.00113,2.028059,2.255629,2.113343,2.422138,2.753193,2.831324,2.879353,3.067967,3.269939,3.717841,8.365149,8.390841,8.348881,8.548721,8.723759,8.804744,8.710103,8.653632,8.354509,8.39668,8.484754,8.614244,8.572494,8.818545,2.817019,2.681112,2.772391,2.68405,3.260864,3.166563,3.205479,2.856805,TRUE,FALSE,FALSE,FALSE,FALSE,FALSE,FALSE,FALSE,FALSE,FALSE,FALSE,FALSE,FALSE,FALSE,FALSE,FALSE,FALSE,FALSE,FALSE,TRUE,TRUE,TRUE,TRUE,TRUE,TRUE,TRUE,TRUE,TRUE,TRUE,TRUE,TRUE,TRUE,TRUE,FALSE,FALSE,FALSE,FALSE,FALSE,FALSE,FALSE,FALSE,-26.525,0,26.725,FALSE,FALSE,FALSE,1.183002,1.003573,1.050047,FALSE,FALSE,FALSE,0,0,0,FALSE,FALSE,FALSE,1.119287,FALSE,16.23,FALSE,28.25,FALSE
2025-04-22 10:07:18,127,29,114,253,380,331,199,220,213,288,379,318,352,302,237,241,299,389,380,926,507,469,632,389,322,643,685,764,530,337,624,613,604,516,349,374,390,268,208,490,338,FALSE,FALSE,FALSE,FALSE,FALSE,FALSE,FALSE,FALSE,FALSE,FALSE,FALSE,FALSE,FALSE,FALSE,FALSE,FALSE,FALSE,FALSE,FALSE,FALSE,FALSE,FALSE,FALSE,FALSE,FALSE,FALSE,FALSE,FALSE,FALSE,FALSE,FALSE,FALSE,FALSE,FALSE,FALSE,FALSE,FALSE,FALSE,FALSE,FALSE,FALSE,6.324372,5.308001,5.32092,3.076802,2.618509,2.475262,2.211675,1.790974,1.854402,1.840339,2.033729,1.67347,1.969412,2.42984,2.416388,2.413198,2.646561,2.88838,3.406978,8.292176,8.35769,8.35269,8.536698,8.542363,8.548466,8.449519,8.472678,8.115315,8.169477,8.310523,8.581486,8.522161,8.771944,2.2593,2.569913,2.598268,2.427001,3.233293,2.9801,3.158114,2.717222,TRUE,FALSE,FALSE,FALSE,FALSE,FALSE,FALSE,FALSE,FALSE,FALSE,FALSE,FALSE,FALSE,FALSE,FALSE,FALSE,FALSE,FALSE,FALSE,TRUE,TRUE,TRUE,TRUE,TRUE,TRUE,TRUE,TRUE,TRUE,TRUE,TRUE,TRUE,TRUE,TRUE,FALSE,FALSE,FALSE,FALSE,FALSE,FALSE,FALSE,FALSE,-26.675,0,26.9,FALSE,FALSE,FALSE,1.180212,1.003013,1.043519,FALSE,FALSE,FALSE,0,0,0,FALSE,FALSE,FALSE,1.119649,FALSE,12.37,FALSE,27.5,FALSE
2025-04-22 09:36:11,127,30,111,256,384,336,203,226,218,295,383,321,351,305,234,239,299,387,368,877,483,449,595,361,301,602,644,710,497,318,583,569,553,534,344,364,377,257,201,468,325,FALSE,FALSE,FALSE,FALSE,FALSE,FALSE,FALSE,FALSE,FALSE,FALSE,FALSE,FALSE,FALSE,FALSE,FALSE,FALSE,FALSE,FALSE,FALSE,FALSE,FALSE,FALSE,FALSE,FALSE,FALSE,FALSE,FALSE,FALSE,FALSE,FALSE,FALSE,FALSE,FALSE,FALSE,FALSE,FALSE,FALSE,FALSE,FALSE,FALSE,FALSE,4.972061,5.329589,4.429035,2.984369,2.493225,2.344549,2.03141,1.627472,1.698823,1.705271,1.909238,1.611851,1.898654,2.340379,2.294483,2.278841,2.527723,2.828249,3.328426,7.474558,7.422292,7.450146,7.505995,7.608312,7.604656,7.61718,7.628553,7.304473,7.32051,7.496624,7.629531,7.710402,7.876089,2.309594,2.602638,2.609965,2.475141,3.358022,3.070087,3.316803,2.67753,FALSE,FALSE,FALSE,FALSE,FALSE,FALSE,FALSE,FALSE,FALSE,FALSE,FALSE,FALSE,FALSE,FALSE,FALSE,FALSE,FALSE,FALSE,FALSE,TRUE,TRUE,TRUE,TRUE,TRUE,TRUE,TRUE,TRUE,TRUE,TRUE,TRUE,TRUE,TRUE,TRUE,FALSE,FALSE,FALSE,FALSE,FALSE,FALSE,FALSE,FALSE,-26.625,0,27.025,FALSE,FALSE,FALSE,1.184955,1.006886,1.046118,FALSE,FALSE,FALSE,0,0,0,FALSE,FALSE,FALSE,1.137878,FALSE,12.65,FALSE,26.12,FALSE
2025-04-22 09:04:08,120,30,111,256,384,336,203,226,218,295,383,321,351,305,234,239,299,387,368,877,483,449,595,361,301,602,644,710,497,318,583,569,553,534,344,364,377,257,201,468,325,FALSE,FALSE,FALSE,FALSE,FALSE,FALSE,FALSE,FALSE,FALSE,FALSE,FALSE,FALSE,FALSE,FALSE,FALSE,FALSE,FALSE,FALSE,FALSE,FALSE,FALSE,FALSE,FALSE,FALSE,FALSE,FALSE,FALSE,FALSE,FALSE,FALSE,FALSE,FALSE,FALSE,FALSE,FALSE,FALSE,FALSE,FALSE,FALSE,FALSE,FALSE,3.522032,5.709899,3.218582,3.142355,2.575106,2.378994,2.097077,1.699675,1.748156,1.750814,2.028255,1.743402,2.051914,2.555753,2.528328,2.496085,2.730246,3.026289,3.554086,6.117671,6.059563,6.095592,6.148661,6.251579,6.200668,6.230586,6.278806,6.102921,6.0945,6.26937,6.410576,6.319767,6.503948,2.629501,2.895684,2.929346,2.749495,3.697012,3.383476,3.693417,2.946557,FALSE,FALSE,FALSE,FALSE,FALSE,FALSE,FALSE,FALSE,FALSE,FALSE,FALSE,FALSE,FALSE,FALSE,FALSE,FALSE,FALSE,FALSE,FALSE,TRUE,TRUE,TRUE,TRUE,TRUE,TRUE,TRUE,TRUE,TRUE,TRUE,TRUE,TRUE,TRUE,TRUE,FALSE,FALSE,FALSE,FALSE,FALSE,FALSE,FALSE,FALSE,-26.55,0,27.25,FALSE,FALSE,FALSE,1.192485,1.004687,1.052,FALSE,FALSE,FALSE,0,0,0,FALSE,FALSE,FALSE,1.153578,FALSE,13.03,FALSE,24.25,FALSE
2025-04-17 13:52:26,140,29,117,256,384,336,200,223,216,293,381,319,350,306,239,244,304,398,394,949,527,490,661,406,338,672,732,795,568,356,659,652,650,527,355,383,399,273,212,502,347,FALSE,FALSE,FALSE,FALSE,FALSE,FALSE,FALSE,FALSE,FALSE,FALSE,FALSE,FALSE,FALSE,FALSE,FALSE,FALSE,FALSE,FALSE,FALSE,FALSE,FALSE,FALSE,FALSE,FALSE,FALSE,FALSE,FALSE,FALSE,FALSE,FALSE,FALSE,FALSE,FALSE,FALSE,FALSE,FALSE,FALSE,FALSE,FALSE,FALSE,FALSE,8.228928,5.472661,6.154746,3.079024,2.625467,2.477403,2.266287,1.856441,1.869672,1.906904,2.129415,1.834917,2.108962,2.543508,2.528166,2.482903,2.712856,3.007825,3.509526,9.754558,9.594419,9.681244,9.987554,9.912755,9.916706,9.94782,9.89795,9.530129,9.430576,9.566622,9.774458,9.86793,10.15806,2.519085,2.761236,2.750082,2.670505,3.170933,3.03991,3.085871,2.959458,TRUE,FALSE,FALSE,FALSE,FALSE,FALSE,FALSE,FALSE,FALSE,FALSE,FALSE,FALSE,FALSE,FALSE,FALSE,FALSE,FALSE,FALSE,FALSE,TRUE,TRUE,TRUE,TRUE,TRUE,TRUE,TRUE,TRUE,TRUE,TRUE,TRUE,TRUE,TRUE,TRUE,FALSE,FALSE,FALSE,FALSE,FALSE,FALSE,FALSE,FALSE,-26.725,0,26.65,FALSE,FALSE,FALSE,1.173201,0.9901752,1.041658,FALSE,FALSE,FALSE,0,0,0,FALSE,FALSE,FALSE,1.088124,FALSE,12.67,FALSE,29.88,FALSE
2025-04-17 11:57:07,140,29,117,256,384,336,200,223,216,293,381,319,350,306,239,244,304,398,394,949,527,490,661,406,338,672,732,795,568,356,659,652,650,527,355,383,399,273,212,502,347,FALSE,FALSE,FALSE,FALSE,FALSE,FALSE,FALSE,FALSE,FALSE,FALSE,FALSE,FALSE,FALSE,FALSE,FALSE,FALSE,FALSE,FALSE,FALSE,FALSE,FALSE,FALSE,FALSE,FALSE,FALSE,FALSE,FALSE,FALSE,FALSE,FALSE,FALSE,FALSE,FALSE,FALSE,FALSE,FALSE,FALSE,FALSE,FALSE,FALSE,FALSE,7.99982,5.664993,6.008672,3.022203,2.575567,2.433778,2.228222,1.854579,1.862641,1.904245,2.105515,1.819093,2.067237,2.516298,2.447906,2.451774,2.666962,2.907249,3.458852,9.522951,9.427013,9.521322,9.682541,9.699073,9.665087,9.666374,9.607399,9.219968,9.236129,9.279045,9.563362,9.605467,9.747705,2.408054,2.675655,2.678761,2.541467,3.131196,2.973059,3.075255,2.870263,TRUE,FALSE,FALSE,FALSE,FALSE,FALSE,FALSE,FALSE,FALSE,FALSE,FALSE,FALSE,FALSE,FALSE,FALSE,FALSE,FALSE,FALSE,FALSE,TRUE,TRUE,TRUE,TRUE,TRUE,TRUE,TRUE,TRUE,TRUE,TRUE,TRUE,TRUE,TRUE,TRUE,FALSE,FALSE,FALSE,FALSE,FALSE,FALSE,FALSE,FALSE,-26.725,0,26.675,FALSE,FALSE,FALSE,1.173113,0.991282,1.040119,FALSE,FALSE,FALSE,0,0,0,FALSE,FALSE,FALSE,1.090141,FALSE,11.14,FALSE,29.75,FALSE
2025-04-17 09:30:01,124,29,110,259,384,341,202,225,219,297,387,325,360,309,240,245,303,396,382,866,472,438,588,363,297,598,640,699,502,316,580,574,560,507,339,364,381,259,201,476,333,FALSE,FALSE,FALSE,FALSE,FALSE,FALSE,FALSE,FALSE,FALSE,FALSE,FALSE,FALSE,FALSE,FALSE,FALSE,FALSE,FALSE,FALSE,FALSE,FALSE,FALSE,FALSE,FALSE,FALSE,FALSE,FALSE,FALSE,FALSE,FALSE,FALSE,FALSE,FALSE,FALSE,FALSE,FALSE,FALSE,FALSE,FALSE,FALSE,FALSE,FALSE,4.712476,5.474435,3.999074,2.962983,2.471788,2.287317,2.027329,1.663715,1.706076,1.743512,1.988857,1.664195,1.96702,2.462483,2.430899,2.36853,2.596213,2.872892,3.423678,7.119603,7.029164,7.158171,7.192367,7.299664,7.215728,7.22451,7.27929,6.967334,6.965281,7.15739,7.243333,7.207399,7.497893,2.350142,2.653395,2.678129,2.54,3.379958,3.143678,3.323575,2.7193,FALSE,FALSE,FALSE,FALSE,FALSE,FALSE,FALSE,FALSE,FALSE,FALSE,FALSE,FALSE,FALSE,FALSE,FALSE,FALSE,FALSE,FALSE,FALSE,TRUE,TRUE,TRUE,TRUE,TRUE,TRUE,TRUE,TRUE,TRUE,TRUE,TRUE,TRUE,TRUE,TRUE,FALSE,FALSE,FALSE,FALSE,FALSE,FALSE,FALSE,FALSE,-26.625,0,27.075,FALSE,FALSE,FALSE,1.185001,1.007641,1.04723,FALSE,FALSE,FALSE,0,0,0,FALSE,FALSE,FALSE,1.140778,FALSE,12.2,FALSE,26.25,FALSE
2025-04-17 09:15:32,124,29,110,259,384,341,202,225,219,297,387,325,360,309,240,245,303,396,382,866,472,438,588,363,297,598,640,699,502,316,580,574,560,507,339,364,381,259,201,476,333,FALSE,FALSE,FALSE,FALSE,FALSE,FALSE,FALSE,FALSE,FALSE,FALSE,FALSE,FALSE,FALSE,FALSE,FALSE,FALSE,FALSE,FALSE,FALSE,FALSE,FALSE,FALSE,FALSE,FALSE,FALSE,FALSE,FALSE,FALSE,FALSE,FALSE,FALSE,FALSE,FALSE,FALSE,FALSE,FALSE,FALSE,FALSE,FALSE,FALSE,FALSE,4.090898,5.546981,3.581172,2.96678,2.413741,2.258585,2.009168,1.638413,1.683266,1.701237,1.977846,1.724399,1.980384,2.50179,2.452883,2.37071,2.631536,2.932007,3.466939,6.570464,6.575846,6.554107,6.589699,6.658977,6.647666,6.637034,6.635637,6.49754,6.446245,6.648866,6.705321,6.647602,6.921471,2.576031,2.796315,2.775894,2.667514,3.493165,3.216534,3.481451,2.817844,FALSE,FALSE,FALSE,FALSE,FALSE,FALSE,FALSE,FALSE,FALSE,FALSE,FALSE,FALSE,FALSE,FALSE,FALSE,FALSE,FALSE,FALSE,FALSE,TRUE,TRUE,TRUE,TRUE,TRUE,TRUE,TRUE,TRUE,TRUE,TRUE,TRUE,TRUE,TRUE,TRUE,FALSE,FALSE,FALSE,FALSE,FALSE,FALSE,FALSE,FALSE,-26.55,0,27.1,FALSE,FALSE,FALSE,1.188681,1.007317,1.049067,FALSE,FALSE,FALSE,0,0,0,FALSE,FALSE,FALSE,1.149007,FALSE,12.01,FALSE,25.5,FALSE
2025-04-17 09:12:52,124,29,110,259,384,341,202,225,219,297,387,325,360,309,240,245,303,396,382,866,472,438,588,363,297,598,640,699,502,316,580,574,560,507,339,364,381,259,201,476,333,FALSE,FALSE,FALSE,FALSE,FALSE,FALSE,FALSE,FALSE,FALSE,FALSE,FALSE,FALSE,FALSE,FALSE,FALSE,FALSE,FALSE,FALSE,FALSE,FALSE,FALSE,FALSE,FALSE,FALSE,FALSE,FALSE,FALSE,FALSE,FALSE,FALSE,FALSE,FALSE,FALSE,FALSE,FALSE,FALSE,FALSE,FALSE,FALSE,FALSE,FALSE,4.007843,5.645792,3.475631,3.001461,2.466946,2.288359,2.054912,1.673203,1.711481,1.746099,2.023848,1.754389,2.056932,2.553873,2.521495,2.459722,2.680136,2.941732,3.429096,6.454395,6.44601,6.450269,6.47801,6.609944,6.586479,6.571546,6.573407,6.373253,6.42214,6.5889,6.68969,6.623826,6.814641,2.4876,2.803749,2.834527,2.673291,3.544726,3.29952,3.524238,2.830872,FALSE,FALSE,FALSE,FALSE,FALSE,FALSE,FALSE,FALSE,FALSE,FALSE,FALSE,FALSE,FALSE,FALSE,FALSE,FALSE,FALSE,FALSE,FALSE,TRUE,TRUE,TRUE,TRUE,TRUE,TRUE,TRUE,TRUE,TRUE,TRUE,TRUE,TRUE,TRUE,TRUE,FALSE,FALSE,FALSE,FALSE,FALSE,FALSE,FALSE,FALSE,-26.55,0,27.125,FALSE,FALSE,FALSE,1.189497,1.007261,1.04925,FALSE,FALSE,FALSE,0,0,0,FALSE,FALSE,FALSE,1.150471,FALSE,11.87,FALSE,25.38,FALSE
2025-04-16 10:36:42,117,29,110,259,384,341,202,225,219,297,387,325,360,309,240,245,303,396,382,866,472,438,588,363,297,598,640,699,502,316,580,574,560,507,339,364,381,259,201,476,333,FALSE,FALSE,FALSE,FALSE,FALSE,FALSE,FALSE,FALSE,FALSE,FALSE,FALSE,FALSE,FALSE,FALSE,FALSE,FALSE,FALSE,FALSE,FALSE,FALSE,FALSE,FALSE,FALSE,FALSE,FALSE,FALSE,FALSE,FALSE,FALSE,FALSE,FALSE,FALSE,FALSE,FALSE,FALSE,FALSE,FALSE,FALSE,FALSE,FALSE,FALSE,3.276571,5.540055,2.936498,2.83955,2.275704,2.080077,1.855509,1.509986,1.536147,1.592227,1.888007,1.639995,1.891186,2.484491,2.451193,2.365283,2.583952,2.936596,3.548579,5.822752,5.807662,5.861901,5.776631,6.020722,5.970827,5.961549,6.012248,5.886774,5.845088,6.034748,6.011026,5.972092,6.506421,2.64877,3.033281,2.896753,2.697567,3.577676,3.36938,3.655216,3.07311,FALSE,FALSE,FALSE,FALSE,FALSE,FALSE,FALSE,FALSE,FALSE,FALSE,FALSE,FALSE,FALSE,FALSE,FALSE,FALSE,FALSE,FALSE,FALSE,FALSE,FALSE,FALSE,FALSE,TRUE,FALSE,FALSE,TRUE,FALSE,FALSE,TRUE,TRUE,FALSE,TRUE,FALSE,FALSE,FALSE,FALSE,FALSE,FALSE,FALSE,FALSE,-26.475,0,27.175,FALSE,FALSE,FALSE,1.191414,1.008074,1.049667,FALSE,FALSE,FALSE,0,0,0,FALSE,FALSE,FALSE,1.151446,FALSE,13.81,FALSE,25.25,FALSE
2025-04-15 17:37:37,117,28,109,258,387,339,202,226,220,297,378,318,347,300,231,241,299,386,375,823,455,420,566,341,281,572,613,669,477,301,558,545,530,530,338,362,378,257,199,471,334,FALSE,FALSE,FALSE,FALSE,FALSE,FALSE,FALSE,FALSE,FALSE,FALSE,FALSE,FALSE,FALSE,FALSE,FALSE,FALSE,FALSE,FALSE,FALSE,FALSE,FALSE,FALSE,FALSE,FALSE,FALSE,FALSE,FALSE,FALSE,FALSE,FALSE,FALSE,FALSE,FALSE,FALSE,FALSE,FALSE,FALSE,FALSE,FALSE,FALSE,FALSE,2.236529,5.409056,3.328561,1.973944,1.468027,1.367019,1.301771,1.079599,1.137688,1.024143,1.27841,1.109481,1.292615,1.889157,1.888654,1.83085,2.079781,2.487935,3.176224,3.256547,3.066796,3.182665,2.959222,3.288462,3.191046,3.273355,3.314287,3.552999,3.482735,3.701103,3.55036,3.450982,3.845829,2.095093,2.42137,2.26148,2.120424,2.734123,2.635116,2.922949,2.730128,FALSE,FALSE,FALSE,FALSE,FALSE,FALSE,FALSE,FALSE,FALSE,FALSE,FALSE,FALSE,FALSE,FALSE,FALSE,FALSE,FALSE,FALSE,FALSE,FALSE,FALSE,FALSE,FALSE,FALSE,FALSE,FALSE,FALSE,FALSE,FALSE,FALSE,FALSE,FALSE,FALSE,FALSE,FALSE,FALSE,FALSE,FALSE,FALSE,FALSE,FALSE,-26.5,0,27.1,FALSE,FALSE,FALSE,1.187416,1.007973,1.047756,FALSE,FALSE,FALSE,0,0,0,FALSE,FALSE,FALSE,1.133213,FALSE,14.84,FALSE,26.88,FALSE
2025-04-15 16:25:54,136,33,126,254,389,349,209,238,232,311,399,327,357,315,239,269,337,417,364,814,438,422,563,342,287,580,639,731,528,341,590,566,526,501,305,388,372,265,209,480,326,FALSE,FALSE,FALSE,FALSE,FALSE,FALSE,FALSE,FALSE,FALSE,FALSE,FALSE,FALSE,FALSE,FALSE,FALSE,FALSE,FALSE,FALSE,FALSE,FALSE,FALSE,FALSE,FALSE,FALSE,FALSE,FALSE,FALSE,FALSE,FALSE,FALSE,FALSE,FALSE,FALSE,FALSE,FALSE,FALSE,FALSE,FALSE,FALSE,FALSE,FALSE,0.6550524,1.740607,3.719439,1.791663,1.3722,1.231028,1.12373,0.9758819,0.941209,0.9098793,1.166246,1.231031,1.438965,1.643833,1.727506,1.762236,1.806982,2.207851,2.364408,1.94661,1.845662,1.801807,1.536437,1.945987,1.897016,2.04456,1.795514,2.548703,2.479553,2.713798,2.307913,2.100109,2.521301,1.777565,1.667999,1.715268,1.630252,1.74032,2.057602,2.442592,2.417941,FALSE,FALSE,FALSE,FALSE,FALSE,FALSE,FALSE,FALSE,FALSE,FALSE,FALSE,FALSE,FALSE,FALSE,FALSE,FALSE,FALSE,FALSE,FALSE,FALSE,FALSE,FALSE,FALSE,FALSE,FALSE,FALSE,FALSE,FALSE,FALSE,FALSE,FALSE,FALSE,FALSE,FALSE,FALSE,FALSE,FALSE,FALSE,FALSE,FALSE,FALSE,-26.575,0,27.125,FALSE,FALSE,FALSE,1.201194,1.011265,1.07708,FALSE,FALSE,FALSE,0,0,0,FALSE,FALSE,FALSE,1.147844,FALSE,14.11,FALSE,24.38,FALSE
2025-04-15 16:18:45,136,33,127,256,393,350,210,236,232,312,395,325,356,312,243,271,335,414,363,803,432,414,409,338,286,592,457,725,519,327,395,427,537,514,311,395,380,268,212,480,326,FALSE,FALSE,FALSE,FALSE,FALSE,FALSE,FALSE,FALSE,FALSE,FALSE,FALSE,FALSE,FALSE,FALSE,FALSE,FALSE,FALSE,FALSE,FALSE,FALSE,FALSE,FALSE,FALSE,FALSE,FALSE,FALSE,FALSE,FALSE,FALSE,FALSE,FALSE,FALSE,FALSE,FALSE,FALSE,FALSE,FALSE,FALSE,FALSE,FALSE,FALSE,0.6354595,1.91227,4.920164,1.620891,1.287568,1.198865,1.08955,0.9464418,0.9539783,0.8917206,1.08746,1.224961,1.449422,1.71046,1.723606,1.679317,1.75322,2.233706,2.340639,2.001563,1.90398,1.87255,1.744487,1.995184,1.935193,1.960017,2.141699,2.569281,2.49389,2.519094,2.598247,2.573868,2.661376,1.937452,1.879512,1.874868,1.78561,1.890336,2.17785,2.55836,2.589025,FALSE,FALSE,FALSE,FALSE,FALSE,FALSE,FALSE,FALSE,FALSE,FALSE,FALSE,FALSE,FALSE,FALSE,FALSE,FALSE,FALSE,FALSE,FALSE,FALSE,FALSE,FALSE,FALSE,FALSE,FALSE,FALSE,FALSE,FALSE,FALSE,FALSE,FALSE,FALSE,FALSE,FALSE,FALSE,FALSE,FALSE,FALSE,FALSE,FALSE,FALSE,-26.25,0,27.325,FALSE,FALSE,FALSE,1.201534,1.010748,1.075311,FALSE,FALSE,FALSE,0,0,0,FALSE,FALSE,FALSE,1.148089,FALSE,14.61,FALSE,24.5,FALSE
2025-04-15 16:14:57,136,35,128,271,407,361,216,246,239,323,414,336,366,332,256,286,358,442,387,835,445,428,425,346,298,631,474,756,545,346,414,446,571,544,330,416,398,284,222,512,345,FALSE,FALSE,FALSE,FALSE,FALSE,FALSE,FALSE,FALSE,FALSE,FALSE,FALSE,FALSE,FALSE,FALSE,FALSE,FALSE,FALSE,FALSE,FALSE,FALSE,FALSE,FALSE,FALSE,FALSE,FALSE,FALSE,FALSE,FALSE,FALSE,FALSE,FALSE,FALSE,FALSE,FALSE,FALSE,FALSE,FALSE,FALSE,FALSE,FALSE,FALSE,0.647483,1.831922,2.038997,2.466935,2.112917,1.998254,1.749413,1.389075,1.444493,1.548593,2.010298,1.906988,2.23436,2.532708,2.371655,2.345874,2.438378,2.850587,2.995289,2.856688,2.804576,2.812028,2.50548,2.762428,2.619565,2.781991,2.910166,2.957733,3.089836,3.124133,3.061465,2.923544,3.191894,1.832155,1.982721,2.143318,1.849593,2.337802,2.662141,3.110606,2.525988,FALSE,FALSE,FALSE,FALSE,FALSE,FALSE,FALSE,FALSE,FALSE,FALSE,FALSE,FALSE,FALSE,FALSE,FALSE,FALSE,FALSE,FALSE,FALSE,FALSE,FALSE,FALSE,FALSE,FALSE,FALSE,FALSE,FALSE,FALSE,FALSE,FALSE,FALSE,FALSE,FALSE,FALSE,FALSE,FALSE,FALSE,FALSE,FALSE,FALSE,FALSE,-26.15,0,27.275,FALSE,FALSE,FALSE,1.201339,1.01029,1.076982,FALSE,FALSE,FALSE,0,0,0,FALSE,FALSE,FALSE,1.147941,FALSE,15.58,FALSE,24.5,FALSE
2025-04-15 16:10:25,116,30,114,274,408,357,210,234,229,307,397,337,369,315,245,257,316,410,399,842,466,426,430,353,303,621,456,694,506,312,393,431,576,508,340,372,387,269,207,492,353,FALSE,FALSE,FALSE,FALSE,FALSE,FALSE,FALSE,FALSE,FALSE,FALSE,FALSE,FALSE,FALSE,FALSE,FALSE,FALSE,FALSE,FALSE,FALSE,FALSE,FALSE,FALSE,FALSE,FALSE,FALSE,FALSE,FALSE,FALSE,FALSE,FALSE,FALSE,FALSE,FALSE,FALSE,FALSE,FALSE,FALSE,FALSE,FALSE,FALSE,FALSE,2.136231,5.469343,1.97168,2.740195,2.310095,2.19295,1.976674,1.571315,1.639719,1.696179,2.162216,1.950782,2.319575,2.700383,2.655538,2.557685,2.790494,3.129333,3.694407,3.723813,3.597977,3.625535,3.320096,3.629766,3.514503,3.545266,3.707445,3.60514,3.748316,3.870343,3.805865,3.724776,4.000356,1.846909,2.194392,2.063707,1.790535,2.350492,2.483742,2.849467,2.388646,FALSE,FALSE,FALSE,FALSE,FALSE,FALSE,FALSE,FALSE,FALSE,FALSE,FALSE,FALSE,FALSE,FALSE,FALSE,FALSE,FALSE,FALSE,FALSE,FALSE,FALSE,FALSE,FALSE,FALSE,FALSE,FALSE,FALSE,FALSE,FALSE,FALSE,FALSE,FALSE,FALSE,FALSE,FALSE,FALSE,FALSE,FALSE,FALSE,FALSE,FALSE,-26.25,0,27.45,FALSE,FALSE,FALSE,1.194191,1.005378,1.05933,FALSE,FALSE,FALSE,0,0,0,FALSE,FALSE,FALSE,1.148577,FALSE,14.14,FALSE,24.5,FALSE
2025-04-15 15:42:36,135,33,144,258,396,351,210,237,232,312,404,329,361,323,246,278,346,428,374,857,458,440,443,357,310,662,494,769,562,358,432,461,591,511,307,396,380,270,212,487,329,FALSE,FALSE,FALSE,FALSE,FALSE,FALSE,FALSE,FALSE,FALSE,FALSE,FALSE,FALSE,FALSE,FALSE,FALSE,FALSE,FALSE,FALSE,FALSE,FALSE,FALSE,FALSE,FALSE,FALSE,FALSE,FALSE,FALSE,FALSE,FALSE,FALSE,FALSE,FALSE,FALSE,FALSE,FALSE,FALSE,FALSE,FALSE,FALSE,FALSE,FALSE,2.326007,2.315261,4.144106,2.262229,1.911847,1.758435,1.557542,1.28181,1.258873,1.330829,1.732954,1.734095,1.99299,2.332999,2.321616,2.265397,2.262205,2.688643,2.80901,1.951861,1.827153,1.810307,1.494208,2.007389,1.874545,1.874203,2.253317,2.692305,2.633205,2.665024,2.635185,2.433958,2.620497,1.404809,1.478953,1.571611,1.357138,1.848272,2.04614,2.431993,2.17214,FALSE,FALSE,FALSE,FALSE,FALSE,FALSE,FALSE,FALSE,FALSE,FALSE,FALSE,FALSE,FALSE,FALSE,FALSE,FALSE,FALSE,FALSE,FALSE,FALSE,FALSE,FALSE,FALSE,FALSE,FALSE,FALSE,FALSE,FALSE,FALSE,FALSE,FALSE,FALSE,FALSE,FALSE,FALSE,FALSE,FALSE,FALSE,FALSE,FALSE,FALSE,-26.975,0,27.15,FALSE,FALSE,FALSE,1.204203,1.003803,1.073018,FALSE,FALSE,FALSE,0,0,0,FALSE,FALSE,FALSE,1.148538,FALSE,14.02,FALSE,25.12,FALSE
2025-04-15 15:34:42,135,34,135,256,391,346,207,237,231,312,397,321,349,320,248,278,343,422,370,823,443,423,427,340,296,637,472,747,544,347,414,442,568,551,322,411,398,277,215,493,337,FALSE,FALSE,FALSE,FALSE,FALSE,FALSE,FALSE,FALSE,FALSE,FALSE,FALSE,FALSE,FALSE,FALSE,FALSE,FALSE,FALSE,FALSE,FALSE,FALSE,FALSE,FALSE,FALSE,FALSE,FALSE,FALSE,FALSE,FALSE,FALSE,FALSE,FALSE,FALSE,FALSE,FALSE,FALSE,FALSE,FALSE,FALSE,FALSE,FALSE,FALSE,1.856029,1.918969,2.649364,2.175577,1.803066,1.614223,1.376236,1.113133,1.135036,1.175259,1.603932,1.588886,1.931453,2.228007,2.160111,2.118323,2.192587,2.695986,2.736915,1.858529,1.739535,1.673947,1.480811,1.867933,1.816216,1.872327,2.289663,2.747011,2.486707,2.345042,2.411526,2.302327,2.514246,1.522067,1.675371,1.770136,1.539648,1.963693,2.192689,2.637531,2.322529,FALSE,FALSE,FALSE,FALSE,FALSE,FALSE,FALSE,FALSE,FALSE,FALSE,FALSE,FALSE,FALSE,FALSE,FALSE,FALSE,FALSE,FALSE,FALSE,FALSE,FALSE,FALSE,FALSE,FALSE,FALSE,FALSE,FALSE,FALSE,FALSE,FALSE,FALSE,FALSE,FALSE,FALSE,FALSE,FALSE,FALSE,FALSE,FALSE,FALSE,FALSE,-26.95,0,27.7,FALSE,FALSE,FALSE,1.203153,1.005794,1.063246,FALSE,FALSE,FALSE,0,0,0,FALSE,FALSE,FALSE,1.150705,FALSE,13.21,FALSE,25,FALSE
2025-04-15 15:19:59,135,34,135,256,391,346,207,237,231,312,397,321,349,320,248,278,343,422,370,823,443,423,427,340,296,637,472,747,544,347,414,442,568,551,322,411,398,277,215,493,337,FALSE,FALSE,FALSE,FALSE,FALSE,FALSE,FALSE,FALSE,FALSE,FALSE,FALSE,FALSE,FALSE,FALSE,FALSE,FALSE,FALSE,FALSE,FALSE,FALSE,FALSE,FALSE,FALSE,FALSE,FALSE,FALSE,FALSE,FALSE,FALSE,FALSE,FALSE,FALSE,FALSE,FALSE,FALSE,FALSE,FALSE,FALSE,FALSE,FALSE,FALSE,1.624116,2.241053,2.62726,2.272066,1.770989,1.554651,1.30723,1.090457,1.149563,1.167224,1.565482,1.626068,1.900289,2.227264,2.16644,2.188262,2.351709,2.818364,2.869214,2.000205,1.938831,1.993159,1.618312,2.152696,1.938247,2.009919,2.394563,2.89284,2.689278,2.590122,2.602661,2.370617,2.627597,1.342616,1.526767,1.669222,1.324283,1.81955,2.095225,2.67959,2.144372,FALSE,FALSE,FALSE,FALSE,FALSE,FALSE,FALSE,FALSE,FALSE,FALSE,FALSE,FALSE,FALSE,FALSE,FALSE,FALSE,FALSE,FALSE,FALSE,FALSE,FALSE,FALSE,FALSE,FALSE,FALSE,FALSE,FALSE,FALSE,FALSE,FALSE,FALSE,FALSE,FALSE,FALSE,FALSE,FALSE,FALSE,FALSE,FALSE,FALSE,FALSE,-26.025,0,27.6,FALSE,FALSE,FALSE,1.203894,1.007147,1.066254,FALSE,FALSE,FALSE,0,0,0,FALSE,FALSE,FALSE,1.149531,FALSE,14.36,FALSE,25.38,FALSE
2025-04-15 15:05:55,142,33,158,263,400,354,212,238,236,314,401,321,352,323,253,281,348,430,378,837,444,426,431,348,304,669,497,788,577,369,445,477,615,555,329,417,393,279,218,500,336,FALSE,FALSE,FALSE,FALSE,FALSE,FALSE,FALSE,FALSE,FALSE,FALSE,FALSE,FALSE,FALSE,FALSE,FALSE,FALSE,FALSE,FALSE,FALSE,FALSE,FALSE,FALSE,FALSE,FALSE,FALSE,FALSE,FALSE,FALSE,FALSE,FALSE,FALSE,FALSE,FALSE,FALSE,FALSE,FALSE,FALSE,FALSE,FALSE,FALSE,FALSE,0.4660291,2.175385,4.490632,2.4004,2.017702,1.973509,1.737178,1.35981,1.411849,1.455498,1.891309,1.762943,2.110484,2.407047,2.261692,2.120191,2.35216,2.850171,3.053379,2.351241,2.232034,2.223702,1.769148,2.30505,1.991828,1.984546,2.251308,2.555994,2.6722,2.908412,2.653893,2.726215,2.799464,1.290962,1.600319,1.648166,1.42683,1.968901,2.224204,2.572126,2.318302,FALSE,FALSE,FALSE,FALSE,FALSE,FALSE,FALSE,FALSE,FALSE,FALSE,FALSE,FALSE,FALSE,FALSE,FALSE,FALSE,FALSE,FALSE,FALSE,FALSE,FALSE,FALSE,FALSE,FALSE,FALSE,FALSE,FALSE,FALSE,FALSE,FALSE,FALSE,FALSE,FALSE,FALSE,FALSE,FALSE,FALSE,FALSE,FALSE,FALSE,FALSE,-26.075,0,27.525,FALSE,FALSE,FALSE,1.203839,1.006665,1.069655,FALSE,FALSE,FALSE,0,0,0,FALSE,FALSE,FALSE,1.1476,FALSE,15.59,FALSE,25.5,FALSE
2025-04-15 14:58:37,142,35,155,272,411,364,219,243,240,322,418,346,377,333,260,288,364,450,397,829,444,427,439,358,316,666,493,775,572,373,450,483,626,515,315,393,385,281,221,514,349,FALSE,FALSE,FALSE,FALSE,FALSE,FALSE,FALSE,FALSE,FALSE,FALSE,FALSE,FALSE,FALSE,FALSE,FALSE,FALSE,FALSE,FALSE,FALSE,FALSE,FALSE,FALSE,FALSE,FALSE,FALSE,FALSE,FALSE,FALSE,FALSE,FALSE,FALSE,FALSE,FALSE,FALSE,FALSE,FALSE,FALSE,FALSE,FALSE,FALSE,FALSE,0.5124532,2.037192,1.865985,2.606903,2.255556,2.239692,1.970142,1.559942,1.690298,1.816501,2.177045,1.95586,2.3256,2.669259,2.48523,2.400355,2.510464,3.008547,3.060115,2.495257,2.396499,2.431847,2.006979,2.475605,2.200368,2.342165,2.541728,2.751288,2.638994,2.593014,2.455954,2.473435,2.786461,1.521195,2.017721,2.20607,1.794288,2.322683,2.617842,2.983017,2.456686,FALSE,FALSE,FALSE,FALSE,FALSE,FALSE,FALSE,FALSE,FALSE,FALSE,FALSE,FALSE,FALSE,FALSE,FALSE,FALSE,FALSE,FALSE,FALSE,FALSE,FALSE,FALSE,FALSE,FALSE,FALSE,FALSE,FALSE,FALSE,FALSE,FALSE,FALSE,FALSE,FALSE,FALSE,FALSE,FALSE,FALSE,FALSE,FALSE,FALSE,FALSE,-25.625,0,26.8,FALSE,FALSE,FALSE,1.214531,1.01402,1.078583,FALSE,FALSE,FALSE,0,0,0,FALSE,FALSE,FALSE,1.155689,FALSE,14.47,FALSE,25.5,FALSE
2025-04-15 14:34:26,142,18,117,228,372,347,200,207,225,290,369,280,344,309,215,232,314,401,344,805,443,414,405,338,296,602,422,706,530,329,370,427,562,456,299,374,324,268,210,489,287,FALSE,FALSE,FALSE,FALSE,FALSE,FALSE,FALSE,FALSE,FALSE,FALSE,FALSE,FALSE,FALSE,FALSE,FALSE,FALSE,FALSE,FALSE,FALSE,FALSE,FALSE,FALSE,FALSE,FALSE,FALSE,FALSE,FALSE,FALSE,FALSE,FALSE,FALSE,FALSE,FALSE,FALSE,FALSE,FALSE,FALSE,FALSE,FALSE,FALSE,FALSE,1.879647,1.713193,3.271364,1.018794,1.039116,0.9818203,0.9422628,1.148501,0.9049641,0.9374754,0.8753707,1.229982,1.180459,1.105216,1.400868,1.45927,1.605669,1.649955,1.987279,1.367234,1.121855,0.9769946,0.9970817,1.017623,1.122626,1.242774,1.261395,1.611915,1.678894,1.610179,1.686682,1.887454,2.268745,2.169599,2.118777,2.346304,2.583799,2.616198,2.751882,2.795701,2.958092,FALSE,FALSE,FALSE,FALSE,FALSE,FALSE,FALSE,FALSE,FALSE,FALSE,FALSE,FALSE,FALSE,FALSE,FALSE,FALSE,FALSE,FALSE,FALSE,FALSE,FALSE,FALSE,FALSE,FALSE,FALSE,FALSE,FALSE,FALSE,FALSE,FALSE,FALSE,FALSE,FALSE,FALSE,FALSE,FALSE,FALSE,FALSE,FALSE,FALSE,FALSE,-26.375,0,27.2,FALSE,FALSE,FALSE,1.21366,1.017885,1.058278,FALSE,FALSE,FALSE,0,0,0,FALSE,FALSE,FALSE,1.152824,FALSE,15.65,FALSE,26,FALSE
2025-04-15 14:24:05,130,20,108,232,377,350,202,210,227,293,368,277,338,312,222,239,325,412,356,714,390,364,353,292,257,541,378,638,483,300,340,393,524,572,366,454,375,322,249,585,346,FALSE,FALSE,FALSE,FALSE,FALSE,FALSE,FALSE,FALSE,FALSE,FALSE,FALSE,FALSE,FALSE,FALSE,FALSE,FALSE,FALSE,FALSE,FALSE,FALSE,FALSE,FALSE,FALSE,FALSE,FALSE,FALSE,FALSE,FALSE,FALSE,FALSE,FALSE,FALSE,FALSE,FALSE,FALSE,FALSE,FALSE,FALSE,FALSE,FALSE,FALSE,0.5360386,4.19421,10.19314,2.119436,1.735358,1.497565,1.613168,1.765603,1.478483,1.517103,1.328234,1.833986,1.754297,1.726909,2.093095,2.247991,2.589397,2.338492,2.807198,1.67491,1.411094,1.257987,1.182849,1.38653,1.529797,1.814972,2.14911,2.606792,2.518107,2.30429,2.59047,2.905854,3.041298,2.346476,2.246848,2.914794,2.910075,2.435079,3.105695,2.945868,3.15601,FALSE,FALSE,TRUE,FALSE,FALSE,FALSE,FALSE,FALSE,FALSE,FALSE,FALSE,FALSE,FALSE,FALSE,FALSE,FALSE,FALSE,FALSE,FALSE,FALSE,FALSE,FALSE,FALSE,FALSE,FALSE,FALSE,FALSE,FALSE,FALSE,FALSE,FALSE,FALSE,FALSE,FALSE,FALSE,FALSE,FALSE,FALSE,FALSE,FALSE,FALSE,-26.4,0,28.4,FALSE,FALSE,FALSE,1.215797,1.120459,1.225192,FALSE,FALSE,FALSE,0,0,0,FALSE,FALSE,FALSE,1.264065,FALSE,16.16,FALSE,26,FALSE
2025-04-15 13:56:56,130,20,112,236,378,348,202,211,227,293,371,282,341,318,225,247,341,433,382,721,392,366,361,300,264,560,396,660,509,322,364,423,579,609,392,490,415,351,278,651,397,FALSE,FALSE,FALSE,FALSE,FALSE,FALSE,FALSE,FALSE,FALSE,FALSE,FALSE,FALSE,FALSE,FALSE,FALSE,FALSE,FALSE,FALSE,FALSE,FALSE,FALSE,FALSE,FALSE,FALSE,FALSE,FALSE,FALSE,FALSE,FALSE,FALSE,FALSE,FALSE,FALSE,FALSE,FALSE,FALSE,FALSE,FALSE,FALSE,FALSE,FALSE,1.38807,2.684893,7.318604,3.656538,3.401213,3.144158,3.224853,3.323026,3.030231,3.062186,2.958064,3.284571,3.056918,3.098837,3.461227,3.290062,3.437846,3.151311,3.70409,3.587255,3.507621,3.487771,3.453419,3.473696,3.327859,3.481784,3.704199,3.70364,3.559529,3.56041,3.742195,3.732157,4.088539,3.43048,3.433205,3.507519,3.116513,3.130507,3.115002,3.533069,3.533036,FALSE,FALSE,FALSE,FALSE,FALSE,FALSE,FALSE,FALSE,FALSE,FALSE,FALSE,FALSE,FALSE,FALSE,FALSE,FALSE,FALSE,FALSE,FALSE,FALSE,FALSE,FALSE,FALSE,FALSE,FALSE,FALSE,FALSE,FALSE,FALSE,FALSE,FALSE,FALSE,FALSE,FALSE,FALSE,FALSE,FALSE,FALSE,FALSE,FALSE,FALSE,-26.675,0,27.3,FALSE,FALSE,FALSE,1.215482,1.121981,1.228563,FALSE,FALSE,FALSE,0,0,0,FALSE,FALSE,FALSE,1.256525,FALSE,15.77,FALSE,25.88,FALSE
2025-04-15 13:53:37,130,20,112,236,378,348,202,211,227,293,371,282,341,318,225,247,341,433,382,721,392,366,361,300,264,560,396,660,509,322,364,423,579,609,392,490,415,351,278,651,397,FALSE,FALSE,FALSE,FALSE,FALSE,FALSE,FALSE,FALSE,FALSE,FALSE,FALSE,FALSE,FALSE,FALSE,FALSE,FALSE,FALSE,FALSE,FALSE,FALSE,FALSE,FALSE,FALSE,FALSE,FALSE,FALSE,FALSE,FALSE,FALSE,FALSE,FALSE,FALSE,FALSE,FALSE,FALSE,FALSE,FALSE,FALSE,FALSE,FALSE,FALSE,1.402081,2.686298,7.282938,3.717543,3.438938,3.174023,3.250566,3.39386,3.115521,3.119751,3.048775,3.316312,3.07464,3.25177,3.690339,3.403215,3.621727,3.342673,3.929726,3.593862,3.483766,3.557271,3.529775,3.481472,3.350138,3.614493,3.758803,3.810143,3.669396,3.70844,3.809499,3.817809,4.233329,3.806739,3.743582,3.836015,3.323619,3.365505,3.315366,3.748694,3.804879,FALSE,FALSE,FALSE,FALSE,FALSE,FALSE,FALSE,FALSE,FALSE,FALSE,FALSE,FALSE,FALSE,FALSE,FALSE,FALSE,FALSE,FALSE,FALSE,FALSE,FALSE,FALSE,FALSE,FALSE,FALSE,FALSE,FALSE,FALSE,FALSE,FALSE,FALSE,FALSE,FALSE,FALSE,FALSE,FALSE,FALSE,FALSE,FALSE,FALSE,FALSE,-27.275,0,27.875,FALSE,FALSE,FALSE,1.204132,1.112481,1.217228,FALSE,FALSE,FALSE,0,0,0,FALSE,FALSE,FALSE,1.244568,FALSE,14.36,FALSE,26,FALSE
2025-04-15 13:49:55,130,20,112,236,378,348,202,211,227,293,371,282,341,318,225,247,341,433,382,721,392,366,361,300,264,560,396,660,509,322,364,423,579,609,392,490,415,351,278,651,397,FALSE,FALSE,FALSE,FALSE,FALSE,FALSE,FALSE,FALSE,FALSE,FALSE,FALSE,FALSE,FALSE,FALSE,FALSE,FALSE,FALSE,FALSE,FALSE,FALSE,FALSE,FALSE,FALSE,FALSE,FALSE,FALSE,FALSE,FALSE,FALSE,FALSE,FALSE,FALSE,FALSE,FALSE,FALSE,FALSE,FALSE,FALSE,FALSE,FALSE,FALSE,1.23079,2.697408,6.922462,3.243868,2.968139,2.732451,2.788878,2.944251,2.67611,2.69481,2.683059,3.047394,2.845815,2.807946,3.202784,2.982078,2.947281,2.72731,3.257286,3.160367,3.053235,3.153915,3.129013,3.214572,3.099432,3.252056,3.462698,3.493045,3.351633,3.181756,3.200393,3.119239,3.456969,3.312379,3.414464,3.486917,2.980081,3.001863,2.796798,3.205156,3.382632,FALSE,FALSE,FALSE,FALSE,FALSE,FALSE,FALSE,FALSE,FALSE,FALSE,FALSE,FALSE,FALSE,FALSE,FALSE,FALSE,FALSE,FALSE,FALSE,FALSE,FALSE,FALSE,FALSE,FALSE,FALSE,FALSE,FALSE,FALSE,FALSE,FALSE,FALSE,FALSE,FALSE,FALSE,FALSE,FALSE,FALSE,FALSE,FALSE,FALSE,FALSE,-27.95,0,28.2,FALSE,FALSE,FALSE,1.193008,1.102454,1.207271,FALSE,FALSE,FALSE,0,0,0,FALSE,FALSE,FALSE,1.231635,FALSE,14.05,FALSE,26,FALSE
2025-04-15 13:27:17,130,19,107,222,358,330,189,194,210,268,326,249,306,273,188,226,355,482,489,707,379,344,332,284,250,515,357,599,476,338,414,512,791,459,277,356,349,327,278,704,463,FALSE,FALSE,FALSE,FALSE,FALSE,FALSE,FALSE,FALSE,FALSE,FALSE,FALSE,FALSE,FALSE,FALSE,FALSE,FALSE,FALSE,FALSE,FALSE,FALSE,FALSE,FALSE,FALSE,FALSE,FALSE,FALSE,FALSE,FALSE,FALSE,FALSE,FALSE,FALSE,FALSE,FALSE,FALSE,FALSE,FALSE,FALSE,FALSE,FALSE,FALSE,1.078429,4.251895,3.001208,3.430022,3.162697,2.798999,2.801447,2.892868,2.729575,2.713246,2.602051,2.686783,2.495432,2.896096,3.535352,2.814387,3.980295,4.967229,7.639643,2.690964,2.684588,3.003144,3.101735,2.926221,2.657937,3.131678,3.639076,3.774056,3.127168,3.189494,4.027294,4.965855,7.330676,3.779236,4.363714,4.258806,2.808092,3.566027,4.73007,6.313952,8.181257,FALSE,FALSE,FALSE,FALSE,FALSE,FALSE,FALSE,FALSE,FALSE,FALSE,FALSE,FALSE,FALSE,FALSE,FALSE,FALSE,FALSE,FALSE,TRUE,FALSE,FALSE,FALSE,FALSE,FALSE,FALSE,FALSE,FALSE,FALSE,FALSE,FALSE,FALSE,FALSE,TRUE,FALSE,FALSE,FALSE,FALSE,FALSE,FALSE,TRUE,TRUE,-28.5,0,29.175,FALSE,FALSE,FALSE,1.173822,1.093643,1.120101,FALSE,FALSE,FALSE,0,0,0,FALSE,FALSE,FALSE,1.227527,FALSE,12.36,FALSE,25.88,FALSE
2025-04-15 13:16:51,130,19,107,222,358,330,189,194,210,268,326,249,306,273,188,226,355,482,489,707,379,344,332,284,250,515,357,599,476,338,414,512,791,459,277,356,349,327,278,704,463,FALSE,FALSE,FALSE,FALSE,FALSE,FALSE,FALSE,FALSE,FALSE,FALSE,FALSE,FALSE,FALSE,FALSE,FALSE,FALSE,FALSE,FALSE,FALSE,FALSE,FALSE,FALSE,FALSE,FALSE,FALSE,FALSE,FALSE,FALSE,FALSE,FALSE,FALSE,FALSE,FALSE,FALSE,FALSE,FALSE,FALSE,FALSE,FALSE,FALSE,FALSE,0.9740782,6.651432,12.97272,3.423024,3.263742,3.02509,3.136169,3.272861,2.887035,3.023357,3.271577,3.341716,3.030137,2.81914,3.709063,3.248877,6.292755,7.650808,10.64301,3.83115,3.757307,3.860032,3.968165,3.588227,3.562849,3.739835,4.277357,4.311519,3.843223,4.951279,6.767543,7.946476,10.57255,4.321145,5.221444,5.138828,3.194615,4.395951,6.598825,8.552792,10.50864,FALSE,FALSE,TRUE,FALSE,FALSE,FALSE,FALSE,FALSE,FALSE,FALSE,FALSE,FALSE,FALSE,FALSE,FALSE,FALSE,TRUE,TRUE,TRUE,FALSE,FALSE,FALSE,FALSE,FALSE,FALSE,FALSE,FALSE,FALSE,FALSE,FALSE,TRUE,TRUE,TRUE,FALSE,FALSE,FALSE,FALSE,FALSE,TRUE,TRUE,TRUE,-28.425,0,29.325,FALSE,FALSE,FALSE,1.173533,1.091022,1.110808,FALSE,FALSE,FALSE,0,0,0,FALSE,FALSE,FALSE,1.223059,FALSE,15.36,FALSE,25.5,FALSE
2025-04-15 12:29:02,122,19,104,237,386,356,205,211,230,297,377,294,362,323,228,255,360,473,432,723,395,376,370,323,283,574,411,691,536,347,402,471,672,542,351,447,412,359,284,676,420,FALSE,FALSE,FALSE,FALSE,FALSE,FALSE,FALSE,FALSE,FALSE,FALSE,FALSE,FALSE,FALSE,FALSE,FALSE,FALSE,FALSE,FALSE,FALSE,FALSE,FALSE,FALSE,FALSE,FALSE,FALSE,FALSE,FALSE,FALSE,FALSE,FALSE,FALSE,FALSE,FALSE,FALSE,FALSE,FALSE,FALSE,FALSE,FALSE,FALSE,FALSE,1.098496,4.515523,2.214316,3.189765,3.346976,3.056523,3.094737,3.250754,3.237757,3.050522,2.753471,3.214469,3.169014,3.002515,3.106241,3.032656,3.311173,2.863531,3.092206,3.938257,3.828758,3.814438,3.982428,3.901985,3.94841,4.10562,4.070237,3.942792,3.811722,3.89438,3.928147,3.783724,4.074084,3.063304,3.174791,3.067961,2.884963,3.556313,3.036884,3.558899,3.202145,FALSE,FALSE,FALSE,FALSE,FALSE,FALSE,FALSE,FALSE,FALSE,FALSE,FALSE,FALSE,FALSE,FALSE,FALSE,FALSE,FALSE,FALSE,FALSE,FALSE,FALSE,FALSE,FALSE,FALSE,FALSE,FALSE,FALSE,FALSE,FALSE,FALSE,FALSE,FALSE,FALSE,FALSE,FALSE,FALSE,FALSE,FALSE,FALSE,FALSE,FALSE,-28.775,0,29.125,FALSE,FALSE,FALSE,1.176446,1.097278,1.123902,FALSE,FALSE,FALSE,0,0,0,FALSE,FALSE,FALSE,1.244854,FALSE,14.41,FALSE,24.75,FALSE
2025-04-15 09:09:37,137,23,120,257,418,388,223,233,249,318,394,293,357,323,225,256,385,505,483,758,409,380,366,306,269,550,389,652,505,342,405,491,716,564,350,436,400,369,303,746,486,FALSE,FALSE,FALSE,FALSE,FALSE,FALSE,FALSE,FALSE,FALSE,FALSE,FALSE,FALSE,FALSE,FALSE,FALSE,FALSE,FALSE,FALSE,FALSE,FALSE,FALSE,FALSE,FALSE,FALSE,FALSE,FALSE,FALSE,FALSE,FALSE,FALSE,FALSE,FALSE,FALSE,FALSE,FALSE,FALSE,FALSE,FALSE,FALSE,FALSE,FALSE,0.9519088,3.904728,2.153511,2.602973,2.514512,2.306729,2.279945,2.335651,2.228838,2.220402,2.147558,2.30241,2.223803,2.342889,2.490352,2.433287,2.56983,2.622726,3.069743,1.831934,1.647553,1.611038,1.586961,1.543655,1.619683,1.785955,1.908709,2.097557,1.974273,1.853786,2.022401,2.151286,2.57071,2.991541,2.913501,3.002859,2.82465,2.54164,2.625496,2.907915,3.078659,FALSE,FALSE,FALSE,FALSE,FALSE,FALSE,FALSE,FALSE,FALSE,FALSE,FALSE,FALSE,FALSE,FALSE,FALSE,FALSE,FALSE,FALSE,FALSE,FALSE,FALSE,FALSE,FALSE,FALSE,FALSE,FALSE,FALSE,FALSE,FALSE,FALSE,FALSE,FALSE,FALSE,FALSE,FALSE,FALSE,FALSE,FALSE,FALSE,FALSE,FALSE,-28,0,27.4,FALSE,FALSE,FALSE,1.172019,1.075058,1.202723,FALSE,FALSE,FALSE,0,0,0,FALSE,FALSE,FALSE,1.264145,FALSE,15.69,FALSE,24.38,FALSE
2025-04-14 07:04:49,118,20,98,257,414,377,215,221,236,302,374,297,365,302,225,238,328,450,667,745,410,366,359,304,266,523,366,637,493,297,354,451,922,503,353,451,437,359,272,724,712,FALSE,FALSE,FALSE,FALSE,FALSE,FALSE,FALSE,FALSE,FALSE,FALSE,FALSE,FALSE,FALSE,FALSE,FALSE,FALSE,FALSE,FALSE,FALSE,FALSE,FALSE,FALSE,FALSE,FALSE,FALSE,FALSE,FALSE,FALSE,FALSE,FALSE,FALSE,FALSE,FALSE,FALSE,FALSE,FALSE,FALSE,FALSE,FALSE,FALSE,FALSE,2.174498,6.073419,2.153717,3.008164,2.844253,2.595549,2.575603,2.621559,2.553229,2.529197,2.680618,2.726461,2.373492,3.449575,2.993971,3.138852,3.301966,4.877196,18.87042,3.225083,3.155483,3.323298,3.472696,3.356219,3.143491,3.212578,3.352549,3.000132,3.623666,3.850398,4.156637,6.296179,18.51667,5.410467,5.003337,3.115045,4.655847,4.284636,4.625554,8.383175,23.51833,FALSE,FALSE,FALSE,FALSE,FALSE,FALSE,FALSE,FALSE,FALSE,FALSE,FALSE,FALSE,FALSE,FALSE,FALSE,FALSE,FALSE,FALSE,TRUE,FALSE,FALSE,FALSE,FALSE,FALSE,FALSE,FALSE,FALSE,FALSE,FALSE,FALSE,FALSE,TRUE,TRUE,FALSE,FALSE,FALSE,FALSE,FALSE,FALSE,TRUE,TRUE,-28.125,0,27.25,FALSE,FALSE,FALSE,1.17001,1.089104,1.176278,FALSE,FALSE,FALSE,0,0,0,FALSE,FALSE,FALSE,1.274737,FALSE,14.6,FALSE,25.88,FALSE
2025-04-12 12:55:06,118,20,98,259,416,378,216,225,239,310,394,308,378,325,234,231,316,412,455,762,427,384,377,318,275,548,384,630,479,285,336,407,636,547,383,440,401,331,253,614,440,FALSE,FALSE,FALSE,FALSE,FALSE,FALSE,FALSE,FALSE,FALSE,FALSE,FALSE,FALSE,FALSE,FALSE,FALSE,FALSE,FALSE,FALSE,FALSE,FALSE,FALSE,FALSE,FALSE,FALSE,FALSE,FALSE,FALSE,FALSE,FALSE,FALSE,FALSE,FALSE,FALSE,FALSE,FALSE,FALSE,FALSE,FALSE,FALSE,FALSE,FALSE,2.154699,5.923985,2.129167,2.909644,2.744262,2.512886,2.455308,2.464654,2.384493,2.332141,2.206057,2.424344,2.251187,2.589694,2.760587,2.670955,2.779302,2.68089,7.201674,2.668667,2.330446,2.323222,2.18997,2.39169,2.383716,2.299281,2.555867,2.408849,2.528098,2.544292,2.644247,2.972944,7.372659,3.007636,3.309828,2.554202,2.553885,2.524116,2.543384,3.052663,8.436273,FALSE,FALSE,FALSE,FALSE,FALSE,FALSE,FALSE,FALSE,FALSE,FALSE,FALSE,FALSE,FALSE,FALSE,FALSE,FALSE,FALSE,FALSE,TRUE,FALSE,FALSE,FALSE,FALSE,FALSE,FALSE,FALSE,FALSE,FALSE,FALSE,FALSE,FALSE,FALSE,TRUE,FALSE,FALSE,FALSE,FALSE,FALSE,FALSE,FALSE,TRUE,-28,0,27.35,FALSE,FALSE,FALSE,1.168081,1.08009,1.18006,FALSE,FALSE,FALSE,0,0,0,FALSE,FALSE,FALSE,1.272361,FALSE,12.5,FALSE,25.38,FALSE
2025-04-11 09:55:55,118,20,97,257,415,377,215,221,238,303,383,303,371,307,226,238,324,440,603,746,413,369,366,310,270,539,377,645,494,293,348,439,826,526,367,460,429,354,271,701,626,FALSE,FALSE,FALSE,FALSE,FALSE,FALSE,FALSE,FALSE,FALSE,FALSE,FALSE,FALSE,FALSE,FALSE,FALSE,FALSE,FALSE,FALSE,FALSE,FALSE,FALSE,FALSE,FALSE,FALSE,FALSE,FALSE,FALSE,FALSE,FALSE,FALSE,FALSE,FALSE,FALSE,FALSE,FALSE,FALSE,FALSE,FALSE,FALSE,FALSE,FALSE,2.45535,5.891893,2.180635,2.907179,2.744674,2.58521,2.555778,2.56475,2.542851,2.529258,2.651584,2.702332,2.381874,3.559554,3.079627,2.800649,2.895618,3.826677,16.43168,3.553327,3.352067,3.523783,3.614659,3.567377,3.348011,3.438901,3.578902,3.031843,3.279737,3.340901,3.526762,4.97884,16.19527,6.252649,6.099232,3.861846,4.345612,4.249954,4.374375,7.174685,21.16721,FALSE,FALSE,FALSE,FALSE,FALSE,FALSE,FALSE,FALSE,FALSE,FALSE,FALSE,FALSE,FALSE,FALSE,FALSE,FALSE,FALSE,FALSE,TRUE,FALSE,FALSE,FALSE,FALSE,FALSE,FALSE,FALSE,FALSE,FALSE,FALSE,FALSE,FALSE,FALSE,TRUE,TRUE,TRUE,FALSE,FALSE,FALSE,FALSE,TRUE,TRUE,-28.1,0,27.1,FALSE,FALSE,FALSE,1.174961,1.094034,1.173497,FALSE,FALSE,FALSE,0,0,0,FALSE,FALSE,FALSE,1.263688,FALSE,11.76,FALSE,27.5,FALSE
2025-04-10 09:32:12,131,23,116,251,416,383,224,233,250,322,408,311,383,344,243,259,348,437,373,763,411,386,381,325,283,582,419,698,523,322,362,420,556,599,391,484,402,341,265,612,361,FALSE,FALSE,FALSE,FALSE,FALSE,FALSE,FALSE,FALSE,FALSE,FALSE,FALSE,FALSE,FALSE,FALSE,FALSE,FALSE,FALSE,FALSE,FALSE,FALSE,FALSE,FALSE,FALSE,FALSE,FALSE,FALSE,FALSE,FALSE,FALSE,FALSE,FALSE,FALSE,FALSE,FALSE,FALSE,FALSE,FALSE,FALSE,FALSE,FALSE,FALSE,1.152757,3.065763,1.514189,2.527018,2.456821,2.29198,2.206242,2.179561,2.126263,2.081028,1.979029,2.15032,2.132025,2.109312,2.194524,2.201116,2.339528,2.282192,2.589573,2.527018,2.349366,2.251744,2.315532,2.261697,2.297647,2.310001,2.348945,2.400222,2.35857,2.22868,2.301301,2.403085,2.618633,3.145335,3.158132,3.238924,3.235395,3.135571,3.143676,3.325091,3.345659,FALSE,FALSE,FALSE,FALSE,FALSE,FALSE,FALSE,FALSE,FALSE,FALSE,FALSE,FALSE,FALSE,FALSE,FALSE,FALSE,FALSE,FALSE,FALSE,FALSE,FALSE,FALSE,FALSE,FALSE,FALSE,FALSE,FALSE,FALSE,FALSE,FALSE,FALSE,FALSE,FALSE,FALSE,FALSE,FALSE,FALSE,FALSE,FALSE,FALSE,FALSE,-28.125,0,27.025,FALSE,FALSE,FALSE,1.183969,1.101325,1.195877,FALSE,FALSE,FALSE,0,0,0,FALSE,FALSE,FALSE,1.260161,FALSE,9.5,FALSE,28,FALSE
2025-04-09 09:18:23,131,23,116,251,416,383,224,233,250,322,408,311,383,344,243,259,348,437,373,763,411,386,381,325,283,582,419,698,523,322,362,420,556,599,391,484,402,341,265,612,361,FALSE,FALSE,FALSE,FALSE,FALSE,FALSE,FALSE,FALSE,FALSE,FALSE,FALSE,FALSE,FALSE,FALSE,FALSE,FALSE,FALSE,FALSE,FALSE,FALSE,FALSE,FALSE,FALSE,FALSE,FALSE,FALSE,FALSE,FALSE,FALSE,FALSE,FALSE,FALSE,FALSE,FALSE,FALSE,FALSE,FALSE,FALSE,FALSE,FALSE,FALSE,1.043057,3.701371,1.879559,2.445328,2.355895,2.145655,2.098077,2.118646,2.054867,1.997924,1.919017,2.141396,2.13275,2.090131,2.153743,2.228364,2.39471,2.337862,2.685538,1.82903,1.581323,1.474731,1.535252,1.62527,1.694889,1.701504,1.837515,1.941409,1.825898,1.740433,1.853594,1.953684,2.183253,2.201743,2.123528,2.266932,2.205896,2.026106,2.028414,2.321115,2.432586,FALSE,FALSE,FALSE,FALSE,FALSE,FALSE,FALSE,FALSE,FALSE,FALSE,FALSE,FALSE,FALSE,FALSE,FALSE,FALSE,FALSE,FALSE,FALSE,FALSE,FALSE,FALSE,FALSE,FALSE,FALSE,FALSE,FALSE,FALSE,FALSE,FALSE,FALSE,FALSE,FALSE,FALSE,FALSE,FALSE,FALSE,FALSE,FALSE,FALSE,FALSE,-28.05,0,27.35,FALSE,FALSE,FALSE,1.175028,1.083456,1.20492,FALSE,FALSE,FALSE,0,0,0,FALSE,FALSE,FALSE,1.271457,FALSE,10.37,FALSE,24.88,FALSE
2025-04-08 09:26:56,131,23,116,251,416,383,224,233,250,322,408,311,383,344,243,259,348,437,373,763,411,386,381,325,283,582,419,698,523,322,362,420,556,599,391,484,402,341,265,612,361,FALSE,FALSE,FALSE,FALSE,FALSE,FALSE,FALSE,FALSE,FALSE,FALSE,FALSE,FALSE,FALSE,FALSE,FALSE,FALSE,FALSE,FALSE,FALSE,FALSE,FALSE,FALSE,FALSE,FALSE,FALSE,FALSE,FALSE,FALSE,FALSE,FALSE,FALSE,FALSE,FALSE,FALSE,FALSE,FALSE,FALSE,FALSE,FALSE,FALSE,FALSE,1.028711,3.800314,1.814406,2.582215,2.491664,2.270877,2.209667,2.229841,2.156701,2.095058,1.942807,2.206649,2.117575,2.034983,2.121589,2.251057,2.434182,2.419297,2.70224,1.852426,1.629353,1.510649,1.535017,1.647208,1.721504,1.741031,1.812907,1.921983,1.869218,1.772905,1.862473,1.961719,2.222537,2.108682,1.990104,2.143164,2.093404,1.99376,2.024622,2.299209,2.33121,FALSE,FALSE,FALSE,FALSE,FALSE,FALSE,FALSE,FALSE,FALSE,FALSE,FALSE,FALSE,FALSE,FALSE,FALSE,FALSE,FALSE,FALSE,FALSE,FALSE,FALSE,FALSE,FALSE,FALSE,FALSE,FALSE,FALSE,FALSE,FALSE,FALSE,FALSE,FALSE,FALSE,FALSE,FALSE,FALSE,FALSE,FALSE,FALSE,FALSE,FALSE,-28,0,27.4,FALSE,FALSE,FALSE,1.176377,1.086404,1.204457,FALSE,FALSE,FALSE,0,0,0,FALSE,FALSE,FALSE,1.273635,FALSE,11.09,FALSE,25,FALSE
2025-04-07 09:19:52,131,24,118,253,417,381,223,229,248,312,386,303,377,312,212,247,378,499,504,733,398,359,350,309,274,525,362,604,479,333,394,483,746,472,296,368,354,351,293,737,503,FALSE,FALSE,FALSE,FALSE,FALSE,FALSE,FALSE,FALSE,FALSE,FALSE,FALSE,FALSE,FALSE,FALSE,FALSE,FALSE,FALSE,FALSE,FALSE,FALSE,FALSE,FALSE,FALSE,FALSE,FALSE,FALSE,FALSE,FALSE,FALSE,FALSE,FALSE,FALSE,FALSE,FALSE,FALSE,FALSE,FALSE,FALSE,FALSE,FALSE,FALSE,1.268548,4.059705,2.125982,2.734409,2.646266,2.414786,2.360055,2.394673,2.329869,2.342174,2.436989,2.22288,2.278177,2.274763,2.685715,2.440127,6.279059,7.140172,10.00707,2.09707,2.074398,2.593863,2.663746,1.818401,1.775623,2.049787,2.529816,2.686652,2.000585,4.038141,5.96717,6.728534,9.562044,3.649129,3.642366,3.475171,2.811536,4.448116,6.429779,7.82595,9.920064,FALSE,FALSE,FALSE,FALSE,FALSE,FALSE,FALSE,FALSE,FALSE,FALSE,FALSE,FALSE,FALSE,FALSE,FALSE,FALSE,TRUE,TRUE,TRUE,FALSE,FALSE,FALSE,FALSE,FALSE,FALSE,FALSE,FALSE,FALSE,FALSE,FALSE,FALSE,TRUE,TRUE,FALSE,FALSE,FALSE,FALSE,FALSE,TRUE,TRUE,TRUE,-28.05,0,27.45,FALSE,FALSE,FALSE,1.172556,1.076944,1.19961,FALSE,FALSE,FALSE,0,0,0,FALSE,FALSE,FALSE,1.268261,FALSE,11.07,FALSE,24.25,FALSE
2025-04-04 09:20:34,131,23,114,252,412,379,223,230,250,319,405,309,377,331,234,256,347,442,389,738,406,376,369,315,278,558,402,674,501,316,360,423,573,570,372,467,396,340,268,625,384,FALSE,FALSE,FALSE,FALSE,FALSE,FALSE,FALSE,FALSE,FALSE,FALSE,FALSE,FALSE,FALSE,FALSE,FALSE,FALSE,FALSE,FALSE,FALSE,FALSE,FALSE,FALSE,FALSE,FALSE,FALSE,FALSE,FALSE,FALSE,FALSE,FALSE,FALSE,FALSE,FALSE,FALSE,FALSE,FALSE,FALSE,FALSE,FALSE,FALSE,FALSE,1.573743,4.413616,2.034078,3.127358,3.005821,2.756483,2.712523,2.720616,2.648346,2.594723,2.40754,2.637283,2.557651,2.632317,2.926776,2.717957,3.00189,2.937769,4.200268,3.185755,2.978419,2.941666,3.120601,3.069069,3.030174,3.162064,3.253885,3.336632,3.114572,3.033284,3.207521,3.60211,4.757177,3.935732,4.199417,4.190268,3.596504,3.355347,3.84869,4.620554,5.644625,FALSE,FALSE,FALSE,FALSE,FALSE,FALSE,FALSE,FALSE,FALSE,FALSE,FALSE,FALSE,FALSE,FALSE,FALSE,FALSE,FALSE,FALSE,FALSE,FALSE,FALSE,FALSE,FALSE,FALSE,FALSE,FALSE,FALSE,FALSE,FALSE,FALSE,FALSE,FALSE,FALSE,FALSE,FALSE,FALSE,FALSE,FALSE,FALSE,FALSE,FALSE,-28.025,0,27.1,FALSE,FALSE,FALSE,1.182618,1.102181,1.197783,FALSE,FALSE,FALSE,0,0,0,FALSE,FALSE,FALSE,1.272473,FALSE,14.53,FALSE,26.75,FALSE
2025-04-03 09:11:02,131,23,115,255,415,384,225,233,252,323,408,306,378,342,242,261,350,445,383,753,408,386,374,317,277,576,412,682,515,322,365,423,567,612,385,486,408,349,269,632,379,FALSE,FALSE,FALSE,FALSE,FALSE,FALSE,FALSE,FALSE,FALSE,FALSE,FALSE,FALSE,FALSE,FALSE,FALSE,FALSE,FALSE,FALSE,FALSE,FALSE,FALSE,FALSE,FALSE,FALSE,FALSE,FALSE,FALSE,FALSE,FALSE,FALSE,FALSE,FALSE,FALSE,FALSE,FALSE,FALSE,FALSE,FALSE,FALSE,FALSE,FALSE,1.234844,3.802404,1.972595,2.602503,2.532753,2.306146,2.265779,2.298356,2.227018,2.171744,2.097049,2.395338,2.345563,2.333191,2.481733,2.465191,2.525344,2.512051,3.400323,1.834319,1.5998,1.440778,1.546291,1.626947,1.702077,1.799887,1.873634,1.972919,1.835602,1.922832,2.145174,2.513041,3.462203,2.687714,2.761776,2.814021,2.397374,2.145958,2.372472,2.976196,3.711679,FALSE,FALSE,FALSE,FALSE,FALSE,FALSE,FALSE,FALSE,FALSE,FALSE,FALSE,FALSE,FALSE,FALSE,FALSE,FALSE,FALSE,FALSE,FALSE,FALSE,FALSE,FALSE,FALSE,FALSE,FALSE,FALSE,FALSE,FALSE,FALSE,FALSE,FALSE,FALSE,FALSE,FALSE,FALSE,FALSE,FALSE,FALSE,FALSE,FALSE,FALSE,-28.05,0,27.3,FALSE,FALSE,FALSE,1.177279,1.086626,1.206315,FALSE,FALSE,FALSE,0,0,0,FALSE,FALSE,FALSE,1.273882,FALSE,11.59,FALSE,24.75,FALSE
2025-04-02 09:05:12,131,23,115,255,415,384,225,233,252,323,408,306,378,342,242,261,350,445,383,753,408,386,374,317,277,576,412,682,515,322,365,423,567,612,385,486,408,349,269,632,379,FALSE,FALSE,FALSE,FALSE,FALSE,FALSE,FALSE,FALSE,FALSE,FALSE,FALSE,FALSE,FALSE,FALSE,FALSE,FALSE,FALSE,FALSE,FALSE,FALSE,FALSE,FALSE,FALSE,FALSE,FALSE,FALSE,FALSE,FALSE,FALSE,FALSE,FALSE,FALSE,FALSE,FALSE,FALSE,FALSE,FALSE,FALSE,FALSE,FALSE,FALSE,1.274434,3.91192,1.938163,2.786884,2.682825,2.468288,2.422292,2.401687,2.323538,2.297498,2.148256,2.406017,2.345918,2.328482,2.404936,2.481076,2.620948,2.525631,2.813281,1.877742,1.681309,1.563633,1.638639,1.726796,1.782112,1.856158,1.892562,2.052809,1.973149,1.92063,2.01338,2.111164,2.384482,2.343157,2.257771,2.396265,2.358784,2.122051,2.132272,2.363336,2.475338,FALSE,FALSE,FALSE,FALSE,FALSE,FALSE,FALSE,FALSE,FALSE,FALSE,FALSE,FALSE,FALSE,FALSE,FALSE,FALSE,FALSE,FALSE,FALSE,FALSE,FALSE,FALSE,FALSE,FALSE,FALSE,FALSE,FALSE,FALSE,FALSE,FALSE,FALSE,FALSE,FALSE,FALSE,FALSE,FALSE,FALSE,FALSE,FALSE,FALSE,FALSE,-28.025,0,27.325,FALSE,FALSE,FALSE,1.177291,1.086742,1.206333,FALSE,FALSE,FALSE,0,0,0,FALSE,FALSE,FALSE,1.275078,FALSE,12.23,FALSE,24.88,FALSE
2025-04-01 08:55:49,131,23,115,255,415,384,225,233,252,323,408,306,378,342,242,261,350,445,383,753,408,386,374,317,277,576,412,682,515,322,365,423,567,612,385,486,408,349,269,632,379,FALSE,FALSE,FALSE,FALSE,FALSE,FALSE,FALSE,FALSE,FALSE,FALSE,FALSE,FALSE,FALSE,FALSE,FALSE,FALSE,FALSE,FALSE,FALSE,FALSE,FALSE,FALSE,FALSE,FALSE,FALSE,FALSE,FALSE,FALSE,FALSE,FALSE,FALSE,FALSE,FALSE,FALSE,FALSE,FALSE,FALSE,FALSE,FALSE,FALSE,FALSE,1.312376,3.612269,1.741465,2.727083,2.631219,2.41284,2.345289,2.363981,2.301657,2.27429,2.141217,2.37462,2.331866,2.298149,2.45123,2.462085,2.544447,2.461872,3.289215,1.991556,1.798297,1.675655,1.745499,1.830691,1.88994,1.926793,2.02015,2.118176,1.995557,1.964343,2.149841,2.4631,3.345415,2.471265,2.534646,2.62861,2.276579,2.026237,2.230062,2.835607,3.626586,FALSE,FALSE,FALSE,FALSE,FALSE,FALSE,FALSE,FALSE,FALSE,FALSE,FALSE,FALSE,FALSE,FALSE,FALSE,FALSE,FALSE,FALSE,FALSE,FALSE,FALSE,FALSE,FALSE,FALSE,FALSE,FALSE,FALSE,FALSE,FALSE,FALSE,FALSE,FALSE,FALSE,FALSE,FALSE,FALSE,FALSE,FALSE,FALSE,FALSE,FALSE,-27.95,0,27.2,FALSE,FALSE,FALSE,1.179578,1.092147,1.205869,FALSE,FALSE,FALSE,0,0,0,FALSE,FALSE,FALSE,1.280073,FALSE,11.53,FALSE,25.25,FALSE
2025-03-31 09:01:59,131,24,117,255,419,390,225,232,249,315,383,302,372,312,215,256,409,543,560,730,398,358,344,301,268,525,361,608,483,349,423,519,817,490,310,389,377,379,322,812,559,FALSE,FALSE,FALSE,FALSE,FALSE,FALSE,FALSE,FALSE,FALSE,FALSE,FALSE,FALSE,FALSE,FALSE,FALSE,FALSE,FALSE,FALSE,FALSE,FALSE,FALSE,FALSE,FALSE,FALSE,FALSE,FALSE,FALSE,FALSE,FALSE,FALSE,FALSE,FALSE,FALSE,FALSE,FALSE,FALSE,FALSE,FALSE,FALSE,FALSE,FALSE,1.243192,3.734931,1.772571,2.683422,2.588724,2.401884,2.328935,2.390656,2.330632,2.460923,2.769042,2.236802,2.083666,2.543777,2.980598,2.267592,6.526542,8.505218,12.15667,2.204173,2.154387,2.79319,3.005032,2.077816,1.750689,2.397889,2.79249,2.797242,2.012355,3.972764,6.665637,8.427928,11.76648,3.427959,2.92696,2.688234,2.645105,5.175098,8.085678,10.41285,12.96086,FALSE,FALSE,FALSE,FALSE,FALSE,FALSE,FALSE,FALSE,FALSE,FALSE,FALSE,FALSE,FALSE,FALSE,FALSE,FALSE,TRUE,TRUE,TRUE,FALSE,FALSE,FALSE,FALSE,FALSE,FALSE,FALSE,FALSE,FALSE,FALSE,FALSE,TRUE,TRUE,TRUE,FALSE,FALSE,FALSE,FALSE,FALSE,TRUE,TRUE,TRUE,-27.95,0,27.3,FALSE,FALSE,FALSE,1.17753,1.086996,1.200933,FALSE,FALSE,FALSE,0,0,0,FALSE,FALSE,FALSE,1.277245,FALSE,10.86,FALSE,24.75,FALSE
2025-03-28 09:47:29,131,23,114,251,415,382,221,231,249,319,398,304,373,329,232,257,353,451,401,739,397,375,366,311,274,552,397,664,500,319,364,429,589,584,376,460,404,346,273,644,397,FALSE,FALSE,FALSE,FALSE,FALSE,FALSE,FALSE,FALSE,FALSE,FALSE,FALSE,FALSE,FALSE,FALSE,FALSE,FALSE,FALSE,FALSE,FALSE,FALSE,FALSE,FALSE,FALSE,FALSE,FALSE,FALSE,FALSE,FALSE,FALSE,FALSE,FALSE,FALSE,FALSE,FALSE,FALSE,FALSE,FALSE,FALSE,FALSE,FALSE,FALSE,1.48217,3.855381,1.790408,2.890299,2.824779,2.592614,2.567205,2.573028,2.486073,2.454298,2.314259,2.583295,2.509829,2.638686,2.907691,2.636284,2.635079,2.927612,4.764762,2.962705,2.846129,2.838653,2.966494,2.89382,2.848012,2.966536,3.069404,3.104071,2.906893,2.693386,2.990681,3.651154,5.376163,3.930939,4.283199,4.19081,3.635938,3.04121,3.674601,4.835297,6.161836,FALSE,FALSE,FALSE,FALSE,FALSE,FALSE,FALSE,FALSE,FALSE,FALSE,FALSE,FALSE,FALSE,FALSE,FALSE,FALSE,FALSE,FALSE,FALSE,FALSE,FALSE,FALSE,FALSE,FALSE,FALSE,FALSE,FALSE,FALSE,FALSE,FALSE,FALSE,FALSE,FALSE,FALSE,FALSE,FALSE,FALSE,FALSE,FALSE,FALSE,TRUE,-28.025,0,27.025,FALSE,FALSE,FALSE,1.183437,1.102944,1.197812,FALSE,FALSE,FALSE,0,0,0,FALSE,FALSE,FALSE,1.275689,FALSE,12.95,FALSE,27,FALSE
2025-03-27 08:48:42,131,23,115,249,413,377,220,229,249,317,400,307,376,342,242,262,351,440,378,748,404,384,381,322,285,595,428,707,529,327,372,428,568,653,422,526,438,360,276,635,380,FALSE,FALSE,FALSE,FALSE,FALSE,FALSE,FALSE,FALSE,FALSE,FALSE,FALSE,FALSE,FALSE,FALSE,FALSE,FALSE,FALSE,FALSE,FALSE,FALSE,FALSE,FALSE,FALSE,FALSE,FALSE,FALSE,FALSE,FALSE,FALSE,FALSE,FALSE,FALSE,FALSE,FALSE,FALSE,FALSE,FALSE,FALSE,FALSE,FALSE,FALSE,1.59268,2.944581,1.722641,2.822668,2.711401,2.532481,2.462448,2.413436,2.374122,2.335855,2.193593,2.357333,2.334442,2.28525,2.351963,2.42995,2.532669,2.474838,2.708469,3.333542,3.166137,3.077673,3.150808,3.016195,2.970857,3.019442,2.919146,2.960892,2.984939,2.817682,2.859579,2.98075,3.195083,5.014563,5.163473,5.183594,5.340904,5.384145,5.227531,5.281718,5.189754,FALSE,FALSE,FALSE,FALSE,FALSE,FALSE,FALSE,FALSE,FALSE,FALSE,FALSE,FALSE,FALSE,FALSE,FALSE,FALSE,FALSE,FALSE,FALSE,FALSE,FALSE,FALSE,FALSE,FALSE,FALSE,FALSE,FALSE,FALSE,FALSE,FALSE,FALSE,FALSE,FALSE,FALSE,FALSE,FALSE,FALSE,FALSE,FALSE,FALSE,FALSE,-28.05,0,26.775,FALSE,FALSE,FALSE,1.186942,1.092634,1.195205,FALSE,FALSE,FALSE,0,0,0,FALSE,FALSE,FALSE,1.236086,FALSE,10.2,FALSE,29.62,FALSE
2025-03-26 09:10:27,131,23,116,253,417,389,226,235,255,326,409,310,379,344,245,263,351,443,382,747,409,387,375,321,280,583,414,688,518,321,363,421,563,612,393,492,410,344,267,617,371,FALSE,FALSE,FALSE,FALSE,FALSE,FALSE,FALSE,FALSE,FALSE,FALSE,FALSE,FALSE,FALSE,FALSE,FALSE,FALSE,FALSE,FALSE,FALSE,FALSE,FALSE,FALSE,FALSE,FALSE,FALSE,FALSE,FALSE,FALSE,FALSE,FALSE,FALSE,FALSE,FALSE,FALSE,FALSE,FALSE,FALSE,FALSE,FALSE,FALSE,FALSE,1.291081,3.876595,1.829696,2.803239,2.733404,2.497444,2.443073,2.449759,2.366207,2.281254,2.155936,2.374595,2.340115,2.299287,2.366151,2.458808,2.647609,2.557074,2.840492,2.042651,1.84027,1.695189,1.757158,1.873253,1.94873,1.964928,2.04473,2.149184,2.110986,1.966972,2.103584,2.157006,2.374281,2.385252,2.28082,2.450512,2.360151,2.153448,2.170709,2.430789,2.418688,FALSE,FALSE,FALSE,FALSE,FALSE,FALSE,FALSE,FALSE,FALSE,FALSE,FALSE,FALSE,FALSE,FALSE,FALSE,FALSE,FALSE,FALSE,FALSE,FALSE,FALSE,FALSE,FALSE,FALSE,FALSE,FALSE,FALSE,FALSE,FALSE,FALSE,FALSE,FALSE,FALSE,FALSE,FALSE,FALSE,FALSE,FALSE,FALSE,FALSE,FALSE,-27.95,0,27.3,FALSE,FALSE,FALSE,1.17961,1.087964,1.207059,FALSE,FALSE,FALSE,0,0,0,FALSE,FALSE,FALSE,1.278789,FALSE,11.51,FALSE,25,FALSE
2025-03-25 09:16:47,131,23,116,253,417,389,226,235,255,326,409,310,379,344,245,263,351,443,382,747,409,387,375,321,280,583,414,688,518,321,363,421,563,612,393,492,410,344,267,617,371,FALSE,FALSE,FALSE,FALSE,FALSE,FALSE,FALSE,FALSE,FALSE,FALSE,FALSE,FALSE,FALSE,FALSE,FALSE,FALSE,FALSE,FALSE,FALSE,FALSE,FALSE,FALSE,FALSE,FALSE,FALSE,FALSE,FALSE,FALSE,FALSE,FALSE,FALSE,FALSE,FALSE,FALSE,FALSE,FALSE,FALSE,FALSE,FALSE,FALSE,FALSE,1.220527,3.67561,1.688378,2.761412,2.696681,2.479309,2.421365,2.417588,2.351277,2.297515,2.11917,2.324505,2.287549,2.243509,2.322716,2.408613,2.556692,2.517987,2.801082,2.14098,1.927119,1.764422,1.870349,1.905292,1.946073,1.99618,2.00962,2.135595,2.058754,2.001475,2.097897,2.159164,2.429369,2.264746,2.137168,2.28271,2.196923,1.997033,2.075382,2.416721,2.55115,FALSE,FALSE,FALSE,FALSE,FALSE,FALSE,FALSE,FALSE,FALSE,FALSE,FALSE,FALSE,FALSE,FALSE,FALSE,FALSE,FALSE,FALSE,FALSE,FALSE,FALSE,FALSE,FALSE,FALSE,FALSE,FALSE,FALSE,FALSE,FALSE,FALSE,FALSE,FALSE,FALSE,FALSE,FALSE,FALSE,FALSE,FALSE,FALSE,FALSE,FALSE,-27.975,0,27.15,FALSE,FALSE,FALSE,1.180544,1.093909,1.205537,FALSE,FALSE,FALSE,0,0,0,FALSE,FALSE,FALSE,1.281658,FALSE,10.43,FALSE,25.5,FALSE
2025-03-24 09:15:20,131,23,116,253,417,389,226,235,255,326,409,310,379,344,245,263,351,443,382,747,409,387,375,321,280,583,414,688,518,321,363,421,563,612,393,492,410,344,267,617,371,FALSE,FALSE,FALSE,FALSE,FALSE,FALSE,FALSE,FALSE,FALSE,FALSE,FALSE,FALSE,FALSE,FALSE,FALSE,FALSE,FALSE,FALSE,FALSE,FALSE,FALSE,FALSE,FALSE,FALSE,FALSE,FALSE,FALSE,FALSE,FALSE,FALSE,FALSE,FALSE,FALSE,FALSE,FALSE,FALSE,FALSE,FALSE,FALSE,FALSE,FALSE,1.241267,3.849391,1.857383,2.527627,2.454119,2.23849,2.1633,2.194585,2.124278,2.040764,1.913644,2.155437,2.129365,2.074517,2.186185,2.232373,2.221088,2.066182,2.654939,2.033466,1.828006,1.706497,1.793594,1.846101,1.877114,1.888094,1.91976,2.062117,1.979149,1.877162,1.967478,2.140261,2.711196,2.416043,2.36188,2.463287,2.250967,1.949712,2.018538,2.491167,2.99951,FALSE,FALSE,FALSE,FALSE,FALSE,FALSE,FALSE,FALSE,FALSE,FALSE,FALSE,FALSE,FALSE,FALSE,FALSE,FALSE,FALSE,FALSE,FALSE,FALSE,FALSE,FALSE,FALSE,FALSE,FALSE,FALSE,FALSE,FALSE,FALSE,FALSE,FALSE,FALSE,FALSE,FALSE,FALSE,FALSE,FALSE,FALSE,FALSE,FALSE,FALSE,-27.975,0,27.25,FALSE,FALSE,FALSE,1.177989,1.090157,1.205497,FALSE,FALSE,FALSE,0,0,0,FALSE,FALSE,FALSE,1.278189,FALSE,11.08,FALSE,25.12,FALSE
2025-03-21 10:05:46,131,23,114,253,415,383,224,231,250,320,399,306,374,332,232,260,362,466,420,737,398,375,365,313,277,565,401,675,509,325,375,444,617,597,376,464,412,356,283,674,418,FALSE,FALSE,FALSE,FALSE,FALSE,FALSE,FALSE,FALSE,FALSE,FALSE,FALSE,FALSE,FALSE,FALSE,FALSE,FALSE,FALSE,FALSE,FALSE,FALSE,FALSE,FALSE,FALSE,FALSE,FALSE,FALSE,FALSE,FALSE,FALSE,FALSE,FALSE,FALSE,FALSE,FALSE,FALSE,FALSE,FALSE,FALSE,FALSE,FALSE,FALSE,1.420648,3.536682,1.758875,2.824513,2.752288,2.557474,2.523189,2.51658,2.489844,2.448967,2.399922,2.66644,2.573129,2.930188,3.38499,2.625975,2.632848,3.517929,6.283877,3.232749,3.19103,3.285652,3.448621,3.312034,3.207476,3.408283,3.607899,3.664808,3.219232,2.738382,3.086587,4.246206,6.625894,5.055236,5.605199,5.478669,4.42568,3.640075,4.345723,5.847719,7.901668,FALSE,FALSE,FALSE,FALSE,FALSE,FALSE,FALSE,FALSE,FALSE,FALSE,FALSE,FALSE,FALSE,FALSE,FALSE,FALSE,FALSE,FALSE,TRUE,FALSE,FALSE,FALSE,FALSE,FALSE,FALSE,FALSE,FALSE,FALSE,FALSE,FALSE,FALSE,FALSE,TRUE,FALSE,FALSE,FALSE,FALSE,FALSE,FALSE,FALSE,TRUE,-28.05,0,26.95,FALSE,FALSE,FALSE,1.185252,1.102378,1.194041,FALSE,FALSE,FALSE,0,0,0,FALSE,FALSE,FALSE,1.26148,FALSE,11.61,FALSE,27.88,FALSE
2025-03-20 09:16:28,131,23,114,253,414,380,223,232,251,319,410,313,384,347,246,265,353,442,378,744,403,380,378,322,286,593,419,698,521,325,368,422,559,632,403,508,425,351,271,618,368,FALSE,FALSE,FALSE,FALSE,FALSE,FALSE,FALSE,FALSE,FALSE,FALSE,FALSE,FALSE,FALSE,FALSE,FALSE,FALSE,FALSE,FALSE,FALSE,FALSE,FALSE,FALSE,FALSE,FALSE,FALSE,FALSE,FALSE,FALSE,FALSE,FALSE,FALSE,FALSE,FALSE,FALSE,FALSE,FALSE,FALSE,FALSE,FALSE,FALSE,FALSE,1.348409,3.199643,1.687073,2.855038,2.732423,2.55391,2.474778,2.451843,2.403595,2.335461,2.174629,2.385519,2.349957,2.322514,2.393077,2.45148,2.555704,2.46395,2.717324,2.942482,2.775206,2.683119,2.739314,2.676762,2.675888,2.701342,2.639172,2.66899,2.703967,2.529492,2.637199,2.736657,2.932158,3.772303,3.862916,3.911005,3.952776,3.871024,3.814215,3.957761,3.846239,FALSE,FALSE,FALSE,FALSE,FALSE,FALSE,FALSE,FALSE,FALSE,FALSE,FALSE,FALSE,FALSE,FALSE,FALSE,FALSE,FALSE,FALSE,FALSE,FALSE,FALSE,FALSE,FALSE,FALSE,FALSE,FALSE,FALSE,FALSE,FALSE,FALSE,FALSE,FALSE,FALSE,FALSE,FALSE,FALSE,FALSE,FALSE,FALSE,FALSE,FALSE,-28.05,0,26.9,FALSE,FALSE,FALSE,1.186353,1.100499,1.194333,FALSE,FALSE,FALSE,0,0,0,FALSE,FALSE,FALSE,1.255051,FALSE,11.51,FALSE,28.75,FALSE
2025-03-19 09:12:52,131,24,118,252,415,384,225,233,252,325,407,305,373,336,236,260,356,452,399,722,400,381,370,317,275,563,402,676,507,324,368,430,593,565,368,455,395,346,271,632,392,FALSE,FALSE,FALSE,FALSE,FALSE,FALSE,FALSE,FALSE,FALSE,FALSE,FALSE,FALSE,FALSE,FALSE,FALSE,FALSE,FALSE,FALSE,FALSE,FALSE,FALSE,FALSE,FALSE,FALSE,FALSE,FALSE,FALSE,FALSE,FALSE,FALSE,FALSE,FALSE,FALSE,FALSE,FALSE,FALSE,FALSE,FALSE,FALSE,FALSE,FALSE,0.8729171,3.67392,2.080262,2.309537,2.247435,2.065157,2.0288,2.10236,2.063193,2.062736,2.176764,2.289937,2.200739,2.60061,2.94864,2.28431,2.387534,2.473572,3.780773,1.850791,1.690207,1.73838,1.817719,1.872239,1.818892,2.221664,2.483392,2.640361,2.16867,1.797608,2.070535,2.489159,3.826126,3.527492,3.785226,3.878876,2.902812,2.074914,2.414534,3.166769,4.158218,FALSE,FALSE,FALSE,FALSE,FALSE,FALSE,FALSE,FALSE,FALSE,FALSE,FALSE,FALSE,FALSE,FALSE,FALSE,FALSE,FALSE,FALSE,FALSE,FALSE,FALSE,FALSE,FALSE,FALSE,FALSE,FALSE,FALSE,FALSE,FALSE,FALSE,FALSE,FALSE,FALSE,FALSE,FALSE,FALSE,FALSE,FALSE,FALSE,FALSE,FALSE,-28,0,27.375,FALSE,FALSE,FALSE,1.176897,1.083197,1.207501,FALSE,FALSE,FALSE,0,0,0,FALSE,FALSE,FALSE,1.270813,FALSE,12.08,FALSE,24.88,FALSE
2025-03-18 09:47:29,131,23,114,254,416,386,223,231,249,317,393,296,366,323,225,257,370,478,445,724,391,363,352,299,264,533,379,628,490,323,378,453,644,553,349,439,393,356,286,690,439,FALSE,FALSE,FALSE,FALSE,FALSE,FALSE,FALSE,FALSE,FALSE,FALSE,FALSE,FALSE,FALSE,FALSE,FALSE,FALSE,FALSE,FALSE,FALSE,FALSE,FALSE,FALSE,FALSE,FALSE,FALSE,FALSE,FALSE,FALSE,FALSE,FALSE,FALSE,FALSE,FALSE,FALSE,FALSE,FALSE,FALSE,FALSE,FALSE,FALSE,FALSE,0.9909407,3.430105,1.665412,2.341422,2.280236,2.094919,2.062883,2.103474,2.053205,2.087325,2.270102,2.26712,2.200148,3.017185,3.629595,2.135577,2.997633,3.843251,7.115643,2.311361,2.163681,2.429404,2.632625,2.441921,2.284949,2.951945,3.448026,3.445564,2.561666,2.374898,3.213476,4.42347,7.395384,4.982319,5.805842,5.559035,3.229136,2.627653,3.938762,5.657464,8.055062,FALSE,FALSE,FALSE,FALSE,FALSE,FALSE,FALSE,FALSE,FALSE,FALSE,FALSE,FALSE,FALSE,FALSE,FALSE,FALSE,FALSE,FALSE,TRUE,FALSE,FALSE,FALSE,FALSE,FALSE,FALSE,FALSE,FALSE,FALSE,FALSE,FALSE,FALSE,FALSE,TRUE,FALSE,FALSE,FALSE,FALSE,FALSE,FALSE,FALSE,TRUE,-28.025,0,27.075,FALSE,FALSE,FALSE,1.182872,1.102608,1.20044,FALSE,FALSE,FALSE,0,0,0,FALSE,FALSE,FALSE,1.269011,FALSE,11.97,FALSE,27.12,FALSE
2025-03-17 09:10:59,131,23,114,255,421,388,225,233,253,322,406,309,380,340,238,261,355,453,397,735,404,378,370,314,277,566,404,669,510,319,362,425,574,584,378,471,404,344,268,630,385,FALSE,FALSE,FALSE,FALSE,FALSE,FALSE,FALSE,FALSE,FALSE,FALSE,FALSE,FALSE,FALSE,FALSE,FALSE,FALSE,FALSE,FALSE,FALSE,FALSE,FALSE,FALSE,FALSE,FALSE,FALSE,FALSE,FALSE,FALSE,FALSE,FALSE,FALSE,FALSE,FALSE,FALSE,FALSE,FALSE,FALSE,FALSE,FALSE,FALSE,FALSE,1.1919,3.876989,1.933916,2.600017,2.502895,2.270857,2.18999,2.232809,2.145005,2.11466,1.983342,2.201655,2.131884,2.202711,2.279805,2.252574,2.429508,2.362797,2.810856,2.02726,1.894838,1.785119,1.839882,1.934919,1.959179,2.007407,2.052905,2.156412,2.091022,2.018431,2.166302,2.283222,2.779806,2.434889,2.40208,2.51224,2.303431,2.11343,2.216203,2.586135,2.860539,FALSE,FALSE,FALSE,FALSE,FALSE,FALSE,FALSE,FALSE,FALSE,FALSE,FALSE,FALSE,FALSE,FALSE,FALSE,FALSE,FALSE,FALSE,FALSE,FALSE,FALSE,FALSE,FALSE,FALSE,FALSE,FALSE,FALSE,FALSE,FALSE,FALSE,FALSE,FALSE,FALSE,FALSE,FALSE,FALSE,FALSE,FALSE,FALSE,FALSE,FALSE,-28,0,27.25,FALSE,FALSE,FALSE,1.180302,1.093895,1.206296,FALSE,FALSE,FALSE,0,0,0,FALSE,FALSE,FALSE,1.278304,FALSE,11.36,FALSE,25.5,FALSE
2025-03-15 11:48:55,131,23,114,255,421,388,225,233,253,322,406,309,380,340,238,261,355,453,397,735,404,378,370,314,277,566,404,669,510,319,362,425,574,584,378,471,404,344,268,630,385,FALSE,FALSE,FALSE,FALSE,FALSE,FALSE,FALSE,FALSE,FALSE,FALSE,FALSE,FALSE,FALSE,FALSE,FALSE,FALSE,FALSE,FALSE,FALSE,FALSE,FALSE,FALSE,FALSE,FALSE,FALSE,FALSE,FALSE,FALSE,FALSE,FALSE,FALSE,FALSE,FALSE,FALSE,FALSE,FALSE,FALSE,FALSE,FALSE,FALSE,FALSE,1.296099,3.965017,2.205192,2.824142,2.732615,2.503229,2.450318,2.490774,2.415657,2.367692,2.273523,2.446024,2.431207,2.477441,2.582981,2.582885,2.912488,2.839344,3.598842,1.870817,1.654939,1.451394,1.456264,1.584683,1.641311,1.661611,1.743578,1.907332,1.868485,2.079449,2.360102,2.573318,3.367122,2.808088,2.810089,2.876864,2.778451,2.681915,2.843513,3.146374,3.470991,FALSE,FALSE,FALSE,FALSE,FALSE,FALSE,FALSE,FALSE,FALSE,FALSE,FALSE,FALSE,FALSE,FALSE,FALSE,FALSE,FALSE,FALSE,FALSE,FALSE,FALSE,FALSE,FALSE,FALSE,FALSE,FALSE,FALSE,FALSE,FALSE,FALSE,FALSE,FALSE,FALSE,FALSE,FALSE,FALSE,FALSE,FALSE,FALSE,FALSE,FALSE,-27.95,0,27.375,FALSE,FALSE,FALSE,1.176701,1.079083,1.20694,FALSE,FALSE,FALSE,0,0,0,FALSE,FALSE,FALSE,1.270413,FALSE,11.59,FALSE,24.5,FALSE
2025-03-14 07:46:04,131,23,114,255,421,388,225,233,253,322,406,309,380,340,238,261,355,453,397,735,404,378,370,314,277,566,404,669,510,319,362,425,574,584,378,471,404,344,268,630,385,FALSE,FALSE,FALSE,FALSE,FALSE,FALSE,FALSE,FALSE,FALSE,FALSE,FALSE,FALSE,FALSE,FALSE,FALSE,FALSE,FALSE,FALSE,FALSE,FALSE,FALSE,FALSE,FALSE,FALSE,FALSE,FALSE,FALSE,FALSE,FALSE,FALSE,FALSE,FALSE,FALSE,FALSE,FALSE,FALSE,FALSE,FALSE,FALSE,FALSE,FALSE,1.335678,3.995073,1.896353,2.792188,2.698631,2.474801,2.426078,2.426065,2.374904,2.30714,2.185659,2.479801,2.407084,2.424616,2.659577,2.431213,2.504676,2.702604,4.316404,2.422268,2.296184,2.281801,2.38966,2.365367,2.378402,2.419201,2.543703,2.601156,2.409965,2.220975,2.481925,3.135451,4.646383,3.025575,3.236026,3.248971,2.616171,2.302309,2.786121,3.89432,5.29653,FALSE,FALSE,FALSE,FALSE,FALSE,FALSE,FALSE,FALSE,FALSE,FALSE,FALSE,FALSE,FALSE,FALSE,FALSE,FALSE,FALSE,FALSE,FALSE,FALSE,FALSE,FALSE,FALSE,FALSE,FALSE,FALSE,FALSE,FALSE,FALSE,FALSE,FALSE,FALSE,FALSE,FALSE,FALSE,FALSE,FALSE,FALSE,FALSE,FALSE,FALSE,-27.9,0,27.05,FALSE,FALSE,FALSE,1.186041,1.102926,1.20472,FALSE,FALSE,FALSE,0,0,0,FALSE,FALSE,FALSE,1.281294,FALSE,12.67,FALSE,26.25,FALSE
2025-03-13 09:22:38,131,24,117,257,423,392,229,239,258,332,420,320,390,354,249,266,356,446,379,769,418,394,386,326,289,591,423,702,531,326,369,423,561,591,380,481,400,341,263,598,360,FALSE,FALSE,FALSE,FALSE,FALSE,FALSE,FALSE,FALSE,FALSE,FALSE,FALSE,FALSE,FALSE,FALSE,FALSE,FALSE,FALSE,FALSE,FALSE,FALSE,FALSE,FALSE,FALSE,FALSE,FALSE,FALSE,FALSE,FALSE,FALSE,FALSE,FALSE,FALSE,FALSE,FALSE,FALSE,FALSE,FALSE,FALSE,FALSE,FALSE,FALSE,1.138966,3.797629,1.798588,2.719588,2.621824,2.41608,2.353723,2.349154,2.268942,2.225766,2.062905,2.282923,2.265723,2.23514,2.326358,2.374482,2.506198,2.377466,2.692683,2.24086,2.00637,1.884224,1.963603,2.015717,2.057447,2.11785,2.174781,2.255214,2.177103,2.100729,2.180269,2.309394,2.620891,2.404351,2.328266,2.465836,2.396612,2.154748,2.241264,2.577699,2.600059,FALSE,FALSE,FALSE,FALSE,FALSE,FALSE,FALSE,FALSE,FALSE,FALSE,FALSE,FALSE,FALSE,FALSE,FALSE,FALSE,FALSE,FALSE,FALSE,FALSE,FALSE,FALSE,FALSE,FALSE,FALSE,FALSE,FALSE,FALSE,FALSE,FALSE,FALSE,FALSE,FALSE,FALSE,FALSE,FALSE,FALSE,FALSE,FALSE,FALSE,FALSE,-28,0,27.15,FALSE,FALSE,FALSE,1.18276,1.099365,1.204655,FALSE,FALSE,FALSE,0,0,0,FALSE,FALSE,FALSE,1.278832,FALSE,11.46,FALSE,26.38,FALSE
2025-03-12 12:49:55,131,24,117,257,423,392,229,239,258,332,420,320,390,354,249,266,356,446,379,769,418,394,386,326,289,591,423,702,531,326,369,423,561,591,380,481,400,341,263,598,360,FALSE,FALSE,FALSE,FALSE,FALSE,FALSE,FALSE,FALSE,FALSE,FALSE,FALSE,FALSE,FALSE,FALSE,FALSE,FALSE,FALSE,FALSE,FALSE,FALSE,FALSE,FALSE,FALSE,FALSE,FALSE,FALSE,FALSE,FALSE,FALSE,FALSE,FALSE,FALSE,FALSE,FALSE,FALSE,FALSE,FALSE,FALSE,FALSE,FALSE,FALSE,1.1095,3.506527,1.65347,2.719568,2.647451,2.439837,2.3822,2.354265,2.313272,2.235225,2.088248,2.283296,2.254897,2.211915,2.294834,2.330682,2.502931,2.465128,2.812986,2.307338,2.135402,1.998688,2.073101,2.087597,2.097313,2.155564,2.169046,2.263655,2.223182,2.073654,2.153502,2.296866,2.610625,2.544681,2.461108,2.615325,2.453094,2.251428,2.401134,2.702317,2.811709,FALSE,FALSE,FALSE,FALSE,FALSE,FALSE,FALSE,FALSE,FALSE,FALSE,FALSE,FALSE,FALSE,FALSE,FALSE,FALSE,FALSE,FALSE,FALSE,FALSE,FALSE,FALSE,FALSE,FALSE,FALSE,FALSE,FALSE,FALSE,FALSE,FALSE,FALSE,FALSE,FALSE,FALSE,FALSE,FALSE,FALSE,FALSE,FALSE,FALSE,FALSE,-28.075,0,27.125,FALSE,FALSE,FALSE,1.183922,1.1033,1.199127,FALSE,FALSE,FALSE,0,0,0,FALSE,FALSE,FALSE,1.275207,FALSE,10.11,FALSE,27,FALSE
2025-03-12 09:00:05,131,24,117,257,423,392,229,239,258,332,420,320,390,354,249,266,356,446,379,769,418,394,386,326,289,591,423,702,531,326,369,423,561,591,380,481,400,341,263,598,360,FALSE,FALSE,FALSE,FALSE,FALSE,FALSE,FALSE,FALSE,FALSE,FALSE,FALSE,FALSE,FALSE,FALSE,FALSE,FALSE,FALSE,FALSE,FALSE,FALSE,FALSE,FALSE,FALSE,FALSE,FALSE,FALSE,FALSE,FALSE,FALSE,FALSE,FALSE,FALSE,FALSE,FALSE,FALSE,FALSE,FALSE,FALSE,FALSE,FALSE,FALSE,1.345257,4.063537,2.031543,2.964009,2.879622,2.64685,2.587976,2.555336,2.511195,2.429217,2.303222,2.537973,2.497908,2.465994,2.527489,2.615467,2.777212,2.628045,2.927671,2.257238,2.053767,1.936636,2.058071,2.10793,2.178571,2.221179,2.293058,2.341978,2.301928,2.193218,2.331005,2.349337,2.59931,2.445072,2.374182,2.474595,2.399153,2.202363,2.259212,2.496292,2.51296,FALSE,FALSE,FALSE,FALSE,FALSE,FALSE,FALSE,FALSE,FALSE,FALSE,FALSE,FALSE,FALSE,FALSE,FALSE,FALSE,FALSE,FALSE,FALSE,FALSE,FALSE,FALSE,FALSE,FALSE,FALSE,FALSE,FALSE,FALSE,FALSE,FALSE,FALSE,FALSE,FALSE,FALSE,FALSE,FALSE,FALSE,FALSE,FALSE,FALSE,FALSE,-27.975,0,27.175,FALSE,FALSE,FALSE,1.181295,1.095602,1.205699,FALSE,FALSE,FALSE,0,0,0,FALSE,FALSE,FALSE,1.280191,FALSE,13.55,FALSE,25.88,FALSE
2025-03-11 10:08:04,131,24,117,257,423,392,229,239,258,332,420,320,390,354,249,266,356,446,379,769,418,394,386,326,289,591,423,702,531,326,369,423,561,591,380,481,400,341,263,598,360,FALSE,FALSE,FALSE,FALSE,FALSE,FALSE,FALSE,FALSE,FALSE,FALSE,FALSE,FALSE,FALSE,FALSE,FALSE,FALSE,FALSE,FALSE,FALSE,FALSE,FALSE,FALSE,FALSE,FALSE,FALSE,FALSE,FALSE,FALSE,FALSE,FALSE,FALSE,FALSE,FALSE,FALSE,FALSE,FALSE,FALSE,FALSE,FALSE,FALSE,FALSE,1.394212,4.324856,2.13666,3.126324,3.009709,2.75736,2.721479,2.720806,2.646987,2.574049,2.348522,2.555034,2.486731,2.508689,2.59582,2.727586,2.928403,2.856397,3.179416,2.173002,1.967585,1.878048,1.928204,2.023039,2.054036,2.101347,2.253134,2.332313,2.290924,2.167315,2.252196,2.345793,2.525979,2.514694,2.472125,2.623958,2.571816,2.355982,2.334302,2.548491,2.470812,FALSE,FALSE,FALSE,FALSE,FALSE,FALSE,FALSE,FALSE,FALSE,FALSE,FALSE,FALSE,FALSE,FALSE,FALSE,FALSE,FALSE,FALSE,FALSE,FALSE,FALSE,FALSE,FALSE,FALSE,FALSE,FALSE,FALSE,FALSE,FALSE,FALSE,FALSE,FALSE,FALSE,FALSE,FALSE,FALSE,FALSE,FALSE,FALSE,FALSE,FALSE,-27.95,0,27.325,FALSE,FALSE,FALSE,1.178749,1.087366,1.207087,FALSE,FALSE,FALSE,0,0,0,FALSE,FALSE,FALSE,1.276685,FALSE,14.01,FALSE,25.12,FALSE
2025-03-10 09:48:42,131,24,117,257,423,392,229,239,258,332,420,320,390,354,249,266,356,446,379,769,418,394,386,326,289,591,423,702,531,326,369,423,561,591,380,481,400,341,263,598,360,FALSE,FALSE,FALSE,FALSE,FALSE,FALSE,FALSE,FALSE,FALSE,FALSE,FALSE,FALSE,FALSE,FALSE,FALSE,FALSE,FALSE,FALSE,FALSE,FALSE,FALSE,FALSE,FALSE,FALSE,FALSE,FALSE,FALSE,FALSE,FALSE,FALSE,FALSE,FALSE,FALSE,FALSE,FALSE,FALSE,FALSE,FALSE,FALSE,FALSE,FALSE,1.56511,4.5779,2.639294,3.307675,3.198289,2.954086,2.884472,2.857467,2.780793,2.726034,2.537643,2.759388,2.726374,2.722916,2.797123,2.904855,3.170003,3.080523,3.357915,2.089611,1.949983,1.888507,1.863082,1.967326,2.036053,2.066163,2.164976,2.291739,2.16536,2.11314,2.26228,2.246236,2.412775,3.212989,3.171459,3.275622,3.345076,3.125516,3.027787,3.059728,2.845789,FALSE,FALSE,FALSE,FALSE,FALSE,FALSE,FALSE,FALSE,FALSE,FALSE,FALSE,FALSE,FALSE,FALSE,FALSE,FALSE,FALSE,FALSE,FALSE,FALSE,FALSE,FALSE,FALSE,FALSE,FALSE,FALSE,FALSE,FALSE,FALSE,FALSE,FALSE,FALSE,FALSE,FALSE,FALSE,FALSE,FALSE,FALSE,FALSE,FALSE,FALSE,-27.9,0,27.425,FALSE,FALSE,FALSE,1.174912,1.073536,1.209351,FALSE,FALSE,FALSE,0,0,0,FALSE,FALSE,FALSE,1.266261,FALSE,14.71,FALSE,24,FALSE
2025-03-09 15:38:11,131,23,113,253,415,385,224,231,249,320,396,298,361,315,216,248,349,462,446,719,390,360,350,297,260,525,369,609,470,307,356,436,642,507,319,403,365,333,270,672,441,FALSE,FALSE,FALSE,FALSE,FALSE,FALSE,FALSE,FALSE,FALSE,FALSE,FALSE,FALSE,FALSE,FALSE,FALSE,FALSE,FALSE,FALSE,FALSE,FALSE,FALSE,FALSE,FALSE,FALSE,FALSE,FALSE,FALSE,FALSE,FALSE,FALSE,FALSE,FALSE,FALSE,FALSE,FALSE,FALSE,FALSE,FALSE,FALSE,FALSE,FALSE,1.465855,4.750277,2.374202,3.198263,3.070288,2.791119,2.729265,2.727364,2.634791,2.561311,2.302972,2.449457,2.404223,2.413404,2.68981,2.58055,3.32153,3.308458,4.402567,2.620062,2.46253,2.431636,2.468847,2.440939,2.432104,2.594014,2.752425,2.873195,2.605595,2.747871,2.996743,3.275572,4.304735,3.36152,3.530757,3.615616,2.964401,2.919781,3.106628,3.676187,4.317827,FALSE,FALSE,FALSE,FALSE,FALSE,FALSE,FALSE,FALSE,FALSE,FALSE,FALSE,FALSE,FALSE,FALSE,FALSE,FALSE,FALSE,FALSE,FALSE,FALSE,FALSE,FALSE,FALSE,FALSE,FALSE,FALSE,FALSE,FALSE,FALSE,FALSE,FALSE,FALSE,FALSE,FALSE,FALSE,FALSE,FALSE,FALSE,FALSE,FALSE,FALSE,-28.025,0,27.25,FALSE,FALSE,FALSE,1.178221,1.094833,1.201384,FALSE,FALSE,FALSE,0,0,0,FALSE,FALSE,FALSE,1.278378,FALSE,14.98,FALSE,25.62,FALSE
2025-03-07 09:53:05,131,23,113,253,414,385,225,233,253,324,408,311,379,347,243,262,354,449,388,730,396,372,370,314,274,571,407,684,506,317,362,419,568,601,380,479,405,345,267,620,379,FALSE,FALSE,FALSE,FALSE,FALSE,FALSE,FALSE,FALSE,FALSE,FALSE,FALSE,FALSE,FALSE,FALSE,FALSE,FALSE,FALSE,FALSE,FALSE,FALSE,FALSE,FALSE,FALSE,FALSE,FALSE,FALSE,FALSE,FALSE,FALSE,FALSE,FALSE,FALSE,FALSE,FALSE,FALSE,FALSE,FALSE,FALSE,FALSE,FALSE,FALSE,1.539862,4.423615,2.1215,3.210726,3.101696,2.852005,2.790004,2.772536,2.708182,2.627657,2.440486,2.682806,2.621616,2.63487,2.838426,2.815827,2.803346,2.662956,3.890578,3.076421,2.919955,2.914547,3.062894,3.00923,2.96279,3.032321,3.072175,3.087239,3.033564,2.806713,2.848469,3.244319,4.348114,3.706829,3.873868,3.871024,3.544544,3.033,3.29127,4.10116,5.138894,FALSE,FALSE,FALSE,FALSE,FALSE,FALSE,FALSE,FALSE,FALSE,FALSE,FALSE,FALSE,FALSE,FALSE,FALSE,FALSE,FALSE,FALSE,FALSE,FALSE,FALSE,FALSE,FALSE,FALSE,FALSE,FALSE,FALSE,FALSE,FALSE,FALSE,FALSE,FALSE,FALSE,FALSE,FALSE,FALSE,FALSE,FALSE,FALSE,FALSE,FALSE,-27.975,0,27,FALSE,FALSE,FALSE,1.185232,1.104561,1.201051,FALSE,FALSE,FALSE,0,0,0,FALSE,FALSE,FALSE,1.276409,FALSE,15.64,FALSE,27,FALSE
2025-03-06 09:49:02,131,23,113,254,419,390,225,233,252,320,396,304,373,319,218,249,357,472,456,727,393,363,355,306,266,527,370,617,481,313,366,446,656,488,313,387,356,332,270,673,442,FALSE,FALSE,FALSE,FALSE,FALSE,FALSE,FALSE,FALSE,FALSE,FALSE,FALSE,FALSE,FALSE,FALSE,FALSE,FALSE,FALSE,FALSE,FALSE,FALSE,FALSE,FALSE,FALSE,FALSE,FALSE,FALSE,FALSE,FALSE,FALSE,FALSE,FALSE,FALSE,FALSE,FALSE,FALSE,FALSE,FALSE,FALSE,FALSE,FALSE,FALSE,1.261928,3.917636,2.048937,2.715133,2.687519,2.436049,2.408002,2.402884,2.337367,2.301549,2.167933,2.293042,2.294694,2.337786,2.519126,2.437079,3.058455,3.14715,4.232687,2.137745,1.962239,1.92094,1.986054,1.952997,1.952205,2.077351,2.309454,2.391169,2.136691,2.299214,2.559256,2.913788,3.875769,2.944936,3.091473,3.21963,2.584618,2.549205,2.790961,3.457294,4.154575,FALSE,FALSE,FALSE,FALSE,FALSE,FALSE,FALSE,FALSE,FALSE,FALSE,FALSE,FALSE,FALSE,FALSE,FALSE,FALSE,FALSE,FALSE,FALSE,FALSE,FALSE,FALSE,FALSE,FALSE,FALSE,FALSE,FALSE,FALSE,FALSE,FALSE,FALSE,FALSE,FALSE,FALSE,FALSE,FALSE,FALSE,FALSE,FALSE,FALSE,FALSE,-28,0,27.225,FALSE,FALSE,FALSE,1.180801,1.093679,1.203347,FALSE,FALSE,FALSE,0,0,0,FALSE,FALSE,FALSE,1.279182,FALSE,12.06,FALSE,25.75,FALSE
2025-03-05 09:19:05,131,23,113,254,419,390,225,233,252,320,396,304,373,319,218,249,357,472,456,727,393,363,355,306,266,527,370,617,481,313,366,446,656,488,313,387,356,332,270,673,442,FALSE,FALSE,FALSE,FALSE,FALSE,FALSE,FALSE,FALSE,FALSE,FALSE,FALSE,FALSE,FALSE,FALSE,FALSE,FALSE,FALSE,FALSE,FALSE,FALSE,FALSE,FALSE,FALSE,FALSE,FALSE,FALSE,FALSE,FALSE,FALSE,FALSE,FALSE,FALSE,FALSE,FALSE,FALSE,FALSE,FALSE,FALSE,FALSE,FALSE,FALSE,1.350063,3.9586,2.131102,2.833848,2.772376,2.529762,2.470145,2.489804,2.419072,2.368699,2.272542,2.433025,2.411602,2.406038,2.576316,2.500777,2.951804,3.031689,3.915099,2.110559,1.932287,1.833523,1.897247,1.903712,1.941193,1.999094,2.219295,2.288015,2.148238,2.248761,2.553265,2.818424,3.705498,2.821562,2.946756,3.015187,2.61465,2.428957,2.721903,3.335423,3.855115,FALSE,FALSE,FALSE,FALSE,FALSE,FALSE,FALSE,FALSE,FALSE,FALSE,FALSE,FALSE,FALSE,FALSE,FALSE,FALSE,FALSE,FALSE,FALSE,FALSE,FALSE,FALSE,FALSE,FALSE,FALSE,FALSE,FALSE,FALSE,FALSE,FALSE,FALSE,FALSE,FALSE,FALSE,FALSE,FALSE,FALSE,FALSE,FALSE,FALSE,FALSE,-27.975,0,27.2,FALSE,FALSE,FALSE,1.180406,1.092025,1.204345,FALSE,FALSE,FALSE,0,0,0,FALSE,FALSE,FALSE,1.278754,FALSE,12.37,FALSE,25.5,FALSE
2025-03-04 10:01:48,131,23,113,254,419,390,225,233,252,320,396,304,373,319,218,249,357,472,456,727,393,363,355,306,266,527,370,617,481,313,366,446,656,488,313,387,356,332,270,673,442,FALSE,FALSE,FALSE,FALSE,FALSE,FALSE,FALSE,FALSE,FALSE,FALSE,FALSE,FALSE,FALSE,FALSE,FALSE,FALSE,FALSE,FALSE,FALSE,FALSE,FALSE,FALSE,FALSE,FALSE,FALSE,FALSE,FALSE,FALSE,FALSE,FALSE,FALSE,FALSE,FALSE,FALSE,FALSE,FALSE,FALSE,FALSE,FALSE,FALSE,FALSE,1.377033,4.074148,2.23482,3.000613,2.912092,2.667277,2.617171,2.602837,2.527814,2.486919,2.346074,2.482761,2.482943,2.518391,2.696924,2.656319,3.020041,3.067955,4.00274,2.147679,1.979527,1.876266,1.930196,1.907211,1.951389,2.085215,2.255979,2.329657,2.136941,2.2466,2.539902,2.76692,3.637812,2.944489,3.032872,3.139197,2.649503,2.550403,2.735377,3.324349,3.87054,FALSE,FALSE,FALSE,FALSE,FALSE,FALSE,FALSE,FALSE,FALSE,FALSE,FALSE,FALSE,FALSE,FALSE,FALSE,FALSE,FALSE,FALSE,FALSE,FALSE,FALSE,FALSE,FALSE,FALSE,FALSE,FALSE,FALSE,FALSE,FALSE,FALSE,FALSE,FALSE,FALSE,FALSE,FALSE,FALSE,FALSE,FALSE,FALSE,FALSE,FALSE,-27.975,0,27.3,FALSE,FALSE,FALSE,1.180379,1.091164,1.203837,FALSE,FALSE,FALSE,0,0,0,FALSE,FALSE,FALSE,1.278738,FALSE,12.29,FALSE,25.5,FALSE
2025-03-03 09:18:27,131,23,113,254,419,390,225,233,252,320,396,304,373,319,218,249,357,472,456,727,393,363,355,306,266,527,370,617,481,313,366,446,656,488,313,387,356,332,270,673,442,FALSE,FALSE,FALSE,FALSE,FALSE,FALSE,FALSE,FALSE,FALSE,FALSE,FALSE,FALSE,FALSE,FALSE,FALSE,FALSE,FALSE,FALSE,FALSE,FALSE,FALSE,FALSE,FALSE,FALSE,FALSE,FALSE,FALSE,FALSE,FALSE,FALSE,FALSE,FALSE,FALSE,FALSE,FALSE,FALSE,FALSE,FALSE,FALSE,FALSE,FALSE,1.756192,4.857655,2.418391,3.273613,3.175943,2.880219,2.797367,2.790072,2.70722,2.639582,2.408387,2.580978,2.545144,2.577917,2.764689,2.720725,3.028451,3.072372,4.159657,2.47158,2.328806,2.218055,2.254068,2.211345,2.292532,2.420902,2.53362,2.617908,2.521488,2.637066,2.9676,3.307778,4.341424,3.288649,3.369312,3.425245,3.03005,2.702477,2.90873,3.556687,4.199075,FALSE,FALSE,FALSE,FALSE,FALSE,FALSE,FALSE,FALSE,FALSE,FALSE,FALSE,FALSE,FALSE,FALSE,FALSE,FALSE,FALSE,FALSE,FALSE,FALSE,FALSE,FALSE,FALSE,FALSE,FALSE,FALSE,FALSE,FALSE,FALSE,FALSE,FALSE,FALSE,FALSE,FALSE,FALSE,FALSE,FALSE,FALSE,FALSE,FALSE,FALSE,-27.975,0,27.275,FALSE,FALSE,FALSE,1.179072,1.093121,1.201801,FALSE,FALSE,FALSE,0,0,0,FALSE,FALSE,FALSE,1.279618,FALSE,16.39,FALSE,25.5,FALSE
2025-03-01 15:26:09,131,24,115,256,421,392,229,236,257,331,414,312,381,345,244,265,353,447,384,746,406,383,375,315,276,570,405,676,514,317,357,413,551,587,378,468,397,334,259,599,361,FALSE,FALSE,FALSE,FALSE,FALSE,FALSE,FALSE,FALSE,FALSE,FALSE,FALSE,FALSE,FALSE,FALSE,FALSE,FALSE,FALSE,FALSE,FALSE,FALSE,FALSE,FALSE,FALSE,FALSE,FALSE,FALSE,FALSE,FALSE,FALSE,FALSE,FALSE,FALSE,FALSE,FALSE,FALSE,FALSE,FALSE,FALSE,FALSE,FALSE,FALSE,1.43426,4.332429,2.360214,3.188616,3.075651,2.867748,2.768236,2.750042,2.685266,2.609223,2.443789,2.638247,2.643583,2.71971,2.783047,2.790441,2.982272,2.890753,3.338372,1.960546,1.797764,1.702277,1.712317,1.814769,1.89676,1.956755,2.0574,2.211491,2.104894,2.023273,2.184688,2.320189,2.695244,3.019183,2.980176,3.096617,3.06466,2.734449,2.701892,2.927852,2.952588,FALSE,FALSE,FALSE,FALSE,FALSE,FALSE,FALSE,FALSE,FALSE,FALSE,FALSE,FALSE,FALSE,FALSE,FALSE,FALSE,FALSE,FALSE,FALSE,FALSE,FALSE,FALSE,FALSE,FALSE,FALSE,FALSE,FALSE,FALSE,FALSE,FALSE,FALSE,FALSE,FALSE,FALSE,FALSE,FALSE,FALSE,FALSE,FALSE,FALSE,FALSE,-28.2,0,27.65,FALSE,FALSE,FALSE,1.173155,1.075835,1.203299,FALSE,FALSE,FALSE,0,0,0,FALSE,FALSE,FALSE,1.26688,FALSE,14,FALSE,24.5,FALSE
2025-02-28 10:07:52,131,23,114,253,415,385,223,232,251,321,399,304,374,335,233,262,362,467,420,727,395,373,367,310,275,560,402,670,512,325,375,441,615,590,371,460,407,354,280,666,416,FALSE,FALSE,FALSE,FALSE,FALSE,FALSE,FALSE,FALSE,FALSE,FALSE,FALSE,FALSE,FALSE,FALSE,FALSE,FALSE,FALSE,FALSE,FALSE,FALSE,FALSE,FALSE,FALSE,FALSE,FALSE,FALSE,FALSE,FALSE,FALSE,FALSE,FALSE,FALSE,FALSE,FALSE,FALSE,FALSE,FALSE,FALSE,FALSE,FALSE,FALSE,1.949992,3.818582,2.199631,3.40774,3.309996,3.091628,3.044934,3.034612,2.996934,2.957025,2.788487,3.067429,2.986711,3.057508,3.373803,3.107218,2.844847,3.104063,5.069075,4.226308,4.139075,4.210526,4.321602,4.183702,4.055528,4.092354,4.228666,4.306813,4.050426,3.47611,3.386082,4.020637,5.734374,6.78996,7.265075,7.150839,6.428471,5.364249,5.381143,6.204871,7.60119,FALSE,FALSE,FALSE,FALSE,FALSE,FALSE,FALSE,FALSE,FALSE,FALSE,FALSE,FALSE,FALSE,FALSE,FALSE,FALSE,FALSE,FALSE,FALSE,FALSE,FALSE,FALSE,FALSE,FALSE,FALSE,FALSE,FALSE,FALSE,FALSE,FALSE,FALSE,FALSE,FALSE,TRUE,TRUE,TRUE,TRUE,FALSE,FALSE,TRUE,TRUE,-28.125,0,26.9,FALSE,FALSE,FALSE,1.187994,1.087584,1.19,FALSE,FALSE,FALSE,0,0,0,FALSE,FALSE,FALSE,1.220281,FALSE,14.88,FALSE,29.75,FALSE
2025-02-28 09:38:14,131,23,114,253,415,385,223,232,251,321,399,304,374,335,233,262,362,467,420,727,395,373,367,310,275,560,402,670,512,325,375,441,615,590,371,460,407,354,280,666,416,FALSE,FALSE,FALSE,FALSE,FALSE,FALSE,FALSE,FALSE,FALSE,FALSE,FALSE,FALSE,FALSE,FALSE,FALSE,FALSE,FALSE,FALSE,FALSE,FALSE,FALSE,FALSE,FALSE,FALSE,FALSE,FALSE,FALSE,FALSE,FALSE,FALSE,FALSE,FALSE,FALSE,FALSE,FALSE,FALSE,FALSE,FALSE,FALSE,FALSE,FALSE,1.819381,4.170777,2.283154,3.511448,3.382631,3.175194,3.099215,3.052942,3.016455,2.99017,2.909197,3.093332,2.973401,3.307845,3.731749,3.099499,3.335079,3.797345,6.245096,4.043023,4.003578,4.144919,4.295317,4.118631,3.947895,4.14122,4.370949,4.397388,3.980598,3.651123,3.908379,4.75929,6.954759,6.583961,7.21035,7.096079,5.818462,5.144504,5.724986,6.923956,8.801363,FALSE,FALSE,FALSE,FALSE,FALSE,FALSE,FALSE,FALSE,FALSE,FALSE,FALSE,FALSE,FALSE,FALSE,FALSE,FALSE,FALSE,FALSE,TRUE,FALSE,FALSE,FALSE,FALSE,FALSE,FALSE,FALSE,FALSE,FALSE,FALSE,FALSE,FALSE,FALSE,TRUE,TRUE,TRUE,TRUE,FALSE,FALSE,FALSE,TRUE,TRUE,-28.15,0,26.925,FALSE,FALSE,FALSE,1.187013,1.094627,1.191414,FALSE,FALSE,FALSE,0,0,0,FALSE,FALSE,FALSE,1.235901,FALSE,14.84,FALSE,29.12,FALSE
2025-02-27 10:25:18,131,23,113,256,420,390,224,235,254,327,414,312,383,356,249,268,354,444,383,729,398,379,371,314,278,576,417,692,521,318,361,414,555,640,402,502,417,345,262,618,359,FALSE,FALSE,FALSE,FALSE,FALSE,FALSE,FALSE,FALSE,FALSE,FALSE,FALSE,FALSE,FALSE,FALSE,FALSE,FALSE,FALSE,FALSE,FALSE,FALSE,FALSE,FALSE,FALSE,FALSE,FALSE,FALSE,FALSE,FALSE,FALSE,FALSE,FALSE,FALSE,FALSE,FALSE,FALSE,FALSE,FALSE,FALSE,FALSE,FALSE,FALSE,1.535667,4.402999,2.104875,3.396955,3.294346,3.066693,2.971819,2.92961,2.824398,2.767332,2.508785,2.780597,2.734119,2.653985,2.70809,2.863202,3.054882,2.92792,3.199882,3.175112,3.033305,2.915946,3.001464,2.997351,2.972143,3.024361,2.97879,3.064614,3.039921,2.912374,2.967692,3.042362,3.246614,3.624836,3.430624,3.615781,3.549833,3.256772,3.332222,3.502496,3.293574,FALSE,FALSE,FALSE,FALSE,FALSE,FALSE,FALSE,FALSE,FALSE,FALSE,FALSE,FALSE,FALSE,FALSE,FALSE,FALSE,FALSE,FALSE,FALSE,FALSE,FALSE,FALSE,FALSE,FALSE,FALSE,FALSE,FALSE,FALSE,FALSE,FALSE,FALSE,FALSE,FALSE,FALSE,FALSE,FALSE,FALSE,FALSE,FALSE,FALSE,FALSE,-28.025,0,27,FALSE,FALSE,FALSE,1.186213,1.104485,1.199802,FALSE,FALSE,FALSE,0,0,0,FALSE,FALSE,FALSE,1.267669,FALSE,16.04,FALSE,27.75,FALSE
2025-02-27 10:10:21,131,23,112,252,412,383,219,225,242,304,365,295,379,308,204,262,497,706,783,679,363,320,311,283,260,497,340,567,471,380,503,650,1097,468,288,371,380,421,391,1057,773,FALSE,FALSE,FALSE,FALSE,FALSE,FALSE,FALSE,FALSE,FALSE,FALSE,FALSE,FALSE,FALSE,FALSE,FALSE,FALSE,FALSE,FALSE,TRUE,FALSE,FALSE,FALSE,FALSE,FALSE,FALSE,FALSE,FALSE,FALSE,FALSE,FALSE,FALSE,FALSE,FALSE,FALSE,FALSE,FALSE,FALSE,FALSE,FALSE,FALSE,TRUE,1.277453,3.821794,1.838568,3.120525,3.001494,2.759666,2.675106,2.65244,2.613918,2.623897,2.625224,2.370891,2.331979,2.327276,2.429313,2.554112,5.569023,7.406538,9.154114,2.663519,2.537738,2.605201,2.727243,2.323311,2.357656,2.330631,2.390899,2.426604,2.414817,3.83587,6.002498,7.338668,8.931108,2.974496,2.881247,3.054412,3.497348,5.242716,7.540288,9.131554,10.33293,FALSE,FALSE,FALSE,FALSE,FALSE,FALSE,FALSE,FALSE,FALSE,FALSE,FALSE,FALSE,FALSE,FALSE,FALSE,FALSE,FALSE,TRUE,TRUE,FALSE,FALSE,FALSE,FALSE,FALSE,FALSE,FALSE,FALSE,FALSE,FALSE,FALSE,TRUE,TRUE,TRUE,FALSE,FALSE,FALSE,FALSE,FALSE,TRUE,TRUE,TRUE,-28.025,0,27.1,FALSE,FALSE,FALSE,1.18578,1.103945,1.196685,FALSE,FALSE,FALSE,0,0,0,FALSE,FALSE,FALSE,1.274197,FALSE,12.85,FALSE,27.25,FALSE
2025-02-26 08:55:26,131,23,113,257,421,393,229,236,256,327,412,313,383,348,241,265,357,454,393,731,395,372,369,311,273,566,402,670,504,315,358,418,559,590,381,477,404,342,264,614,373,FALSE,FALSE,FALSE,FALSE,FALSE,FALSE,FALSE,FALSE,FALSE,FALSE,FALSE,FALSE,FALSE,FALSE,FALSE,FALSE,FALSE,FALSE,FALSE,FALSE,FALSE,FALSE,FALSE,FALSE,FALSE,FALSE,FALSE,FALSE,FALSE,FALSE,FALSE,FALSE,FALSE,FALSE,FALSE,FALSE,FALSE,FALSE,FALSE,FALSE,FALSE,1.290689,3.805363,1.89306,2.91528,2.80464,2.569475,2.513429,2.47171,2.414318,2.338592,2.124702,2.357396,2.308479,2.272853,2.315813,2.399149,2.635086,2.535319,2.802535,2.714211,2.541811,2.429328,2.526602,2.50028,2.510883,2.498172,2.526563,2.567459,2.533565,2.444201,2.517299,2.594486,2.832705,2.823072,2.730357,2.886557,2.826057,2.677566,2.701504,2.95823,2.788001,FALSE,FALSE,FALSE,FALSE,FALSE,FALSE,FALSE,FALSE,FALSE,FALSE,FALSE,FALSE,FALSE,FALSE,FALSE,FALSE,FALSE,FALSE,FALSE,FALSE,FALSE,FALSE,FALSE,FALSE,FALSE,FALSE,FALSE,FALSE,FALSE,FALSE,FALSE,FALSE,FALSE,FALSE,FALSE,FALSE,FALSE,FALSE,FALSE,FALSE,FALSE,-28.075,0,27.05,FALSE,FALSE,FALSE,1.185604,1.104089,1.198534,FALSE,FALSE,FALSE,0,0,0,FALSE,FALSE,FALSE,1.266185,FALSE,13.13,FALSE,27.75,FALSE
2025-02-25 09:43:29,131,23,113,257,421,393,229,236,256,327,412,313,383,348,241,265,357,454,393,731,395,372,369,311,273,566,402,670,504,315,358,418,559,590,381,477,404,342,264,614,373,FALSE,FALSE,FALSE,FALSE,FALSE,FALSE,FALSE,FALSE,FALSE,FALSE,FALSE,FALSE,FALSE,FALSE,FALSE,FALSE,FALSE,FALSE,FALSE,FALSE,FALSE,FALSE,FALSE,FALSE,FALSE,FALSE,FALSE,FALSE,FALSE,FALSE,FALSE,FALSE,FALSE,FALSE,FALSE,FALSE,FALSE,FALSE,FALSE,FALSE,FALSE,1.31536,4.170455,2.372464,2.965068,2.891909,2.667555,2.595574,2.55532,2.487461,2.411804,2.304265,2.485309,2.471873,2.474459,2.525082,2.562782,2.858022,2.808197,3.282223,2.126781,1.933472,1.900794,1.895298,1.987599,2.038053,2.096262,2.217079,2.326343,2.169895,2.08785,2.223531,2.24068,2.676161,2.802279,2.753228,2.887214,2.710386,2.556702,2.593625,2.864305,2.947311,FALSE,FALSE,FALSE,FALSE,FALSE,FALSE,FALSE,FALSE,FALSE,FALSE,FALSE,FALSE,FALSE,FALSE,FALSE,FALSE,FALSE,FALSE,FALSE,FALSE,FALSE,FALSE,FALSE,FALSE,FALSE,FALSE,FALSE,FALSE,FALSE,FALSE,FALSE,FALSE,FALSE,FALSE,FALSE,FALSE,FALSE,FALSE,FALSE,FALSE,FALSE,-27.975,0,27.325,FALSE,FALSE,FALSE,1.178195,1.086152,1.20905,FALSE,FALSE,FALSE,0,0,0,FALSE,FALSE,FALSE,1.276415,FALSE,13.08,FALSE,25.12,FALSE
2025-02-24 09:57:08,131,23,113,257,421,393,229,236,256,327,412,313,383,348,241,265,357,454,393,731,395,372,369,311,273,566,402,670,504,315,358,418,559,590,381,477,404,342,264,614,373,FALSE,FALSE,FALSE,FALSE,FALSE,FALSE,FALSE,FALSE,FALSE,FALSE,FALSE,FALSE,FALSE,FALSE,FALSE,FALSE,FALSE,FALSE,FALSE,FALSE,FALSE,FALSE,FALSE,FALSE,FALSE,FALSE,FALSE,FALSE,FALSE,FALSE,FALSE,FALSE,FALSE,FALSE,FALSE,FALSE,FALSE,FALSE,FALSE,FALSE,FALSE,1.273931,4.499881,2.262333,2.771514,2.657378,2.437017,2.355194,2.34913,2.28142,2.186097,1.938953,2.207389,2.166325,2.016184,2.101285,2.194138,2.306222,2.239662,2.763456,2.506602,2.291012,2.216471,2.268656,2.33821,2.368875,2.325337,2.393811,2.461064,2.421653,2.262963,2.353007,2.508,2.934741,2.554001,2.458887,2.618706,2.513753,2.324194,2.484791,2.897976,3.158175,FALSE,FALSE,FALSE,FALSE,FALSE,FALSE,FALSE,FALSE,FALSE,FALSE,FALSE,FALSE,FALSE,FALSE,FALSE,FALSE,FALSE,FALSE,FALSE,FALSE,FALSE,FALSE,FALSE,FALSE,FALSE,FALSE,FALSE,FALSE,FALSE,FALSE,FALSE,FALSE,FALSE,FALSE,FALSE,FALSE,FALSE,FALSE,FALSE,FALSE,FALSE,-27.975,0,27.175,FALSE,FALSE,FALSE,1.182441,1.103281,1.201641,FALSE,FALSE,FALSE,0,0,0,FALSE,FALSE,FALSE,1.277783,FALSE,13.74,FALSE,26.75,FALSE
2025-02-21 15:54:49,131,24,114,259,426,392,230,238,259,333,421,318,393,358,251,270,359,450,387,734,405,381,377,318,280,583,416,689,518,319,362,416,554,592,386,471,395,338,256,606,354,FALSE,FALSE,FALSE,FALSE,FALSE,FALSE,FALSE,FALSE,FALSE,FALSE,FALSE,FALSE,FALSE,FALSE,FALSE,FALSE,FALSE,FALSE,FALSE,FALSE,FALSE,FALSE,FALSE,FALSE,FALSE,FALSE,FALSE,FALSE,FALSE,FALSE,FALSE,FALSE,FALSE,FALSE,FALSE,FALSE,FALSE,FALSE,FALSE,FALSE,FALSE,1.534311,4.245383,2.525627,3.00156,2.941599,2.700861,2.609324,2.587022,2.518066,2.468788,2.295545,2.461047,2.45822,2.491368,2.515023,2.639086,2.874879,2.79722,3.10635,1.979584,1.873798,1.782246,1.7616,1.870341,1.905985,1.961924,2.074118,2.18841,2.099692,2.055754,2.152027,2.148879,2.319597,2.930845,2.887378,2.997598,3.080411,2.854653,2.801045,2.887564,2.716079,FALSE,FALSE,FALSE,FALSE,FALSE,FALSE,FALSE,FALSE,FALSE,FALSE,FALSE,FALSE,FALSE,FALSE,FALSE,FALSE,FALSE,FALSE,FALSE,FALSE,FALSE,FALSE,FALSE,FALSE,FALSE,FALSE,FALSE,FALSE,FALSE,FALSE,FALSE,FALSE,FALSE,FALSE,FALSE,FALSE,FALSE,FALSE,FALSE,FALSE,FALSE,-27.9,0,27.35,FALSE,FALSE,FALSE,1.178377,1.080646,1.211161,FALSE,FALSE,FALSE,0,0,0,FALSE,FALSE,FALSE,1.272589,FALSE,13.99,FALSE,24.62,FALSE
2025-02-20 10:09:38,131,24,114,259,426,392,230,238,259,333,421,318,393,358,251,270,359,450,387,734,405,381,377,318,280,583,416,689,518,319,362,416,554,592,386,471,395,338,256,606,354,FALSE,FALSE,FALSE,FALSE,FALSE,FALSE,FALSE,FALSE,FALSE,FALSE,FALSE,FALSE,FALSE,FALSE,FALSE,FALSE,FALSE,FALSE,FALSE,FALSE,FALSE,FALSE,FALSE,FALSE,FALSE,FALSE,FALSE,FALSE,FALSE,FALSE,FALSE,FALSE,FALSE,FALSE,FALSE,FALSE,FALSE,FALSE,FALSE,FALSE,FALSE,1.401602,3.975995,2.142488,2.825224,2.774024,2.534585,2.48464,2.456002,2.381039,2.334255,2.153807,2.386551,2.356454,2.349534,2.40606,2.507057,2.729759,2.608828,2.907793,2.058013,1.953198,1.842384,1.873404,1.90937,1.992194,2.028238,2.112612,2.194552,2.115299,2.070636,2.167502,2.225412,2.423335,2.462453,2.347939,2.517419,2.474561,2.254413,2.271205,2.510186,2.413298,FALSE,FALSE,FALSE,FALSE,FALSE,FALSE,FALSE,FALSE,FALSE,FALSE,FALSE,FALSE,FALSE,FALSE,FALSE,FALSE,FALSE,FALSE,FALSE,FALSE,FALSE,FALSE,FALSE,FALSE,FALSE,FALSE,FALSE,FALSE,FALSE,FALSE,FALSE,FALSE,FALSE,FALSE,FALSE,FALSE,FALSE,FALSE,FALSE,FALSE,FALSE,-27.875,0,27.2,FALSE,FALSE,FALSE,1.182629,1.096696,1.20729,FALSE,FALSE,FALSE,0,0,0,FALSE,FALSE,FALSE,1.281518,FALSE,13.83,FALSE,26,FALSE
2025-02-19 10:22:02,131,24,113,257,422,389,223,228,245,308,373,309,399,319,208,263,505,717,808,678,365,326,317,294,271,503,343,567,463,382,515,668,1130,428,258,323,340,394,371,1028,745,FALSE,FALSE,FALSE,FALSE,FALSE,FALSE,FALSE,FALSE,FALSE,FALSE,FALSE,FALSE,FALSE,FALSE,FALSE,FALSE,FALSE,FALSE,TRUE,FALSE,FALSE,FALSE,FALSE,FALSE,FALSE,FALSE,FALSE,FALSE,FALSE,FALSE,FALSE,FALSE,FALSE,FALSE,FALSE,FALSE,FALSE,FALSE,FALSE,FALSE,FALSE,0.7539739,3.385885,2.075878,2.229612,2.179192,1.96851,1.924933,1.952335,1.909246,1.861209,1.714227,1.886754,1.870881,1.780218,1.869675,2.010876,2.561651,2.883891,3.305542,1.751719,1.575961,1.501284,1.509663,1.559537,1.637534,1.600862,1.707333,1.815343,1.720448,1.954633,2.384871,2.67228,3.082072,2.200652,2.103385,2.234475,2.179034,2.278873,2.636183,3.143539,3.297184,FALSE,FALSE,FALSE,FALSE,FALSE,FALSE,FALSE,FALSE,FALSE,FALSE,FALSE,FALSE,FALSE,FALSE,FALSE,FALSE,FALSE,FALSE,FALSE,FALSE,FALSE,FALSE,FALSE,FALSE,FALSE,FALSE,FALSE,FALSE,FALSE,FALSE,FALSE,FALSE,FALSE,FALSE,FALSE,FALSE,FALSE,FALSE,FALSE,FALSE,FALSE,-27.925,0,27.225,FALSE,FALSE,FALSE,1.183822,1.098199,1.20206,FALSE,FALSE,FALSE,0,0,0,FALSE,FALSE,FALSE,1.275272,FALSE,13.24,FALSE,26,FALSE
2025-02-19 10:05:48,131,24,116,257,424,392,225,231,249,313,381,302,377,309,206,259,460,655,704,699,384,339,327,293,265,505,351,586,466,362,471,608,991,436,269,342,346,373,338,909,650,FALSE,FALSE,FALSE,FALSE,FALSE,FALSE,FALSE,FALSE,FALSE,FALSE,FALSE,FALSE,FALSE,FALSE,FALSE,FALSE,FALSE,FALSE,TRUE,FALSE,FALSE,FALSE,FALSE,FALSE,FALSE,FALSE,FALSE,FALSE,FALSE,FALSE,FALSE,FALSE,FALSE,FALSE,FALSE,FALSE,FALSE,FALSE,FALSE,FALSE,FALSE,0.9448158,3.522517,2.554749,2.238277,2.184459,2.001145,1.964798,1.983762,1.934518,1.864544,1.773228,1.987335,2.01192,1.907369,1.962562,2.099154,2.585162,2.771382,3.214437,1.751721,1.654721,1.551014,1.520482,1.585345,1.635451,1.611833,1.788158,1.912276,1.794075,1.953433,2.408431,2.564368,2.90528,2.568093,2.488158,2.595601,2.672369,2.673473,2.911613,3.250263,3.321019,FALSE,FALSE,FALSE,FALSE,FALSE,FALSE,FALSE,FALSE,FALSE,FALSE,FALSE,FALSE,FALSE,FALSE,FALSE,FALSE,FALSE,FALSE,FALSE,FALSE,FALSE,FALSE,FALSE,FALSE,FALSE,FALSE,FALSE,FALSE,FALSE,FALSE,FALSE,FALSE,FALSE,FALSE,FALSE,FALSE,FALSE,FALSE,FALSE,FALSE,FALSE,-27.925,0,27.35,FALSE,FALSE,FALSE,1.179216,1.085554,1.205708,FALSE,FALSE,FALSE,0,0,0,FALSE,FALSE,FALSE,1.271278,FALSE,14.09,FALSE,25,FALSE
2025-02-18 10:25:59,138,23,114,256,418,387,225,231,251,322,413,318,388,347,244,263,351,446,382,724,397,373,374,322,288,577,420,694,515,322,363,418,559,591,380,475,401,337,259,601,358,FALSE,FALSE,FALSE,FALSE,FALSE,FALSE,FALSE,FALSE,FALSE,FALSE,FALSE,FALSE,FALSE,FALSE,FALSE,FALSE,FALSE,FALSE,FALSE,FALSE,FALSE,FALSE,FALSE,FALSE,FALSE,FALSE,FALSE,FALSE,FALSE,FALSE,FALSE,FALSE,FALSE,FALSE,FALSE,FALSE,FALSE,FALSE,FALSE,FALSE,FALSE,1.564892,3.03951,1.803178,2.513796,2.443575,2.259657,2.234762,2.219355,2.158089,2.120138,1.976798,2.15647,2.145089,2.088835,2.149506,2.204385,2.349869,2.270749,2.542599,2.477008,2.33522,2.200926,2.324819,2.280953,2.336209,2.322204,2.341289,2.388977,2.328057,2.194334,2.295557,2.39103,2.577826,2.721574,2.683215,2.790604,2.759127,2.628061,2.703032,2.943547,2.926844,FALSE,FALSE,FALSE,FALSE,FALSE,FALSE,FALSE,FALSE,FALSE,FALSE,FALSE,FALSE,FALSE,FALSE,FALSE,FALSE,FALSE,FALSE,FALSE,FALSE,FALSE,FALSE,FALSE,FALSE,FALSE,FALSE,FALSE,FALSE,FALSE,FALSE,FALSE,FALSE,FALSE,FALSE,FALSE,FALSE,FALSE,FALSE,FALSE,FALSE,FALSE,-28.1,0,26.95,FALSE,FALSE,FALSE,1.188701,1.091442,1.195088,FALSE,FALSE,FALSE,0,0,0,FALSE,FALSE,FALSE,1.21797,FALSE,13.98,FALSE,29.62,FALSE
2025-02-17 10:02:01,138,24,121,264,434,402,232,243,261,338,430,321,396,360,256,271,357,442,388,774,421,399,388,329,290,598,426,706,537,326,369,431,569,569,370,461,383,331,250,597,347,FALSE,FALSE,FALSE,FALSE,FALSE,FALSE,FALSE,FALSE,FALSE,FALSE,FALSE,FALSE,FALSE,FALSE,FALSE,FALSE,FALSE,FALSE,FALSE,FALSE,FALSE,FALSE,FALSE,FALSE,FALSE,FALSE,FALSE,FALSE,FALSE,FALSE,FALSE,FALSE,FALSE,FALSE,FALSE,FALSE,FALSE,FALSE,FALSE,FALSE,FALSE,1.854147,4.120231,3.782844,2.697596,2.6312,2.400263,2.34726,2.362417,2.316169,2.251267,2.183079,2.414656,2.405969,2.396662,2.396201,2.463646,2.694181,2.656728,2.887492,2.391217,2.291733,2.224099,2.208331,2.287581,2.350062,2.315342,2.389569,2.481618,2.359146,2.310629,2.353491,2.296145,2.407405,3.383422,3.515885,3.606803,3.859852,3.606288,3.696848,3.63112,3.341192,FALSE,FALSE,FALSE,FALSE,FALSE,FALSE,FALSE,FALSE,FALSE,FALSE,FALSE,FALSE,FALSE,FALSE,FALSE,FALSE,FALSE,FALSE,FALSE,FALSE,FALSE,FALSE,FALSE,FALSE,FALSE,FALSE,FALSE,FALSE,FALSE,FALSE,FALSE,FALSE,FALSE,FALSE,FALSE,FALSE,FALSE,FALSE,FALSE,FALSE,FALSE,-27.825,0,27.55,FALSE,FALSE,FALSE,1.170273,1.065671,1.206385,FALSE,FALSE,FALSE,0,0,0,FALSE,FALSE,FALSE,1.254662,FALSE,15.41,FALSE,23.38,FALSE
2025-02-17 09:57:12,121,22,105,263,418,382,215,216,231,288,352,317,427,338,301,405,566,835,1578,669,376,330,318,298,282,536,400,842,739,451,564,816,2134,439,342,633,709,587,448,1377,1700,FALSE,FALSE,FALSE,FALSE,FALSE,FALSE,FALSE,FALSE,FALSE,FALSE,FALSE,FALSE,FALSE,FALSE,FALSE,FALSE,FALSE,TRUE,TRUE,FALSE,FALSE,FALSE,FALSE,FALSE,FALSE,FALSE,FALSE,FALSE,FALSE,FALSE,FALSE,FALSE,TRUE,FALSE,FALSE,FALSE,FALSE,FALSE,FALSE,TRUE,TRUE,3.384969,5.793046,4.364183,3.039896,2.827433,2.609447,2.549721,2.54771,2.489568,2.42223,2.386909,2.556042,2.479549,2.761379,2.998996,3.234454,3.403077,3.475222,3.986399,2.755882,2.54508,2.566152,2.438112,2.508276,2.533719,2.412467,2.640437,2.68928,2.754781,2.71353,2.853886,2.949476,3.295709,3.379875,3.573539,3.688367,3.987024,3.865223,4.012148,4.096858,3.827057,FALSE,FALSE,FALSE,FALSE,FALSE,FALSE,FALSE,FALSE,FALSE,FALSE,FALSE,FALSE,FALSE,FALSE,FALSE,FALSE,FALSE,FALSE,FALSE,FALSE,FALSE,FALSE,FALSE,FALSE,FALSE,FALSE,FALSE,FALSE,FALSE,FALSE,FALSE,FALSE,FALSE,FALSE,FALSE,FALSE,FALSE,FALSE,FALSE,FALSE,FALSE,-27.85,0,27.675,FALSE,FALSE,FALSE,1.158822,1.0486,1.170809,FALSE,FALSE,FALSE,0,0,0,FALSE,FALSE,FALSE,1.244222,FALSE,14.23,FALSE,22.75,FALSE
2025-02-17 09:49:28,136,24,121,224,369,355,204,211,227,282,342,368,563,349,217,295,923,1581,2023,679,360,322,312,356,389,606,385,638,540,578,986,1576,3120,388,236,312,356,527,657,2210,1732,FALSE,FALSE,FALSE,FALSE,FALSE,FALSE,FALSE,FALSE,FALSE,FALSE,FALSE,FALSE,FALSE,FALSE,FALSE,FALSE,TRUE,TRUE,TRUE,FALSE,FALSE,FALSE,FALSE,FALSE,FALSE,FALSE,FALSE,FALSE,FALSE,FALSE,FALSE,TRUE,TRUE,FALSE,FALSE,FALSE,FALSE,FALSE,TRUE,TRUE,TRUE,2.031348,3.960131,3.098161,3.620358,3.408805,3.157204,2.927888,2.819384,2.755257,2.674049,2.526324,2.607678,2.601142,2.678184,2.767234,2.955032,3.200043,3.320447,3.70755,1.994363,1.845287,1.783543,1.700721,1.842044,1.879255,1.854585,1.988538,2.02236,1.945217,2.186523,2.557671,2.852729,3.190807,4.339687,4.385434,4.516767,4.725001,4.555531,4.956447,5.189276,5.11887,FALSE,FALSE,FALSE,FALSE,FALSE,FALSE,FALSE,FALSE,FALSE,FALSE,FALSE,FALSE,FALSE,FALSE,FALSE,FALSE,FALSE,FALSE,FALSE,FALSE,FALSE,FALSE,FALSE,FALSE,FALSE,FALSE,FALSE,FALSE,FALSE,FALSE,FALSE,FALSE,FALSE,FALSE,FALSE,FALSE,FALSE,FALSE,FALSE,FALSE,FALSE,-27.85,0,27.825,FALSE,FALSE,FALSE,1.163352,1.041862,1.188314,FALSE,FALSE,FALSE,0,0,0,FALSE,FALSE,FALSE,1.235568,FALSE,12.79,FALSE,22.12,FALSE
2025-02-14 09:52:50,136,24,118,263,425,398,230,238,258,330,418,318,386,342,238,262,356,462,405,736,401,383,378,323,284,569,407,674,511,322,366,433,591,517,342,430,367,323,253,602,371,FALSE,FALSE,FALSE,FALSE,FALSE,FALSE,FALSE,FALSE,FALSE,FALSE,FALSE,FALSE,FALSE,FALSE,FALSE,FALSE,FALSE,FALSE,FALSE,FALSE,FALSE,FALSE,FALSE,FALSE,FALSE,FALSE,FALSE,FALSE,FALSE,FALSE,FALSE,FALSE,FALSE,FALSE,FALSE,FALSE,FALSE,FALSE,FALSE,FALSE,FALSE,1.957206,3.488734,3.20819,2.205253,2.14932,1.930995,1.94454,1.97429,1.927713,1.941383,1.939501,2.140775,2.177402,2.219527,2.280504,2.191555,2.420616,2.391763,2.835424,2.170491,2.001783,1.89501,1.871983,1.963031,1.967419,1.980308,2.082691,2.181662,2.039287,2.052156,2.156693,2.23355,2.604817,3.184778,3.299332,3.373153,3.430912,3.193023,3.241676,3.308861,3.315412,FALSE,FALSE,FALSE,FALSE,FALSE,FALSE,FALSE,FALSE,FALSE,FALSE,FALSE,FALSE,FALSE,FALSE,FALSE,FALSE,FALSE,FALSE,FALSE,FALSE,FALSE,FALSE,FALSE,FALSE,FALSE,FALSE,FALSE,FALSE,FALSE,FALSE,FALSE,FALSE,FALSE,FALSE,FALSE,FALSE,FALSE,FALSE,FALSE,FALSE,FALSE,-27.875,0,27.4,FALSE,FALSE,FALSE,1.175781,1.07762,1.208072,FALSE,FALSE,FALSE,0,0,0,FALSE,FALSE,FALSE,1.265915,FALSE,13.62,FALSE,24,FALSE
2025-02-13 16:14:02,136,23,115,255,419,386,222,231,249,319,409,317,383,344,239,259,357,455,395,704,385,372,370,318,279,571,406,673,510,320,365,426,574,565,371,463,393,336,261,617,372,FALSE,FALSE,FALSE,FALSE,FALSE,FALSE,FALSE,FALSE,FALSE,FALSE,FALSE,FALSE,FALSE,FALSE,FALSE,FALSE,FALSE,FALSE,FALSE,FALSE,FALSE,FALSE,FALSE,FALSE,FALSE,FALSE,FALSE,FALSE,FALSE,FALSE,FALSE,FALSE,FALSE,FALSE,FALSE,FALSE,FALSE,FALSE,FALSE,FALSE,FALSE,1.10968,3.133464,1.874258,2.288077,2.244729,2.038581,2.014619,2.050432,2.000966,1.990739,1.919565,2.132134,2.151589,2.137479,2.215338,2.229359,2.494382,2.415858,2.817668,2.319894,2.154644,2.038401,2.135325,2.129421,2.168585,2.220964,2.265347,2.289365,2.19061,2.135281,2.331457,2.471201,2.771582,2.264681,2.202623,2.352908,2.152636,2.09482,2.227217,2.611756,2.732177,FALSE,FALSE,FALSE,FALSE,FALSE,FALSE,FALSE,FALSE,FALSE,FALSE,FALSE,FALSE,FALSE,FALSE,FALSE,FALSE,FALSE,FALSE,FALSE,FALSE,FALSE,FALSE,FALSE,FALSE,FALSE,FALSE,FALSE,FALSE,FALSE,FALSE,FALSE,FALSE,FALSE,FALSE,FALSE,FALSE,FALSE,FALSE,FALSE,FALSE,FALSE,-27.95,0,26.9,FALSE,FALSE,FALSE,1.189723,1.094403,1.197839,FALSE,FALSE,FALSE,0,0,0,FALSE,FALSE,FALSE,1.224407,FALSE,13.83,FALSE,29.5,FALSE
2025-02-13 16:10:20,118,20,95,259,422,381,219,223,243,312,395,315,391,340,252,246,332,434,443,722,406,371,369,317,276,553,397,656,492,289,344,411,596,558,404,454,410,338,257,620,400,FALSE,FALSE,FALSE,FALSE,FALSE,FALSE,FALSE,FALSE,FALSE,FALSE,FALSE,FALSE,FALSE,FALSE,FALSE,FALSE,FALSE,FALSE,FALSE,FALSE,FALSE,FALSE,FALSE,FALSE,FALSE,FALSE,FALSE,FALSE,FALSE,FALSE,FALSE,FALSE,FALSE,FALSE,FALSE,FALSE,FALSE,FALSE,FALSE,FALSE,FALSE,2.130632,5.522082,2.09671,2.47787,2.324191,2.128096,2.091607,2.103783,2.07085,2.025529,2.007077,2.186528,2.169673,2.434596,2.556913,2.490436,2.62741,2.474274,3.670849,2.737804,2.409275,2.458658,2.41239,2.508897,2.521258,2.481402,2.591582,2.473838,2.497848,2.516814,2.590797,2.754913,4.099763,2.621994,2.74898,2.376502,2.33971,2.336448,2.312893,2.610754,4.325795,FALSE,FALSE,FALSE,FALSE,FALSE,FALSE,FALSE,FALSE,FALSE,FALSE,FALSE,FALSE,FALSE,FALSE,FALSE,FALSE,FALSE,FALSE,FALSE,FALSE,FALSE,FALSE,FALSE,FALSE,FALSE,FALSE,FALSE,FALSE,FALSE,FALSE,FALSE,FALSE,FALSE,FALSE,FALSE,FALSE,FALSE,FALSE,FALSE,FALSE,FALSE,-28,0,26.925,FALSE,FALSE,FALSE,1.181783,1.089501,1.177274,FALSE,FALSE,FALSE,0,0,0,FALSE,FALSE,FALSE,1.233184,FALSE,14.83,FALSE,29.38,FALSE
2025-02-13 16:02:57,137,23,115,256,418,385,223,230,250,321,409,316,384,345,238,259,357,458,397,702,385,372,374,319,280,571,406,680,513,322,367,428,580,555,363,452,389,333,260,616,375,FALSE,FALSE,FALSE,FALSE,FALSE,FALSE,FALSE,FALSE,FALSE,FALSE,FALSE,FALSE,FALSE,FALSE,FALSE,FALSE,FALSE,FALSE,FALSE,FALSE,FALSE,FALSE,FALSE,FALSE,FALSE,FALSE,FALSE,FALSE,FALSE,FALSE,FALSE,FALSE,FALSE,FALSE,FALSE,FALSE,FALSE,FALSE,FALSE,FALSE,FALSE,1.35633,3.15953,1.812576,2.595841,2.547686,2.35419,2.302134,2.281741,2.238701,2.208655,2.065124,2.261175,2.280476,2.271654,2.337785,2.297674,2.499061,2.385722,2.768795,2.46137,2.240906,2.121773,2.24232,2.213584,2.257161,2.300787,2.293322,2.364741,2.33282,2.2522,2.404576,2.545481,2.899449,2.56582,2.579353,2.741752,2.599543,2.554195,2.730947,3.051655,3.128974,FALSE,FALSE,FALSE,FALSE,FALSE,FALSE,FALSE,FALSE,FALSE,FALSE,FALSE,FALSE,FALSE,FALSE,FALSE,FALSE,FALSE,FALSE,FALSE,FALSE,FALSE,FALSE,FALSE,FALSE,FALSE,FALSE,FALSE,FALSE,FALSE,FALSE,FALSE,FALSE,FALSE,FALSE,FALSE,FALSE,FALSE,FALSE,FALSE,FALSE,FALSE,-28.05,0,26.875,FALSE,FALSE,FALSE,1.189725,1.090273,1.18807,FALSE,FALSE,FALSE,0,0,0,FALSE,FALSE,FALSE,1.213314,FALSE,14.31,FALSE,29.62,FALSE
2025-02-13 15:59:34,120,20,96,261,422,381,218,223,241,310,389,304,374,328,236,238,329,439,529,729,406,372,368,308,269,545,380,635,485,291,343,422,715,557,378,440,409,333,254,642,504,FALSE,FALSE,FALSE,FALSE,FALSE,FALSE,FALSE,FALSE,FALSE,FALSE,FALSE,FALSE,FALSE,FALSE,FALSE,FALSE,FALSE,FALSE,FALSE,FALSE,FALSE,FALSE,FALSE,FALSE,FALSE,FALSE,FALSE,FALSE,FALSE,FALSE,FALSE,FALSE,FALSE,FALSE,FALSE,FALSE,FALSE,FALSE,FALSE,FALSE,FALSE,2.326132,5.539629,2.00491,2.860447,2.720548,2.532992,2.471814,2.46111,2.425566,2.347877,2.231743,2.411073,2.351755,2.672536,2.769917,2.620693,2.735145,2.596244,7.243538,2.922306,2.649369,2.690839,2.728216,2.787398,2.749179,2.708789,2.843947,2.653065,2.710505,2.712877,2.768221,3.136653,7.701746,3.307484,3.548922,2.840877,2.835567,2.793029,2.879329,3.666559,9.589041,FALSE,FALSE,FALSE,FALSE,FALSE,FALSE,FALSE,FALSE,FALSE,FALSE,FALSE,FALSE,FALSE,FALSE,FALSE,FALSE,FALSE,FALSE,TRUE,FALSE,FALSE,FALSE,FALSE,FALSE,FALSE,FALSE,FALSE,FALSE,FALSE,FALSE,FALSE,FALSE,TRUE,FALSE,FALSE,FALSE,FALSE,FALSE,FALSE,FALSE,TRUE,-28.05,0,26.85,FALSE,FALSE,FALSE,1.181975,1.082572,1.1674,FALSE,FALSE,FALSE,0,0,0,FALSE,FALSE,FALSE,1.219147,FALSE,13.94,FALSE,29.75,FALSE
2025-02-13 15:53:46,120,20,96,260,422,380,216,224,240,310,395,314,387,333,246,245,336,443,512,728,409,369,367,317,276,552,391,648,493,294,350,424,693,520,373,441,407,329,253,633,477,FALSE,FALSE,FALSE,FALSE,FALSE,FALSE,FALSE,FALSE,FALSE,FALSE,FALSE,FALSE,FALSE,FALSE,FALSE,FALSE,FALSE,FALSE,FALSE,FALSE,FALSE,FALSE,FALSE,FALSE,FALSE,FALSE,FALSE,FALSE,FALSE,FALSE,FALSE,FALSE,FALSE,FALSE,FALSE,FALSE,FALSE,FALSE,FALSE,FALSE,FALSE,2.512981,5.646391,2.005727,2.736022,2.606406,2.430515,2.40219,2.374527,2.375876,2.346383,2.252019,2.373162,2.29767,2.691579,2.75785,2.504754,2.599618,2.509516,5.656416,2.949548,2.598386,2.700402,2.680975,2.766543,2.75129,2.734817,2.887616,2.628867,2.644161,2.645784,2.738346,3.095696,6.218107,3.442455,3.614026,2.706919,2.724605,2.710254,2.773652,3.404562,7.437087,FALSE,FALSE,FALSE,FALSE,FALSE,FALSE,FALSE,FALSE,FALSE,FALSE,FALSE,FALSE,FALSE,FALSE,FALSE,FALSE,FALSE,FALSE,FALSE,FALSE,FALSE,FALSE,FALSE,FALSE,FALSE,FALSE,FALSE,FALSE,FALSE,FALSE,FALSE,FALSE,TRUE,FALSE,FALSE,FALSE,FALSE,FALSE,FALSE,FALSE,TRUE,-28,0,26.825,FALSE,FALSE,FALSE,1.181989,1.082901,1.169034,FALSE,FALSE,FALSE,0,0,0,FALSE,FALSE,FALSE,1.214605,FALSE,14.03,FALSE,29.62,FALSE
2025-02-13 15:48:58,120,20,96,262,423,384,215,221,239,304,388,304,378,322,235,249,337,463,660,729,401,363,360,306,269,537,375,645,493,298,355,448,877,501,351,440,419,342,262,703,647,FALSE,FALSE,FALSE,FALSE,FALSE,FALSE,FALSE,FALSE,FALSE,FALSE,FALSE,FALSE,FALSE,FALSE,FALSE,FALSE,FALSE,FALSE,FALSE,FALSE,FALSE,FALSE,FALSE,FALSE,FALSE,FALSE,FALSE,FALSE,FALSE,FALSE,FALSE,FALSE,FALSE,FALSE,FALSE,FALSE,FALSE,FALSE,FALSE,FALSE,FALSE,2.574494,5.66892,2.07127,2.933783,2.809319,2.628971,2.558417,2.535619,2.521753,2.528509,2.533882,2.628161,2.491525,3.008775,2.730865,2.874005,2.998443,3.538976,11.88725,3.042773,2.811357,2.967742,3.014605,3.050522,2.939545,2.953745,3.059512,2.804538,3.130086,3.206493,3.404964,4.519499,12.00313,4.087538,4.158419,3.086416,3.660691,3.590612,3.671848,5.634085,14.52979,FALSE,FALSE,FALSE,FALSE,FALSE,FALSE,FALSE,FALSE,FALSE,FALSE,FALSE,FALSE,FALSE,FALSE,FALSE,FALSE,FALSE,FALSE,TRUE,FALSE,FALSE,FALSE,FALSE,FALSE,FALSE,FALSE,FALSE,FALSE,FALSE,FALSE,FALSE,FALSE,TRUE,FALSE,FALSE,FALSE,FALSE,FALSE,FALSE,FALSE,TRUE,-28.05,0,26.875,FALSE,FALSE,FALSE,1.181645,1.083046,1.168435,FALSE,FALSE,FALSE,0,0,0,FALSE,FALSE,FALSE,1.214305,FALSE,14.71,FALSE,29.75,FALSE
2025-02-13 15:45:21,120,20,96,261,418,378,212,215,232,292,361,303,389,315,254,305,419,609,1058,697,384,336,334,295,267,520,379,722,587,359,441,589,1414,458,342,527,549,441,342,982,1122,FALSE,FALSE,FALSE,FALSE,FALSE,FALSE,FALSE,FALSE,FALSE,FALSE,FALSE,FALSE,FALSE,FALSE,FALSE,FALSE,FALSE,FALSE,TRUE,FALSE,FALSE,FALSE,FALSE,FALSE,FALSE,FALSE,FALSE,FALSE,FALSE,FALSE,FALSE,FALSE,FALSE,FALSE,FALSE,FALSE,FALSE,FALSE,FALSE,FALSE,TRUE,2.478804,5.534848,2.118516,2.802208,2.686887,2.480451,2.435098,2.415835,2.388586,2.353823,2.231487,2.341069,2.267892,2.399308,2.5022,2.619366,2.665467,2.632455,3.256895,2.910215,2.591559,2.663412,2.643358,2.719516,2.704597,2.701059,2.789486,2.74749,2.849486,2.839385,2.968632,3.176124,3.33704,2.7031,3.040384,2.932724,2.931372,2.921007,2.995088,3.20365,3.097206,FALSE,FALSE,FALSE,FALSE,FALSE,FALSE,FALSE,FALSE,FALSE,FALSE,FALSE,FALSE,FALSE,FALSE,FALSE,FALSE,FALSE,FALSE,FALSE,FALSE,FALSE,FALSE,FALSE,FALSE,FALSE,FALSE,FALSE,FALSE,FALSE,FALSE,FALSE,FALSE,FALSE,FALSE,FALSE,FALSE,FALSE,FALSE,FALSE,FALSE,FALSE,-28.05,0,26.85,FALSE,FALSE,FALSE,1.182578,1.083454,1.165208,FALSE,FALSE,FALSE,0,0,0,FALSE,FALSE,FALSE,1.215283,FALSE,14.49,FALSE,29.62,FALSE
2025-02-13 15:38:12,120,20,96,261,418,382,214,218,233,294,364,301,380,312,247,293,404,578,1006,686,382,340,332,295,264,517,371,694,574,344,420,559,1302,463,342,511,517,419,324,920,1053,FALSE,FALSE,FALSE,FALSE,FALSE,FALSE,FALSE,FALSE,FALSE,FALSE,FALSE,FALSE,FALSE,FALSE,FALSE,FALSE,FALSE,FALSE,TRUE,FALSE,FALSE,FALSE,FALSE,FALSE,FALSE,FALSE,FALSE,FALSE,FALSE,FALSE,FALSE,FALSE,FALSE,FALSE,FALSE,FALSE,FALSE,FALSE,FALSE,FALSE,TRUE,2.537451,5.817321,2.212931,2.907743,2.810025,2.600375,2.538297,2.512944,2.466433,2.421339,2.310473,2.460431,2.40112,2.497587,2.590925,2.702891,2.780875,2.691452,3.293129,2.832979,2.585323,2.618121,2.637928,2.678866,2.714585,2.675849,2.809417,2.730345,2.767425,2.825142,2.918324,3.034369,3.188934,2.72848,3.048184,2.909596,2.907771,2.918865,2.946064,3.109366,2.932679,FALSE,FALSE,FALSE,FALSE,FALSE,FALSE,FALSE,FALSE,FALSE,FALSE,FALSE,FALSE,FALSE,FALSE,FALSE,FALSE,FALSE,FALSE,FALSE,FALSE,FALSE,FALSE,FALSE,FALSE,FALSE,FALSE,FALSE,FALSE,FALSE,FALSE,FALSE,FALSE,FALSE,FALSE,FALSE,FALSE,FALSE,FALSE,FALSE,FALSE,FALSE,-28.05,0,26.85,FALSE,FALSE,FALSE,1.182194,1.083119,1.165028,FALSE,FALSE,FALSE,0,0,0,FALSE,FALSE,FALSE,1.214881,FALSE,15.14,FALSE,29.75,FALSE
2025-02-13 10:34:03,131,24,113,260,427,398,229,240,258,330,422,317,391,354,248,269,358,453,385,724,398,379,370,316,278,570,410,686,514,316,358,413,547,585,386,481,403,341,262,609,365,FALSE,FALSE,FALSE,FALSE,FALSE,FALSE,FALSE,FALSE,FALSE,FALSE,FALSE,FALSE,FALSE,FALSE,FALSE,FALSE,FALSE,FALSE,FALSE,FALSE,FALSE,FALSE,FALSE,FALSE,FALSE,FALSE,FALSE,FALSE,FALSE,FALSE,FALSE,FALSE,FALSE,FALSE,FALSE,FALSE,FALSE,FALSE,FALSE,FALSE,FALSE,1.356199,3.556565,2.380713,2.600649,2.546414,2.316605,2.227663,2.233875,2.185273,2.128716,2.03121,2.200782,2.257212,2.320303,2.356225,2.334473,2.520505,2.503194,2.826277,1.886597,1.734612,1.650205,1.71521,1.76318,1.845141,1.866816,1.979565,2.116327,1.958747,1.828949,1.966668,2.027858,2.306865,3.526875,3.487433,3.675358,3.222524,3.578876,3.621488,4.232079,4.368099,FALSE,FALSE,FALSE,FALSE,FALSE,FALSE,FALSE,FALSE,FALSE,FALSE,FALSE,FALSE,FALSE,FALSE,FALSE,FALSE,FALSE,FALSE,FALSE,FALSE,FALSE,FALSE,FALSE,FALSE,FALSE,FALSE,FALSE,FALSE,FALSE,FALSE,FALSE,FALSE,FALSE,FALSE,FALSE,FALSE,FALSE,FALSE,FALSE,FALSE,FALSE,-27.925,0,27.2,FALSE,FALSE,FALSE,1.183693,1.098443,1.191643,FALSE,FALSE,FALSE,0,0,0,FALSE,FALSE,FALSE,1.280556,FALSE,11.91,FALSE,25.62,FALSE
2025-02-12 10:52:27,131,23,112,262,422,393,228,234,253,325,418,317,388,353,244,265,356,449,395,711,394,371,365,312,278,559,400,665,503,309,357,415,563,550,358,441,378,329,254,610,372,FALSE,FALSE,FALSE,FALSE,FALSE,FALSE,FALSE,FALSE,FALSE,FALSE,FALSE,FALSE,FALSE,FALSE,FALSE,FALSE,FALSE,FALSE,FALSE,FALSE,FALSE,FALSE,FALSE,FALSE,FALSE,FALSE,FALSE,FALSE,FALSE,FALSE,FALSE,FALSE,FALSE,FALSE,FALSE,FALSE,FALSE,FALSE,FALSE,FALSE,FALSE,1.309534,3.714514,2.018549,2.95726,2.843346,2.641997,2.565949,2.546616,2.474168,2.40814,2.225195,2.372112,2.346178,2.427481,2.468062,2.484506,2.655111,2.576356,2.966341,2.342628,2.229576,2.114647,2.192265,2.209012,2.231786,2.29174,2.361228,2.444435,2.314439,2.255424,2.367088,2.400719,2.799397,2.678687,2.684263,2.848903,2.604065,2.496288,2.680824,2.991477,3.175473,FALSE,FALSE,FALSE,FALSE,FALSE,FALSE,FALSE,FALSE,FALSE,FALSE,FALSE,FALSE,FALSE,FALSE,FALSE,FALSE,FALSE,FALSE,FALSE,FALSE,FALSE,FALSE,FALSE,FALSE,FALSE,FALSE,FALSE,FALSE,FALSE,FALSE,FALSE,FALSE,FALSE,FALSE,FALSE,FALSE,FALSE,FALSE,FALSE,FALSE,FALSE,-27.9,0,26.95,FALSE,FALSE,FALSE,1.188089,1.106614,1.19547,FALSE,FALSE,FALSE,0,0,0,FALSE,FALSE,FALSE,1.272864,FALSE,12.32,FALSE,27.38,FALSE
2025-02-12 10:45:56,131,24,111,226,372,351,203,209,224,279,336,321,455,321,203,278,756,1276,1568,622,337,294,288,301,309,524,342,566,486,485,808,1181,2257,403,250,329,369,501,582,1877,1456,FALSE,FALSE,FALSE,FALSE,FALSE,FALSE,FALSE,FALSE,FALSE,FALSE,FALSE,FALSE,FALSE,FALSE,FALSE,FALSE,TRUE,TRUE,TRUE,FALSE,FALSE,FALSE,FALSE,FALSE,FALSE,FALSE,FALSE,FALSE,FALSE,FALSE,FALSE,TRUE,TRUE,FALSE,FALSE,FALSE,FALSE,FALSE,TRUE,TRUE,TRUE,1.29851,3.687965,2.014393,3.114135,2.964649,2.689042,2.543983,2.512949,2.449503,2.374705,2.147561,2.353295,2.40781,2.246185,2.313042,2.486058,3.166555,3.649085,4.000232,2.23298,2.108148,1.961922,2.012477,2.148968,2.313679,2.162566,2.16909,2.284209,2.228312,2.586684,3.276592,3.59953,3.932041,2.83469,2.936437,2.995413,2.957953,3.11679,3.652877,4.226177,4.231215,FALSE,FALSE,FALSE,FALSE,FALSE,FALSE,FALSE,FALSE,FALSE,FALSE,FALSE,FALSE,FALSE,FALSE,FALSE,FALSE,FALSE,FALSE,FALSE,FALSE,FALSE,FALSE,FALSE,FALSE,FALSE,FALSE,FALSE,FALSE,FALSE,FALSE,FALSE,FALSE,FALSE,FALSE,FALSE,FALSE,FALSE,FALSE,FALSE,FALSE,FALSE,-27.95,0,27.05,FALSE,FALSE,FALSE,1.185954,1.10457,1.18562,FALSE,FALSE,FALSE,0,0,0,FALSE,FALSE,FALSE,1.276465,FALSE,12.37,FALSE,26.88,FALSE
2025-02-12 10:00:24,131,24,116,231,384,362,211,216,232,287,345,328,458,323,205,282,760,1310,1608,662,353,308,299,309,314,535,353,595,495,501,829,1202,2209,440,273,360,399,551,644,2019,1556,FALSE,FALSE,FALSE,FALSE,FALSE,FALSE,FALSE,FALSE,FALSE,FALSE,FALSE,FALSE,FALSE,FALSE,FALSE,FALSE,TRUE,TRUE,TRUE,FALSE,FALSE,FALSE,FALSE,FALSE,FALSE,FALSE,FALSE,FALSE,FALSE,FALSE,FALSE,TRUE,TRUE,FALSE,FALSE,FALSE,FALSE,FALSE,TRUE,TRUE,TRUE,2.05386,3.856944,3.04833,3.145378,3.052379,2.793073,2.691953,2.659075,2.608443,2.549227,2.412686,2.615592,2.67347,2.592736,2.680934,2.826712,3.402012,3.774273,4.185776,2.09364,1.956456,1.867096,1.813299,1.952732,2.107147,1.928725,2.105353,2.188622,2.093951,2.432212,3.004605,3.362788,3.585969,7.812274,7.95668,7.964817,7.480113,7.917991,8.063298,8.726087,8.810384,FALSE,FALSE,FALSE,FALSE,FALSE,FALSE,FALSE,FALSE,FALSE,FALSE,FALSE,FALSE,FALSE,FALSE,FALSE,FALSE,FALSE,FALSE,FALSE,FALSE,FALSE,FALSE,FALSE,FALSE,FALSE,FALSE,FALSE,FALSE,FALSE,FALSE,FALSE,FALSE,FALSE,TRUE,TRUE,TRUE,TRUE,TRUE,TRUE,TRUE,TRUE,-27.825,0,27.35,FALSE,FALSE,FALSE,1.177422,1.07806,1.181959,FALSE,FALSE,FALSE,0,0,0,FALSE,FALSE,FALSE,1.270471,FALSE,12.74,FALSE,24.12,FALSE
2025-02-11 09:33:14,131,24,118,265,437,405,234,242,264,337,431,322,397,362,253,274,362,457,390,760,419,392,386,324,287,587,423,713,524,327,367,424,558,671,439,543,453,385,296,685,408,FALSE,FALSE,FALSE,FALSE,FALSE,FALSE,FALSE,FALSE,FALSE,FALSE,FALSE,FALSE,FALSE,FALSE,FALSE,FALSE,FALSE,FALSE,FALSE,FALSE,FALSE,FALSE,FALSE,FALSE,FALSE,FALSE,FALSE,FALSE,FALSE,FALSE,FALSE,FALSE,FALSE,FALSE,FALSE,FALSE,FALSE,FALSE,FALSE,FALSE,FALSE,2.606085,3.544841,3.138186,2.774908,2.706761,2.515505,2.424066,2.397324,2.371301,2.321862,2.221087,2.409973,2.453786,2.47174,2.469605,2.547048,2.747056,2.7218,2.936798,2.088041,1.988407,1.86852,1.844195,1.977459,2.022759,1.944034,2.042436,2.144857,2.004801,1.976087,2.025184,2.020857,2.185531,8.892388,9.162781,9.247969,8.945718,9.576339,9.5228,9.71438,9.877909,FALSE,FALSE,FALSE,FALSE,FALSE,FALSE,FALSE,FALSE,FALSE,FALSE,FALSE,FALSE,FALSE,FALSE,FALSE,FALSE,FALSE,FALSE,FALSE,FALSE,FALSE,FALSE,FALSE,FALSE,FALSE,FALSE,FALSE,FALSE,FALSE,FALSE,FALSE,FALSE,FALSE,TRUE,TRUE,TRUE,TRUE,TRUE,TRUE,TRUE,TRUE,-27.8,0,27.45,FALSE,FALSE,FALSE,1.177606,1.075965,1.190683,FALSE,FALSE,FALSE,0,0,0,FALSE,FALSE,FALSE,1.267461,FALSE,11.7,FALSE,23.75,FALSE
2025-02-11 09:28:35,131,24,119,265,435,406,235,243,266,339,434,328,399,358,250,271,362,460,393,771,419,392,387,328,291,588,418,696,525,323,368,430,569,643,427,531,456,397,308,723,428,FALSE,FALSE,FALSE,FALSE,FALSE,FALSE,FALSE,FALSE,FALSE,FALSE,FALSE,FALSE,FALSE,FALSE,FALSE,FALSE,FALSE,FALSE,FALSE,FALSE,FALSE,FALSE,FALSE,FALSE,FALSE,FALSE,FALSE,FALSE,FALSE,FALSE,FALSE,FALSE,FALSE,FALSE,FALSE,FALSE,FALSE,FALSE,FALSE,FALSE,FALSE,2.907388,3.618739,3.43511,2.793318,2.719493,2.503877,2.429008,2.424093,2.372244,2.340312,2.290809,2.469198,2.498043,2.548768,2.56734,2.614281,2.799541,2.765788,3.031015,2.20367,2.092256,2.005856,1.961951,2.105066,2.116874,2.044186,2.114338,2.183101,2.147121,2.10023,2.146089,2.141897,2.328961,10.78294,11.24764,11.28233,10.95748,11.79127,11.72719,11.94741,12.1193,FALSE,FALSE,FALSE,FALSE,FALSE,FALSE,FALSE,FALSE,FALSE,FALSE,FALSE,FALSE,FALSE,FALSE,FALSE,FALSE,FALSE,FALSE,FALSE,FALSE,FALSE,FALSE,FALSE,FALSE,FALSE,FALSE,FALSE,FALSE,FALSE,FALSE,FALSE,FALSE,FALSE,TRUE,TRUE,TRUE,TRUE,TRUE,TRUE,TRUE,TRUE,-27.8,0,27.525,FALSE,FALSE,FALSE,1.175291,1.069216,1.190808,FALSE,FALSE,FALSE,0,0,0,FALSE,FALSE,FALSE,1.260087,FALSE,11.03,FALSE,23.5,FALSE
2025-02-11 09:25:35,131,24,118,262,427,396,228,230,250,309,375,327,430,325,212,279,599,901,1036,698,375,325,317,307,296,528,355,587,487,434,613,822,1440,474,308,387,423,519,530,1544,1137,FALSE,FALSE,FALSE,FALSE,FALSE,FALSE,FALSE,FALSE,FALSE,FALSE,FALSE,FALSE,FALSE,FALSE,FALSE,FALSE,FALSE,TRUE,TRUE,FALSE,FALSE,FALSE,FALSE,FALSE,FALSE,FALSE,FALSE,FALSE,FALSE,FALSE,FALSE,FALSE,FALSE,FALSE,FALSE,FALSE,FALSE,FALSE,FALSE,TRUE,TRUE,2.040427,3.565961,2.873067,4.341854,3.971019,3.556653,3.222378,3.084752,3.074494,3.04754,3.234906,2.571926,2.602252,2.659991,2.765396,2.726952,5.587019,7.708973,9.306195,2.14986,2.022449,1.909787,2.084602,1.756193,1.96407,1.714047,1.789457,1.868508,1.887294,3.78789,6.36154,7.858527,9.102793,9.59079,9.783762,9.731962,9.346943,10.92612,12.24449,13.51953,14.26391,FALSE,FALSE,FALSE,FALSE,FALSE,FALSE,FALSE,FALSE,FALSE,FALSE,FALSE,FALSE,FALSE,FALSE,FALSE,FALSE,FALSE,TRUE,TRUE,FALSE,FALSE,FALSE,FALSE,FALSE,FALSE,FALSE,FALSE,FALSE,FALSE,FALSE,TRUE,TRUE,TRUE,TRUE,TRUE,TRUE,TRUE,TRUE,TRUE,TRUE,TRUE,-27.8,0,27.55,FALSE,FALSE,FALSE,1.174696,1.064162,1.183568,FALSE,FALSE,FALSE,0,0,0,FALSE,FALSE,FALSE,1.259022,FALSE,10.32,FALSE,23.12,FALSE
2025-02-10 10:23:26,131,24,120,267,435,406,237,246,267,343,433,328,401,360,253,274,364,461,390,769,419,396,390,332,290,593,426,718,537,330,371,429,567,735,493,616,518,445,343,795,475,FALSE,FALSE,FALSE,FALSE,FALSE,FALSE,FALSE,FALSE,FALSE,FALSE,FALSE,FALSE,FALSE,FALSE,FALSE,FALSE,FALSE,FALSE,FALSE,FALSE,FALSE,FALSE,FALSE,FALSE,FALSE,FALSE,FALSE,FALSE,FALSE,FALSE,FALSE,FALSE,FALSE,FALSE,FALSE,FALSE,FALSE,FALSE,FALSE,FALSE,FALSE,3.979816,3.47775,3.991291,2.508242,2.46203,2.261343,2.182262,2.193928,2.156741,2.130654,2.146371,2.36286,2.428638,2.450691,2.431398,2.546836,2.731187,2.739656,2.968852,2.60962,2.476484,2.381181,2.356292,2.484758,2.524409,2.425028,2.462142,2.529522,2.400657,2.314095,2.373774,2.276612,2.418797,13.89881,14.34663,14.31642,14.08106,14.98939,14.83875,14.95572,15.24936,FALSE,FALSE,FALSE,FALSE,FALSE,FALSE,FALSE,FALSE,FALSE,FALSE,FALSE,FALSE,FALSE,FALSE,FALSE,FALSE,FALSE,FALSE,FALSE,FALSE,FALSE,FALSE,FALSE,FALSE,FALSE,FALSE,FALSE,FALSE,FALSE,FALSE,FALSE,FALSE,FALSE,TRUE,TRUE,TRUE,TRUE,TRUE,TRUE,TRUE,TRUE,-27.825,0,27.525,FALSE,FALSE,FALSE,1.173529,1.068687,1.194136,FALSE,FALSE,FALSE,0,0,0,FALSE,FALSE,FALSE,1.259505,FALSE,10.98,FALSE,23.25,FALSE
2025-02-07 15:56:00,131,23,115,258,420,390,227,234,254,324,417,323,394,351,244,265,355,455,392,714,393,372,372,323,283,578,411,682,514,320,365,422,567,543,361,450,383,328,255,599,360,FALSE,FALSE,FALSE,FALSE,FALSE,FALSE,FALSE,FALSE,FALSE,FALSE,FALSE,FALSE,FALSE,FALSE,FALSE,FALSE,FALSE,FALSE,FALSE,FALSE,FALSE,FALSE,FALSE,FALSE,FALSE,FALSE,FALSE,FALSE,FALSE,FALSE,FALSE,FALSE,FALSE,FALSE,FALSE,FALSE,FALSE,FALSE,FALSE,FALSE,FALSE,0.8304453,2.308456,1.368747,1.604814,1.603775,1.463074,1.422011,1.449179,1.442049,1.394856,1.337966,1.554126,1.613974,1.538233,1.570721,1.551739,1.680346,1.698209,2.113892,1.810519,1.653615,1.497104,1.612859,1.658009,1.720928,1.796205,1.822247,1.930926,1.827172,1.667663,1.763276,1.924027,2.191048,2.010853,1.750312,1.913731,1.661208,1.484424,1.701518,2.152177,2.323843,FALSE,FALSE,FALSE,FALSE,FALSE,FALSE,FALSE,FALSE,FALSE,FALSE,FALSE,FALSE,FALSE,FALSE,FALSE,FALSE,FALSE,FALSE,FALSE,FALSE,FALSE,FALSE,FALSE,FALSE,FALSE,FALSE,FALSE,FALSE,FALSE,FALSE,FALSE,FALSE,FALSE,FALSE,FALSE,FALSE,FALSE,FALSE,FALSE,FALSE,FALSE,-27.925,0,26.8,FALSE,FALSE,FALSE,1.191062,1.075852,1.18197,FALSE,FALSE,FALSE,0,0,0,FALSE,FALSE,FALSE,1.181358,FALSE,9.69,FALSE,30.75,FALSE
2025-02-07 14:50:21,131,23,115,258,420,390,227,234,254,324,417,323,394,351,244,265,355,455,392,714,393,372,372,323,283,578,411,682,514,320,365,422,567,543,361,450,383,328,255,599,360,FALSE,FALSE,FALSE,FALSE,FALSE,FALSE,FALSE,FALSE,FALSE,FALSE,FALSE,FALSE,FALSE,FALSE,FALSE,FALSE,FALSE,FALSE,FALSE,FALSE,FALSE,FALSE,FALSE,FALSE,FALSE,FALSE,FALSE,FALSE,FALSE,FALSE,FALSE,FALSE,FALSE,FALSE,FALSE,FALSE,FALSE,FALSE,FALSE,FALSE,FALSE,0.9646235,2.443381,1.499435,1.777663,1.798263,1.612967,1.58287,1.616101,1.608244,1.566878,1.519731,1.708245,1.776496,1.726875,1.758523,1.786093,1.943398,1.904207,2.264306,2.04605,1.859799,1.728134,1.850778,1.847476,1.909847,1.976793,2.002269,2.084506,1.987345,1.885193,1.970633,2.079262,2.319031,1.88627,1.758887,1.919611,1.707723,1.588101,1.802382,2.192208,2.337244,FALSE,FALSE,FALSE,FALSE,FALSE,FALSE,FALSE,FALSE,FALSE,FALSE,FALSE,FALSE,FALSE,FALSE,FALSE,FALSE,FALSE,FALSE,FALSE,FALSE,FALSE,FALSE,FALSE,FALSE,FALSE,FALSE,FALSE,FALSE,FALSE,FALSE,FALSE,FALSE,FALSE,FALSE,FALSE,FALSE,FALSE,FALSE,FALSE,FALSE,FALSE,-28,0,26.875,FALSE,FALSE,FALSE,1.190441,1.077636,1.181791,FALSE,FALSE,FALSE,0,0,0,FALSE,FALSE,FALSE,1.184955,FALSE,10.19,FALSE,30.5,FALSE
2025-02-07 13:24:03,131,24,111,261,430,399,231,239,262,333,429,326,398,361,250,270,360,457,387,715,392,370,369,316,276,564,404,671,503,313,354,407,534,563,362,456,383,330,253,590,353,FALSE,FALSE,FALSE,FALSE,FALSE,FALSE,FALSE,FALSE,FALSE,FALSE,FALSE,FALSE,FALSE,FALSE,FALSE,FALSE,FALSE,FALSE,FALSE,FALSE,FALSE,FALSE,FALSE,FALSE,FALSE,FALSE,FALSE,FALSE,FALSE,FALSE,FALSE,FALSE,FALSE,FALSE,FALSE,FALSE,FALSE,FALSE,FALSE,FALSE,FALSE,1.060987,2.471572,1.466843,1.741613,1.764649,1.586417,1.534122,1.552219,1.556318,1.524715,1.465843,1.685123,1.733019,1.684001,1.672879,1.724612,1.877538,1.890674,2.159422,1.960547,1.815909,1.687936,1.762817,1.785652,1.848848,1.79149,1.843873,1.921174,1.895886,1.710288,1.80541,1.934707,2.141998,1.876941,1.800031,2.030814,1.76896,1.791695,2.012854,2.474968,2.510532,FALSE,FALSE,FALSE,FALSE,FALSE,FALSE,FALSE,FALSE,FALSE,FALSE,FALSE,FALSE,FALSE,FALSE,FALSE,FALSE,FALSE,FALSE,FALSE,FALSE,FALSE,FALSE,FALSE,FALSE,FALSE,FALSE,FALSE,FALSE,FALSE,FALSE,FALSE,FALSE,FALSE,FALSE,FALSE,FALSE,FALSE,FALSE,FALSE,FALSE,FALSE,-27.75,0,27.3,FALSE,FALSE,FALSE,1.190428,1.0944,1.185588,FALSE,FALSE,FALSE,0,0,0,FALSE,FALSE,FALSE,1.221344,FALSE,11.1,FALSE,29.25,FALSE
2025-02-07 13:13:21,131,24,111,261,430,399,231,239,262,333,429,326,398,361,250,270,360,457,387,715,392,370,369,316,276,564,404,671,503,313,354,407,534,563,362,456,383,330,253,590,353,FALSE,FALSE,FALSE,FALSE,FALSE,FALSE,FALSE,FALSE,FALSE,FALSE,FALSE,FALSE,FALSE,FALSE,FALSE,FALSE,FALSE,FALSE,FALSE,FALSE,FALSE,FALSE,FALSE,FALSE,FALSE,FALSE,FALSE,FALSE,FALSE,FALSE,FALSE,FALSE,FALSE,FALSE,FALSE,FALSE,FALSE,FALSE,FALSE,FALSE,FALSE,1.090596,2.640106,1.517012,2.02393,1.988062,1.831425,1.747107,1.760061,1.741986,1.701902,1.621413,1.791105,1.857523,1.851469,1.825892,1.874678,2.023705,2.047449,2.31196,2.017535,1.869374,1.723754,1.822964,1.829165,1.894206,1.877053,1.881641,2.017195,1.929667,1.774638,1.876754,2.025644,2.230407,2.864969,2.938927,3.002901,3.122994,3.080949,3.04808,3.082985,3.105951,FALSE,FALSE,FALSE,FALSE,FALSE,FALSE,FALSE,FALSE,FALSE,FALSE,FALSE,FALSE,FALSE,FALSE,FALSE,FALSE,FALSE,FALSE,FALSE,FALSE,FALSE,FALSE,FALSE,FALSE,FALSE,FALSE,FALSE,FALSE,FALSE,FALSE,FALSE,FALSE,FALSE,FALSE,FALSE,FALSE,FALSE,FALSE,FALSE,FALSE,FALSE,-27.75,0,27.3,FALSE,FALSE,FALSE,1.1907,1.098287,1.196496,FALSE,FALSE,FALSE,0,0,0,FALSE,FALSE,FALSE,1.231882,FALSE,12.28,FALSE,28.88,FALSE
2025-02-07 12:29:37,131,24,111,261,430,399,231,239,262,333,429,326,398,361,250,270,360,457,387,715,392,370,369,316,276,564,404,671,503,313,354,407,534,563,362,456,383,330,253,590,353,FALSE,FALSE,FALSE,FALSE,FALSE,FALSE,FALSE,FALSE,FALSE,FALSE,FALSE,FALSE,FALSE,FALSE,FALSE,FALSE,FALSE,FALSE,FALSE,FALSE,FALSE,FALSE,FALSE,FALSE,FALSE,FALSE,FALSE,FALSE,FALSE,FALSE,FALSE,FALSE,FALSE,FALSE,FALSE,FALSE,FALSE,FALSE,FALSE,FALSE,FALSE,0.8512611,2.871709,2.06051,2.092073,2.074305,1.895835,1.843562,1.85401,1.821779,1.784097,1.746736,1.943867,1.980343,1.970615,1.95767,2.027239,2.145778,2.154866,2.409261,1.697056,1.591663,1.445748,1.486049,1.559601,1.640091,1.641957,1.670582,1.859571,1.736706,1.597563,1.67818,1.827684,1.980387,2.208931,2.080077,2.318155,2.003476,1.97609,2.211213,2.694598,2.798041,FALSE,FALSE,FALSE,FALSE,FALSE,FALSE,FALSE,FALSE,FALSE,FALSE,FALSE,FALSE,FALSE,FALSE,FALSE,FALSE,FALSE,FALSE,FALSE,FALSE,FALSE,FALSE,FALSE,FALSE,FALSE,FALSE,FALSE,FALSE,FALSE,FALSE,FALSE,FALSE,FALSE,FALSE,FALSE,FALSE,FALSE,FALSE,FALSE,FALSE,FALSE,-27.45,0,27.4,FALSE,FALSE,FALSE,1.18651,1.104538,1.198295,FALSE,FALSE,FALSE,0,0,0,FALSE,FALSE,FALSE,1.27883,FALSE,12.64,FALSE,26,FALSE
2025-02-07 11:13:08,131,24,111,262,429,404,233,239,260,333,419,322,391,345,237,260,351,457,408,704,386,363,359,309,268,542,383,646,477,302,347,407,558,505,331,416,361,319,251,604,376,FALSE,FALSE,FALSE,FALSE,FALSE,FALSE,FALSE,FALSE,FALSE,FALSE,FALSE,FALSE,FALSE,FALSE,FALSE,FALSE,FALSE,FALSE,FALSE,FALSE,FALSE,FALSE,FALSE,FALSE,FALSE,FALSE,FALSE,FALSE,FALSE,FALSE,FALSE,FALSE,FALSE,FALSE,FALSE,FALSE,FALSE,FALSE,FALSE,FALSE,FALSE,0.613211,2.928903,2.091641,1.983922,1.940242,1.761145,1.73185,1.775092,1.740795,1.693949,1.647249,1.886623,1.920193,1.928157,1.910123,1.991836,2.147081,2.164857,2.467683,1.754861,1.568598,1.425381,1.471949,1.5343,1.636835,1.648548,1.726713,1.90129,1.780362,1.62122,1.770857,1.899822,2.131006,2.392642,2.343562,2.518608,2.1466,2.187867,2.438345,2.954506,3.029164,FALSE,FALSE,FALSE,FALSE,FALSE,FALSE,FALSE,FALSE,FALSE,FALSE,FALSE,FALSE,FALSE,FALSE,FALSE,FALSE,FALSE,FALSE,FALSE,FALSE,FALSE,FALSE,FALSE,FALSE,FALSE,FALSE,FALSE,FALSE,FALSE,FALSE,FALSE,FALSE,FALSE,FALSE,FALSE,FALSE,FALSE,FALSE,FALSE,FALSE,FALSE,-27.475,0,27.5,FALSE,FALSE,FALSE,1.183187,1.102074,1.196641,FALSE,FALSE,FALSE,0,0,0,FALSE,FALSE,FALSE,1.284544,FALSE,11.24,FALSE,25.5,FALSE
2025-02-06 19:24:22,131,24,109,262,426,398,230,237,259,331,420,322,392,345,244,261,349,453,392,701,385,364,358,305,268,537,387,641,481,297,339,396,532,504,337,411,357,307,243,578,351,FALSE,FALSE,FALSE,FALSE,FALSE,FALSE,FALSE,FALSE,FALSE,FALSE,FALSE,FALSE,FALSE,FALSE,FALSE,FALSE,FALSE,FALSE,FALSE,FALSE,FALSE,FALSE,FALSE,FALSE,FALSE,FALSE,FALSE,FALSE,FALSE,FALSE,FALSE,FALSE,FALSE,FALSE,FALSE,FALSE,FALSE,FALSE,FALSE,FALSE,FALSE,0.7667097,2.529838,1.752271,2.259724,2.193746,2.084026,1.965157,1.931331,1.929903,1.888085,1.862561,1.995783,2.059214,2.054231,2.043678,2.097307,2.221837,2.316451,2.548534,1.540223,1.364901,1.193689,1.286423,1.399865,1.537154,1.685208,1.774683,1.946446,1.824359,1.678545,1.796873,1.965077,2.218868,1.991584,1.884139,2.098455,1.856097,1.606712,2.007248,2.41665,2.550905,FALSE,FALSE,FALSE,FALSE,FALSE,FALSE,FALSE,FALSE,FALSE,FALSE,FALSE,FALSE,FALSE,FALSE,FALSE,FALSE,FALSE,FALSE,FALSE,FALSE,FALSE,FALSE,FALSE,FALSE,FALSE,FALSE,FALSE,FALSE,FALSE,FALSE,FALSE,FALSE,FALSE,FALSE,FALSE,FALSE,FALSE,FALSE,FALSE,FALSE,FALSE,-27.45,0,27.325,FALSE,FALSE,FALSE,1.187239,1.103539,1.202189,FALSE,FALSE,FALSE,0,0,0,FALSE,FALSE,FALSE,1.287958,FALSE,11.78,FALSE,24.38,FALSE
2025-02-06 19:18:26,131,24,109,262,426,398,230,237,259,331,420,322,392,345,244,261,349,453,392,701,385,364,358,305,268,537,387,641,481,297,339,396,532,504,337,411,357,307,243,578,351,FALSE,FALSE,FALSE,FALSE,FALSE,FALSE,FALSE,FALSE,FALSE,FALSE,FALSE,FALSE,FALSE,FALSE,FALSE,FALSE,FALSE,FALSE,FALSE,FALSE,FALSE,FALSE,FALSE,FALSE,FALSE,FALSE,FALSE,FALSE,FALSE,FALSE,FALSE,FALSE,FALSE,FALSE,FALSE,FALSE,FALSE,FALSE,FALSE,FALSE,FALSE,0.7284304,2.900723,1.929646,2.536807,2.406885,2.25209,2.190761,2.169746,2.156434,2.117742,2.019403,2.152308,2.174025,2.155142,2.156143,2.236344,2.357503,2.345779,2.584187,1.537699,1.357715,1.211025,1.300561,1.401631,1.537402,1.723338,1.794718,1.993372,1.865358,1.700947,1.809059,1.922047,2.194633,2.086256,1.940789,2.147848,1.935725,1.630672,2.008928,2.378613,2.512921,FALSE,FALSE,FALSE,FALSE,FALSE,FALSE,FALSE,FALSE,FALSE,FALSE,FALSE,FALSE,FALSE,FALSE,FALSE,FALSE,FALSE,FALSE,FALSE,FALSE,FALSE,FALSE,FALSE,FALSE,FALSE,FALSE,FALSE,FALSE,FALSE,FALSE,FALSE,FALSE,FALSE,FALSE,FALSE,FALSE,FALSE,FALSE,FALSE,FALSE,FALSE,-28.1,0,27.325,FALSE,FALSE,FALSE,1.188512,1.104572,1.202544,FALSE,FALSE,FALSE,0,0,0,FALSE,FALSE,FALSE,1.288266,FALSE,11.71,FALSE,24,FALSE
2025-02-06 12:59:14,131,32,105,272,433,366,226,255,254,333,432,357,392,343,274,295,377,437,396,801,432,379,367,310,275,570,408,690,511,313,354,407,536,649,410,515,424,348,267,609,370,FALSE,FALSE,FALSE,FALSE,FALSE,FALSE,FALSE,FALSE,FALSE,FALSE,FALSE,FALSE,FALSE,FALSE,FALSE,FALSE,FALSE,FALSE,FALSE,FALSE,FALSE,FALSE,FALSE,FALSE,FALSE,FALSE,FALSE,FALSE,FALSE,FALSE,FALSE,FALSE,FALSE,FALSE,FALSE,FALSE,FALSE,FALSE,FALSE,FALSE,FALSE,1.489111,4.211167,1.88847,2.691674,2.483907,2.26345,2.278438,2.288199,2.138929,2.169744,2.117912,2.350592,2.270375,2.232644,2.357445,2.503458,2.550848,2.429356,2.806017,3.81753,3.717016,3.614508,3.628429,3.51556,3.41775,3.356697,3.344862,3.391962,3.419854,3.251899,3.245117,3.339845,3.535943,3.095008,2.978948,3.12632,3.137063,3.064988,3.074712,3.332665,3.333609,FALSE,FALSE,FALSE,FALSE,FALSE,FALSE,FALSE,FALSE,FALSE,FALSE,FALSE,FALSE,FALSE,FALSE,FALSE,FALSE,FALSE,FALSE,FALSE,FALSE,FALSE,FALSE,FALSE,FALSE,FALSE,FALSE,FALSE,FALSE,FALSE,FALSE,FALSE,FALSE,FALSE,FALSE,FALSE,FALSE,FALSE,FALSE,FALSE,FALSE,FALSE,-27.425,0,26.975,FALSE,FALSE,FALSE,1.188166,1.128986,1.206306,FALSE,FALSE,FALSE,0,0,0,FALSE,FALSE,FALSE,1.293046,FALSE,13.17,FALSE,29.75,FALSE
2025-02-06 10:09:55,131,31,105,274,435,372,227,255,254,334,430,350,385,329,267,289,369,433,409,793,424,372,360,303,265,549,387,642,487,301,343,402,545,588,378,471,399,336,263,609,383,FALSE,FALSE,FALSE,FALSE,FALSE,FALSE,FALSE,FALSE,FALSE,FALSE,FALSE,FALSE,FALSE,FALSE,FALSE,FALSE,FALSE,FALSE,FALSE,FALSE,FALSE,FALSE,FALSE,FALSE,FALSE,FALSE,FALSE,FALSE,FALSE,FALSE,FALSE,FALSE,FALSE,FALSE,FALSE,FALSE,FALSE,FALSE,FALSE,FALSE,FALSE,5.934235,3.726255,1.680617,2.590185,2.454797,2.202068,2.168489,2.174632,2.030465,2.01681,2.005624,2.24775,2.203968,2.13099,2.236854,2.364971,2.44059,2.425035,2.881469,3.189564,2.982504,2.902482,2.908677,2.888067,2.802491,2.754441,2.722725,2.868392,2.802499,2.640198,2.676026,2.837103,3.104615,2.642493,2.546126,2.70141,2.549226,2.469305,2.488497,2.747768,2.972954,FALSE,FALSE,FALSE,FALSE,FALSE,FALSE,FALSE,FALSE,FALSE,FALSE,FALSE,FALSE,FALSE,FALSE,FALSE,FALSE,FALSE,FALSE,FALSE,FALSE,FALSE,FALSE,FALSE,FALSE,FALSE,FALSE,FALSE,FALSE,FALSE,FALSE,FALSE,FALSE,FALSE,FALSE,FALSE,FALSE,FALSE,FALSE,FALSE,FALSE,FALSE,-27.475,0,27.025,FALSE,FALSE,FALSE,1.183169,1.130164,1.203372,FALSE,FALSE,FALSE,0,0,0,FALSE,FALSE,FALSE,1.292882,FALSE,9.65,FALSE,27.25,FALSE
2025-02-05 09:39:31,131,32,105,282,445,383,235,266,265,348,447,364,399,347,281,303,387,449,406,796,429,377,363,306,267,556,398,669,501,307,347,402,530,626,402,503,415,345,268,606,370,FALSE,FALSE,FALSE,FALSE,FALSE,FALSE,FALSE,FALSE,FALSE,FALSE,FALSE,FALSE,FALSE,FALSE,FALSE,FALSE,FALSE,FALSE,FALSE,FALSE,FALSE,FALSE,FALSE,FALSE,FALSE,FALSE,FALSE,FALSE,FALSE,FALSE,FALSE,FALSE,FALSE,FALSE,FALSE,FALSE,FALSE,FALSE,FALSE,FALSE,FALSE,5.94156,3.996826,1.763727,2.62899,2.455437,2.249508,2.203604,2.201622,2.05793,2.079479,1.990177,2.201513,2.134784,2.120618,2.244397,2.428322,2.485923,2.429916,2.770678,3.154989,2.918707,2.84953,2.848058,2.774368,2.69567,2.695016,2.681013,2.775789,2.760768,2.590928,2.622949,2.715079,2.925846,2.479745,2.402099,2.542619,2.448074,2.390899,2.344463,2.620277,2.690347,FALSE,FALSE,FALSE,FALSE,FALSE,FALSE,FALSE,FALSE,FALSE,FALSE,FALSE,FALSE,FALSE,FALSE,FALSE,FALSE,FALSE,FALSE,FALSE,FALSE,FALSE,FALSE,FALSE,FALSE,FALSE,FALSE,FALSE,FALSE,FALSE,FALSE,FALSE,FALSE,FALSE,FALSE,FALSE,FALSE,FALSE,FALSE,FALSE,FALSE,FALSE,-27.5,0,27,FALSE,FALSE,FALSE,1.183962,1.129659,1.205549,FALSE,FALSE,FALSE,0,0,0,FALSE,FALSE,FALSE,1.291349,FALSE,11.01,FALSE,27.38,FALSE
2025-02-04 09:27:38,131,32,105,282,445,383,235,266,265,348,447,364,399,347,281,303,387,449,406,796,429,377,363,306,267,556,398,669,501,307,347,402,530,626,402,503,415,345,268,606,370,FALSE,FALSE,FALSE,FALSE,FALSE,FALSE,FALSE,FALSE,FALSE,FALSE,FALSE,FALSE,FALSE,FALSE,FALSE,FALSE,FALSE,FALSE,FALSE,FALSE,FALSE,FALSE,FALSE,FALSE,FALSE,FALSE,FALSE,FALSE,FALSE,FALSE,FALSE,FALSE,FALSE,FALSE,FALSE,FALSE,FALSE,FALSE,FALSE,FALSE,FALSE,5.434701,3.928217,1.941173,2.632353,2.436628,2.195235,2.186139,2.18527,2.055677,2.05075,1.983568,2.209765,2.159518,2.13929,2.280819,2.443992,2.499825,2.435593,2.809442,2.564893,2.321713,2.201509,2.274269,2.304313,2.29354,2.324636,2.323109,2.407749,2.374002,2.234531,2.262671,2.35952,2.597974,2.233925,2.156989,2.266619,2.146661,2.10669,1.998084,2.273262,2.321446,FALSE,FALSE,FALSE,FALSE,FALSE,FALSE,FALSE,FALSE,FALSE,FALSE,FALSE,FALSE,FALSE,FALSE,FALSE,FALSE,FALSE,FALSE,FALSE,FALSE,FALSE,FALSE,FALSE,FALSE,FALSE,FALSE,FALSE,FALSE,FALSE,FALSE,FALSE,FALSE,FALSE,FALSE,FALSE,FALSE,FALSE,FALSE,FALSE,FALSE,FALSE,-27.425,0,27.075,FALSE,FALSE,FALSE,1.178453,1.129626,1.204575,FALSE,FALSE,FALSE,0,0,0,FALSE,FALSE,FALSE,1.291577,FALSE,11.36,FALSE,26,FALSE
2025-02-03 09:45:31,131,32,105,282,445,383,235,266,265,348,447,364,399,347,281,303,387,449,406,796,429,377,363,306,267,556,398,669,501,307,347,402,530,626,402,503,415,345,268,606,370,FALSE,FALSE,FALSE,FALSE,FALSE,FALSE,FALSE,FALSE,FALSE,FALSE,FALSE,FALSE,FALSE,FALSE,FALSE,FALSE,FALSE,FALSE,FALSE,FALSE,FALSE,FALSE,FALSE,FALSE,FALSE,FALSE,FALSE,FALSE,FALSE,FALSE,FALSE,FALSE,FALSE,FALSE,FALSE,FALSE,FALSE,FALSE,FALSE,FALSE,FALSE,6.528875,4.012456,1.733861,2.783298,2.617789,2.381722,2.332236,2.294168,2.186199,2.161617,2.039114,2.268967,2.169822,2.161901,2.313365,2.470353,2.515116,2.434027,2.836992,3.75707,3.593326,3.521058,3.489275,3.369451,3.277017,3.22186,3.204348,3.318827,3.297587,3.091058,3.121024,3.203326,3.390216,2.640791,2.569789,2.755682,2.613197,2.567677,2.539724,2.825059,2.861311,TRUE,FALSE,FALSE,FALSE,FALSE,FALSE,FALSE,FALSE,FALSE,FALSE,FALSE,FALSE,FALSE,FALSE,FALSE,FALSE,FALSE,FALSE,FALSE,FALSE,FALSE,FALSE,FALSE,FALSE,FALSE,FALSE,FALSE,FALSE,FALSE,FALSE,FALSE,FALSE,FALSE,FALSE,FALSE,FALSE,FALSE,FALSE,FALSE,FALSE,FALSE,-27.55,0,27.15,FALSE,FALSE,FALSE,1.183102,1.128313,1.202636,FALSE,FALSE,FALSE,0,0,0,FALSE,FALSE,FALSE,1.28866,FALSE,11.43,FALSE,28,FALSE
2025-02-03 09:31:42,131,32,105,282,445,383,235,266,265,348,447,364,399,347,281,303,387,449,406,796,429,377,363,306,267,556,398,669,501,307,347,402,530,626,402,503,415,345,268,606,370,FALSE,FALSE,FALSE,FALSE,FALSE,FALSE,FALSE,FALSE,FALSE,FALSE,FALSE,FALSE,FALSE,FALSE,FALSE,FALSE,FALSE,FALSE,FALSE,FALSE,FALSE,FALSE,FALSE,FALSE,FALSE,FALSE,FALSE,FALSE,FALSE,FALSE,FALSE,FALSE,FALSE,FALSE,FALSE,FALSE,FALSE,FALSE,FALSE,FALSE,FALSE,6.865848,3.927248,1.733667,2.714057,2.538547,2.297298,2.236346,2.214074,2.071183,2.053145,2.00047,2.201649,2.129038,2.076582,2.214942,2.379619,2.494639,2.41535,2.816398,3.559701,3.389516,3.266824,3.344152,3.229734,3.169298,3.073504,3.063084,3.171363,3.134506,2.962774,2.997974,3.106094,3.312757,2.502184,2.446291,2.600169,2.513033,2.443296,2.428552,2.695324,2.714673,TRUE,FALSE,FALSE,FALSE,FALSE,FALSE,FALSE,FALSE,FALSE,FALSE,FALSE,FALSE,FALSE,FALSE,FALSE,FALSE,FALSE,FALSE,FALSE,FALSE,FALSE,FALSE,FALSE,FALSE,FALSE,FALSE,FALSE,FALSE,FALSE,FALSE,FALSE,FALSE,FALSE,FALSE,FALSE,FALSE,FALSE,FALSE,FALSE,FALSE,FALSE,-27.45,0,27.025,FALSE,FALSE,FALSE,1.183175,1.129339,1.204556,FALSE,FALSE,FALSE,0,0,0,FALSE,FALSE,FALSE,1.290482,FALSE,11.58,FALSE,27.38,FALSE
2025-02-03 08:52:30,131,32,105,282,445,383,235,266,265,348,447,364,399,347,281,303,387,449,406,796,429,377,363,306,267,556,398,669,501,307,347,402,530,626,402,503,415,345,268,606,370,FALSE,FALSE,FALSE,FALSE,FALSE,FALSE,FALSE,FALSE,FALSE,FALSE,FALSE,FALSE,FALSE,FALSE,FALSE,FALSE,FALSE,FALSE,FALSE,FALSE,FALSE,FALSE,FALSE,FALSE,FALSE,FALSE,FALSE,FALSE,FALSE,FALSE,FALSE,FALSE,FALSE,FALSE,FALSE,FALSE,FALSE,FALSE,FALSE,FALSE,FALSE,6.712951,4.623783,2.23609,2.885798,2.661016,2.37594,2.366716,2.365788,2.206608,2.207847,2.116374,2.40495,2.315372,2.253534,2.411626,2.61817,2.701231,2.60595,3.04509,2.81631,2.636582,2.489778,2.588967,2.628518,2.609672,2.631865,2.672153,2.754646,2.724008,2.555846,2.584878,2.668699,2.905172,2.519988,2.473744,2.598547,2.457885,2.403398,2.246511,2.483528,2.432424,TRUE,FALSE,FALSE,FALSE,FALSE,FALSE,FALSE,FALSE,FALSE,FALSE,FALSE,FALSE,FALSE,FALSE,FALSE,FALSE,FALSE,FALSE,FALSE,FALSE,FALSE,FALSE,FALSE,FALSE,FALSE,FALSE,FALSE,FALSE,FALSE,FALSE,FALSE,FALSE,FALSE,FALSE,FALSE,FALSE,FALSE,FALSE,FALSE,FALSE,FALSE,-27.425,0,27.125,FALSE,FALSE,FALSE,1.175803,1.129503,1.202585,FALSE,FALSE,FALSE,0,0,0,FALSE,FALSE,FALSE,1.289667,FALSE,15.06,FALSE,25.38,FALSE
2025-01-31 16:56:37,131,32,104,279,441,377,229,260,258,337,433,360,396,342,270,296,383,443,422,785,421,376,362,305,268,549,393,652,496,308,350,411,562,596,381,481,410,347,269,629,393,FALSE,FALSE,FALSE,FALSE,FALSE,FALSE,FALSE,FALSE,FALSE,FALSE,FALSE,FALSE,FALSE,FALSE,FALSE,FALSE,FALSE,FALSE,FALSE,FALSE,FALSE,FALSE,FALSE,FALSE,FALSE,FALSE,FALSE,FALSE,FALSE,FALSE,FALSE,FALSE,FALSE,FALSE,FALSE,FALSE,FALSE,FALSE,FALSE,FALSE,FALSE,6.186068,3.76166,1.667003,2.63476,2.481692,2.272559,2.252882,2.245582,2.175187,2.191081,2.285174,2.582936,2.500507,2.5278,2.786316,2.666144,2.58567,2.746318,4.088089,3.295871,3.235052,3.23953,3.290355,3.200031,3.055493,3.052425,3.115347,3.181855,3.111094,2.718588,2.733998,3.165465,4.380142,3.00007,3.207193,3.176053,2.637489,2.48322,2.884325,3.775256,4.955678,TRUE,FALSE,FALSE,FALSE,FALSE,FALSE,FALSE,FALSE,FALSE,FALSE,FALSE,FALSE,FALSE,FALSE,FALSE,FALSE,FALSE,FALSE,FALSE,FALSE,FALSE,FALSE,FALSE,FALSE,FALSE,FALSE,FALSE,FALSE,FALSE,FALSE,FALSE,FALSE,FALSE,FALSE,FALSE,FALSE,FALSE,FALSE,FALSE,FALSE,FALSE,-27.375,0,26.95,FALSE,FALSE,FALSE,1.185612,1.129538,1.20576,FALSE,FALSE,FALSE,0,0,0,FALSE,FALSE,FALSE,1.293068,FALSE,11.14,FALSE,28.12,FALSE
2025-01-31 10:28:29,131,32,104,279,441,377,229,260,258,337,433,360,396,342,270,296,383,443,422,785,421,376,362,305,268,549,393,652,496,308,350,411,562,596,381,481,410,347,269,629,393,FALSE,FALSE,FALSE,FALSE,FALSE,FALSE,FALSE,FALSE,FALSE,FALSE,FALSE,FALSE,FALSE,FALSE,FALSE,FALSE,FALSE,FALSE,FALSE,FALSE,FALSE,FALSE,FALSE,FALSE,FALSE,FALSE,FALSE,FALSE,FALSE,FALSE,FALSE,FALSE,FALSE,FALSE,FALSE,FALSE,FALSE,FALSE,FALSE,FALSE,FALSE,5.491979,3.656732,1.585474,2.518025,2.351682,2.168259,2.134046,2.140191,2.053806,2.047018,2.110045,2.286941,2.288521,2.525978,2.960008,2.386394,3.225552,4.570785,7.820009,3.233644,3.174086,3.012063,3.05001,2.916475,2.788643,2.933618,3.13435,3.201875,2.799175,2.731387,3.533333,4.739163,7.506116,4.024855,4.786889,4.537667,2.636081,2.781784,4.062816,5.883406,8.2084,FALSE,FALSE,FALSE,FALSE,FALSE,FALSE,FALSE,FALSE,FALSE,FALSE,FALSE,FALSE,FALSE,FALSE,FALSE,FALSE,FALSE,FALSE,TRUE,FALSE,FALSE,FALSE,FALSE,FALSE,FALSE,FALSE,FALSE,FALSE,FALSE,FALSE,FALSE,FALSE,TRUE,FALSE,FALSE,FALSE,FALSE,FALSE,FALSE,FALSE,TRUE,-27.4,0,27,FALSE,FALSE,FALSE,1.187147,1.128688,1.205784,FALSE,FALSE,FALSE,0,0,0,FALSE,FALSE,FALSE,1.292689,FALSE,9.4,FALSE,28.5,FALSE
2025-01-31 10:22:22,131,32,104,280,444,374,228,256,253,325,399,341,380,308,233,290,483,644,744,760,404,339,320,280,252,497,341,565,456,350,453,584,958,486,294,378,378,397,359,957,691,FALSE,FALSE,FALSE,FALSE,FALSE,FALSE,FALSE,FALSE,FALSE,FALSE,FALSE,FALSE,FALSE,FALSE,FALSE,FALSE,FALSE,FALSE,TRUE,FALSE,FALSE,FALSE,FALSE,FALSE,FALSE,FALSE,FALSE,FALSE,FALSE,FALSE,FALSE,FALSE,FALSE,FALSE,FALSE,FALSE,FALSE,FALSE,FALSE,FALSE,FALSE,5.987116,3.80273,1.646269,2.669221,2.484338,2.283291,2.261846,2.26194,2.129928,2.146972,2.09599,2.294048,2.241089,2.171615,2.274154,2.440911,4.858914,6.183811,7.683383,3.421393,3.308747,3.25808,3.190234,3.004817,2.805347,2.787444,2.769312,2.889812,2.864873,3.853587,5.532045,6.351226,7.692805,2.611951,2.564816,2.571765,2.583202,4.009447,5.775512,7.036129,8.128534,FALSE,FALSE,FALSE,FALSE,FALSE,FALSE,FALSE,FALSE,FALSE,FALSE,FALSE,FALSE,FALSE,FALSE,FALSE,FALSE,FALSE,TRUE,TRUE,FALSE,FALSE,FALSE,FALSE,FALSE,FALSE,FALSE,FALSE,FALSE,FALSE,FALSE,FALSE,TRUE,TRUE,FALSE,FALSE,FALSE,FALSE,FALSE,FALSE,TRUE,TRUE,-27.425,0,27.025,FALSE,FALSE,FALSE,1.18683,1.128397,1.202098,FALSE,FALSE,FALSE,0,0,0,FALSE,FALSE,FALSE,1.292462,FALSE,10.75,FALSE,28.38,FALSE
2025-01-31 10:03:12,131,32,105,280,441,374,231,260,259,340,442,363,397,346,279,300,384,445,405,787,429,379,364,308,270,567,404,663,501,310,351,403,534,626,402,502,416,345,265,604,372,FALSE,FALSE,FALSE,FALSE,FALSE,FALSE,FALSE,FALSE,FALSE,FALSE,FALSE,FALSE,FALSE,FALSE,FALSE,FALSE,FALSE,FALSE,FALSE,FALSE,FALSE,FALSE,FALSE,FALSE,FALSE,FALSE,FALSE,FALSE,FALSE,FALSE,FALSE,FALSE,FALSE,FALSE,FALSE,FALSE,FALSE,FALSE,FALSE,FALSE,FALSE,6.274867,3.916993,1.697467,2.702934,2.543798,2.304296,2.306238,2.306865,2.187868,2.201438,2.172924,2.42144,2.362241,2.337965,2.455916,2.592158,2.67501,2.640075,2.994459,3.390095,3.209186,3.0933,3.120685,3.021903,2.953622,2.927528,2.891064,2.929086,3.006935,2.847912,2.846171,2.973082,3.134589,2.541941,2.468284,2.623664,2.561666,2.451194,2.468716,2.694609,2.75107,TRUE,FALSE,FALSE,FALSE,FALSE,FALSE,FALSE,FALSE,FALSE,FALSE,FALSE,FALSE,FALSE,FALSE,FALSE,FALSE,FALSE,FALSE,FALSE,FALSE,FALSE,FALSE,FALSE,FALSE,FALSE,FALSE,FALSE,FALSE,FALSE,FALSE,FALSE,FALSE,FALSE,FALSE,FALSE,FALSE,FALSE,FALSE,FALSE,FALSE,FALSE,-27.4,0,27,FALSE,FALSE,FALSE,1.187168,1.129344,1.207396,FALSE,FALSE,FALSE,0,0,0,FALSE,FALSE,FALSE,1.291507,FALSE,11.06,FALSE,28.38,FALSE
2025-01-30 11:02:55,131,32,106,281,440,376,232,261,261,341,442,365,397,343,273,296,378,442,407,772,419,371,360,304,268,553,390,656,493,303,343,398,531,586,386,481,404,339,261,601,371,FALSE,FALSE,FALSE,FALSE,FALSE,FALSE,FALSE,FALSE,FALSE,FALSE,FALSE,FALSE,FALSE,FALSE,FALSE,FALSE,FALSE,FALSE,FALSE,FALSE,FALSE,FALSE,FALSE,FALSE,FALSE,FALSE,FALSE,FALSE,FALSE,FALSE,FALSE,FALSE,FALSE,FALSE,FALSE,FALSE,FALSE,FALSE,FALSE,FALSE,FALSE,4.455031,3.497065,1.93767,2.170027,1.99,1.810479,1.791067,1.808006,1.707675,1.717597,1.799256,2.034242,2.023281,2.008749,2.079964,2.197207,2.246676,2.256172,2.66103,2.100057,1.910011,1.772331,1.850307,1.906547,1.946417,2.008004,1.958922,2.07081,2.028688,1.871023,1.914878,2.080416,2.35623,1.988423,1.869468,2.031461,1.909846,1.787497,1.873022,2.196459,2.314397,FALSE,FALSE,FALSE,FALSE,FALSE,FALSE,FALSE,FALSE,FALSE,FALSE,FALSE,FALSE,FALSE,FALSE,FALSE,FALSE,FALSE,FALSE,FALSE,FALSE,FALSE,FALSE,FALSE,FALSE,FALSE,FALSE,FALSE,FALSE,FALSE,FALSE,FALSE,FALSE,FALSE,FALSE,FALSE,FALSE,FALSE,FALSE,FALSE,FALSE,FALSE,-27.4,0,27.025,FALSE,FALSE,FALSE,1.184481,1.128424,1.209006,FALSE,FALSE,FALSE,0,0,0,FALSE,FALSE,FALSE,1.290022,FALSE,10.11,FALSE,27.38,FALSE
2025-01-29 18:06:30,131,32,106,278,436,370,227,256,254,333,429,358,392,333,263,286,374,448,423,766,414,364,358,307,267,537,386,639,480,302,349,410,564,550,362,459,389,331,262,622,391,FALSE,FALSE,FALSE,FALSE,FALSE,FALSE,FALSE,FALSE,FALSE,FALSE,FALSE,FALSE,FALSE,FALSE,FALSE,FALSE,FALSE,FALSE,FALSE,FALSE,FALSE,FALSE,FALSE,FALSE,FALSE,FALSE,FALSE,FALSE,FALSE,FALSE,FALSE,FALSE,FALSE,FALSE,FALSE,FALSE,FALSE,FALSE,FALSE,FALSE,FALSE,0.8414736,4.514237,2.734352,2.317443,2.034611,1.907136,1.928908,1.974394,1.777276,1.854446,1.862099,2.12841,2.103174,2.060342,2.153166,2.248382,2.29373,2.227059,2.803504,2.298459,2.086929,1.952537,2.029133,2.021073,2.08009,2.147555,2.13037,2.234896,2.216063,2.0598,2.143838,2.262135,2.585078,2.2575,2.176965,2.306708,2.109276,1.968963,2.027843,2.436939,2.512928,FALSE,FALSE,FALSE,FALSE,FALSE,FALSE,FALSE,FALSE,FALSE,FALSE,FALSE,FALSE,FALSE,FALSE,FALSE,FALSE,FALSE,FALSE,FALSE,FALSE,FALSE,FALSE,FALSE,FALSE,FALSE,FALSE,FALSE,FALSE,FALSE,FALSE,FALSE,FALSE,FALSE,FALSE,FALSE,FALSE,FALSE,FALSE,FALSE,FALSE,FALSE,-27.375,0,27,FALSE,FALSE,FALSE,1.187013,1.124067,1.21087,FALSE,FALSE,FALSE,0,0,0,FALSE,FALSE,FALSE,1.28491,FALSE,15.41,FALSE,29.75,FALSE
2025-01-29 17:38:09,117,27,90,286,442,370,224,250,248,327,426,364,398,331,273,273,344,425,426,779,423,363,362,306,271,531,380,623,468,280,332,394,557,562,413,470,417,339,265,625,401,FALSE,FALSE,FALSE,FALSE,FALSE,FALSE,FALSE,FALSE,FALSE,FALSE,FALSE,FALSE,FALSE,FALSE,FALSE,FALSE,FALSE,FALSE,FALSE,FALSE,FALSE,FALSE,FALSE,FALSE,FALSE,FALSE,FALSE,FALSE,FALSE,FALSE,FALSE,FALSE,FALSE,FALSE,FALSE,FALSE,FALSE,FALSE,FALSE,FALSE,FALSE,2.469189,6.032722,3.244874,2.613982,2.216412,2.091003,2.14596,2.142496,1.934464,2.002552,2.054211,2.218606,2.147348,2.285344,2.375935,2.569363,2.536088,2.554551,3.359862,2.833294,2.522505,2.559645,2.438078,2.550184,2.582812,2.514506,2.677906,2.60019,2.64672,2.64124,2.690044,2.762297,2.784793,2.438223,2.578458,2.453088,2.355242,2.383981,2.369305,2.494875,2.259538,FALSE,FALSE,FALSE,FALSE,FALSE,FALSE,FALSE,FALSE,FALSE,FALSE,FALSE,FALSE,FALSE,FALSE,FALSE,FALSE,FALSE,FALSE,FALSE,FALSE,FALSE,FALSE,FALSE,FALSE,FALSE,FALSE,FALSE,FALSE,FALSE,FALSE,FALSE,FALSE,FALSE,FALSE,FALSE,FALSE,FALSE,FALSE,FALSE,FALSE,FALSE,-27.275,0,26.95,FALSE,FALSE,FALSE,1.178194,1.121063,1.188742,FALSE,FALSE,FALSE,0,0,0,FALSE,FALSE,FALSE,1.291042,FALSE,16.05,FALSE,28.75,FALSE
2025-01-29 17:06:22,117,28,94,298,457,385,233,259,256,335,439,378,416,346,280,284,360,446,457,827,452,390,386,332,289,569,409,672,500,299,361,429,605,581,420,490,433,360,275,654,420,FALSE,FALSE,FALSE,FALSE,FALSE,FALSE,FALSE,FALSE,FALSE,FALSE,FALSE,FALSE,FALSE,FALSE,FALSE,FALSE,FALSE,FALSE,FALSE,FALSE,FALSE,FALSE,FALSE,FALSE,FALSE,FALSE,FALSE,FALSE,FALSE,FALSE,FALSE,FALSE,FALSE,FALSE,FALSE,FALSE,FALSE,FALSE,FALSE,FALSE,FALSE,2.649611,5.852597,3.252446,3.117441,2.86127,2.813654,2.839151,2.781646,2.667723,2.714709,2.798072,2.955225,2.883615,3.059696,3.131586,3.257548,3.179304,3.105601,3.68619,3.081831,2.8357,2.833083,2.71805,2.668342,2.744494,2.883414,2.970078,2.874674,3.043843,3.092767,3.020085,3.061568,3.187938,3.016469,3.055665,2.862832,2.79815,2.90281,2.798091,3.08043,2.6374,FALSE,FALSE,FALSE,FALSE,FALSE,FALSE,FALSE,FALSE,FALSE,FALSE,FALSE,FALSE,FALSE,FALSE,FALSE,FALSE,FALSE,FALSE,FALSE,FALSE,FALSE,FALSE,FALSE,FALSE,FALSE,FALSE,FALSE,FALSE,FALSE,FALSE,FALSE,FALSE,FALSE,FALSE,FALSE,FALSE,FALSE,FALSE,FALSE,FALSE,FALSE,-27.25,0,27.05,FALSE,FALSE,FALSE,1.180254,1.12062,1.185774,FALSE,FALSE,FALSE,0,0,0,FALSE,FALSE,FALSE,1.289816,FALSE,15.81,FALSE,28.75,FALSE
2025-01-29 14:37:52,117,28,89,278,427,365,221,250,246,325,421,360,393,320,255,258,327,404,423,769,421,360,352,299,257,497,350,576,424,254,303,362,524,496,359,424,375,311,237,569,378,FALSE,FALSE,FALSE,FALSE,FALSE,FALSE,FALSE,FALSE,FALSE,FALSE,FALSE,FALSE,FALSE,FALSE,FALSE,FALSE,FALSE,FALSE,FALSE,FALSE,FALSE,FALSE,FALSE,FALSE,FALSE,FALSE,FALSE,FALSE,FALSE,FALSE,FALSE,FALSE,FALSE,FALSE,FALSE,FALSE,FALSE,FALSE,FALSE,FALSE,FALSE,2.072262,5.660338,4.65205,2.319981,1.933724,1.949741,1.984727,1.897263,1.808031,1.869253,1.860546,1.900183,1.86505,2.096001,2.194465,2.218924,2.211113,2.267945,3.175606,2.669284,2.364064,2.410616,2.180627,2.335179,2.305333,2.439046,2.665257,2.692756,2.834309,2.976563,2.955638,3.041577,3.187514,2.464793,2.433724,2.193788,2.171088,1.877656,2.110237,2.060333,2.538683,FALSE,FALSE,FALSE,FALSE,FALSE,FALSE,FALSE,FALSE,FALSE,FALSE,FALSE,FALSE,FALSE,FALSE,FALSE,FALSE,FALSE,FALSE,FALSE,FALSE,FALSE,FALSE,FALSE,FALSE,FALSE,FALSE,FALSE,FALSE,FALSE,FALSE,FALSE,FALSE,FALSE,FALSE,FALSE,FALSE,FALSE,FALSE,FALSE,FALSE,FALSE,-27.35,0,27.05,FALSE,FALSE,FALSE,1.168821,1.128222,1.178887,FALSE,FALSE,FALSE,0,0,0,FALSE,FALSE,FALSE,1.305006,FALSE,14.97,FALSE,25.5,FALSE
2025-01-29 13:29:34,123,28,92,277,430,367,222,249,248,324,421,361,394,316,253,257,324,405,455,719,397,344,352,274,252,531,349,527,423,268,309,342,534,470,345,413,370,306,234,572,409,FALSE,FALSE,FALSE,FALSE,FALSE,FALSE,FALSE,FALSE,FALSE,FALSE,FALSE,FALSE,FALSE,FALSE,FALSE,FALSE,FALSE,FALSE,FALSE,FALSE,FALSE,FALSE,FALSE,FALSE,FALSE,FALSE,FALSE,FALSE,FALSE,FALSE,FALSE,FALSE,FALSE,FALSE,FALSE,FALSE,FALSE,FALSE,FALSE,FALSE,FALSE,2.02057,5.670663,3.970745,2.452923,2.035573,2.089539,2.143479,2.070667,1.945317,1.999321,2.006513,1.976021,1.965158,2.137789,2.235468,2.257267,2.303152,2.384162,3.348593,2.694889,2.363203,2.458128,2.249256,2.446022,2.406672,2.42282,2.634807,2.598696,2.749553,2.84168,2.854317,3.037235,3.231497,2.549464,2.592056,2.344261,2.287887,1.988339,2.247185,2.171799,2.512858,FALSE,FALSE,FALSE,FALSE,FALSE,FALSE,FALSE,FALSE,FALSE,FALSE,FALSE,FALSE,FALSE,FALSE,FALSE,FALSE,FALSE,FALSE,FALSE,FALSE,FALSE,FALSE,FALSE,FALSE,FALSE,FALSE,FALSE,FALSE,FALSE,FALSE,FALSE,FALSE,FALSE,FALSE,FALSE,FALSE,FALSE,FALSE,FALSE,FALSE,FALSE,-27.25,0,27.15,FALSE,FALSE,FALSE,1.167027,1.123583,1.17766,FALSE,FALSE,FALSE,0,0,0,FALSE,FALSE,FALSE,1.292717,FALSE,15.28,FALSE,25.25,FALSE
2025-01-29 13:22:16,123,27,94,287,443,378,229,259,252,333,432,369,399,320,257,261,326,411,451,719,398,342,347,271,253,539,354,542,419,266,306,337,518,473,349,406,365,303,231,563,388,FALSE,FALSE,FALSE,FALSE,FALSE,FALSE,FALSE,FALSE,FALSE,FALSE,FALSE,FALSE,FALSE,FALSE,FALSE,FALSE,FALSE,FALSE,FALSE,FALSE,FALSE,FALSE,FALSE,FALSE,FALSE,FALSE,FALSE,FALSE,FALSE,FALSE,FALSE,FALSE,FALSE,FALSE,FALSE,FALSE,FALSE,FALSE,FALSE,FALSE,FALSE,1.998984,5.712432,3.818392,2.181765,1.94431,1.987868,2.176158,2.191556,2.009998,1.921045,1.7545,1.726079,1.601244,1.835831,1.885987,1.995176,1.929445,1.978134,3.101813,2.518903,2.202042,2.284633,2.110204,2.293726,2.269553,2.278918,2.501159,2.414996,2.499554,2.589761,2.636845,2.796547,3.015485,2.326859,2.445706,2.140038,2.066003,1.828919,2.036404,1.994655,2.484173,FALSE,FALSE,FALSE,FALSE,FALSE,FALSE,FALSE,FALSE,FALSE,FALSE,FALSE,FALSE,FALSE,FALSE,FALSE,FALSE,FALSE,FALSE,FALSE,FALSE,FALSE,FALSE,FALSE,FALSE,FALSE,FALSE,FALSE,FALSE,FALSE,FALSE,FALSE,FALSE,FALSE,FALSE,FALSE,FALSE,FALSE,FALSE,FALSE,FALSE,FALSE,-28.425,0,27.175,FALSE,FALSE,FALSE,1.163289,1.123688,1.178591,FALSE,FALSE,FALSE,0,0,0,FALSE,FALSE,FALSE,1.292294,FALSE,15.27,FALSE,25.25,FALSE
2025-01-29 13:05:30,123,27,94,287,443,378,229,259,252,333,432,369,399,320,257,261,326,411,451,719,398,342,347,271,253,539,354,542,419,266,306,337,518,473,349,406,365,303,231,563,388,FALSE,FALSE,FALSE,FALSE,FALSE,FALSE,FALSE,FALSE,FALSE,FALSE,FALSE,FALSE,FALSE,FALSE,FALSE,FALSE,FALSE,FALSE,FALSE,FALSE,FALSE,FALSE,FALSE,FALSE,FALSE,FALSE,FALSE,FALSE,FALSE,FALSE,FALSE,FALSE,FALSE,FALSE,FALSE,FALSE,FALSE,FALSE,FALSE,FALSE,FALSE,2.098985,5.602482,3.695788,1.976108,1.830481,1.865454,2.02103,2.034571,1.938829,1.807216,1.632775,1.482216,1.410348,1.648962,1.699378,1.765988,1.636217,1.722727,2.886178,2.227838,1.780317,1.910333,1.61396,1.87017,1.893187,1.754419,2.047531,1.934848,2.086998,2.128144,2.121524,2.261792,2.467261,2.058539,2.221891,1.954441,1.812759,1.680807,1.791506,1.809775,2.346861,FALSE,FALSE,FALSE,FALSE,FALSE,FALSE,FALSE,FALSE,FALSE,FALSE,FALSE,FALSE,FALSE,FALSE,FALSE,FALSE,FALSE,FALSE,FALSE,FALSE,FALSE,FALSE,FALSE,FALSE,FALSE,FALSE,FALSE,FALSE,FALSE,FALSE,FALSE,FALSE,FALSE,FALSE,FALSE,FALSE,FALSE,FALSE,FALSE,FALSE,FALSE,-28.425,0,27.6,FALSE,FALSE,FALSE,1.161181,1.130668,1.193694,FALSE,FALSE,FALSE,0,0,0,FALSE,FALSE,FALSE,1.296323,FALSE,12.34,FALSE,25.25,FALSE
2025-01-29 11:57:19,166,24,141,249,381,324,198,223,217,290,373,322,348,284,231,234,294,358,359,1069,593,505,522,407,376,814,536,803,623,399,460,502,698,608,440,480,424,366,271,659,390,FALSE,FALSE,FALSE,FALSE,FALSE,FALSE,FALSE,FALSE,FALSE,FALSE,FALSE,FALSE,FALSE,FALSE,FALSE,FALSE,FALSE,FALSE,FALSE,FALSE,FALSE,FALSE,FALSE,FALSE,FALSE,FALSE,FALSE,FALSE,FALSE,FALSE,FALSE,FALSE,FALSE,FALSE,FALSE,FALSE,FALSE,FALSE,FALSE,FALSE,FALSE,2.468247,5.859356,4.181644,2.273959,1.837936,1.786196,1.812788,1.752963,1.641519,1.638005,1.752124,1.900751,1.827572,2.077883,2.155386,2.288796,2.267961,2.348028,3.13401,2.486384,1.984931,2.029952,1.68124,1.879851,1.916957,1.822155,2.029108,2.012661,2.187869,2.140141,2.225023,2.307239,2.452347,2.2427,2.260212,2.076128,1.880717,1.64077,1.87255,1.656642,2.488899,FALSE,FALSE,FALSE,FALSE,FALSE,FALSE,FALSE,FALSE,FALSE,FALSE,FALSE,FALSE,FALSE,FALSE,FALSE,FALSE,FALSE,FALSE,FALSE,FALSE,FALSE,FALSE,FALSE,FALSE,FALSE,FALSE,FALSE,FALSE,FALSE,FALSE,FALSE,FALSE,FALSE,FALSE,FALSE,FALSE,FALSE,FALSE,FALSE,FALSE,FALSE,-28.025,0,29.475,FALSE,FALSE,FALSE,1.145206,1.132193,1.202841,FALSE,FALSE,FALSE,0,0,0,FALSE,FALSE,FALSE,1.294345,FALSE,15.57,FALSE,25.12,FALSE
2025-01-29 11:51:15,166,24,139,193,322,288,192,237,236,308,502,504,631,561,256,224,785,1317,840,1072,444,262,344,322,352,891,516,521,383,495,978,1215,1259,688,261,120,92,173,215,535,212,FALSE,FALSE,FALSE,FALSE,FALSE,FALSE,FALSE,FALSE,FALSE,FALSE,FALSE,FALSE,FALSE,FALSE,FALSE,FALSE,TRUE,TRUE,TRUE,FALSE,FALSE,FALSE,FALSE,FALSE,FALSE,FALSE,FALSE,FALSE,FALSE,FALSE,FALSE,TRUE,FALSE,FALSE,FALSE,FALSE,FALSE,FALSE,FALSE,FALSE,FALSE,2.498133,6.042624,4.394501,2.320325,1.87212,1.802821,1.84037,1.763851,1.649256,1.667264,1.765565,1.938268,1.859307,2.089472,2.169627,2.302193,2.308045,2.384944,3.220094,2.526186,2.012321,2.036514,1.684087,1.926522,1.930736,1.809098,2.032029,2.010586,2.188774,2.192059,2.370645,2.501577,2.537994,12.93974,13.28798,13.25698,12.6164,12.04444,12.66232,12.05888,12.51653,FALSE,FALSE,FALSE,FALSE,FALSE,FALSE,FALSE,FALSE,FALSE,FALSE,FALSE,FALSE,FALSE,FALSE,FALSE,FALSE,FALSE,FALSE,FALSE,FALSE,FALSE,FALSE,FALSE,FALSE,FALSE,FALSE,FALSE,FALSE,FALSE,FALSE,FALSE,FALSE,FALSE,TRUE,TRUE,TRUE,TRUE,TRUE,TRUE,TRUE,TRUE,-28.175,0,29.325,FALSE,FALSE,FALSE,1.145039,1.131593,1.200524,FALSE,FALSE,FALSE,0,0,0,FALSE,FALSE,FALSE,1.294097,FALSE,16.19,FALSE,25.25,FALSE
2025-01-29 08:47:07,182,26,180,244,372,326,195,220,215,288,375,313,347,291,227,230,289,364,347,1321,715,619,629,482,440,937,616,916,719,450,518,566,772,622,444,482,436,358,276,641,399,FALSE,FALSE,FALSE,FALSE,FALSE,FALSE,FALSE,FALSE,FALSE,FALSE,FALSE,FALSE,FALSE,FALSE,FALSE,FALSE,FALSE,FALSE,FALSE,FALSE,FALSE,FALSE,FALSE,FALSE,FALSE,FALSE,FALSE,FALSE,FALSE,FALSE,FALSE,FALSE,FALSE,FALSE,FALSE,FALSE,FALSE,FALSE,FALSE,FALSE,FALSE,3.935432,6.226743,3.192381,2.408341,1.962503,1.783538,1.79109,1.752263,1.641106,1.665268,1.830557,1.988398,1.875919,2.103253,2.209436,2.317513,2.321141,2.391887,3.126735,3.23561,2.923999,2.936077,2.576127,2.822534,2.795835,2.8699,3.063782,3.058365,3.148137,3.320914,3.271199,3.382681,3.624121,2.004302,2.164306,1.995567,2.047558,2.033865,2.095304,2.112002,2.276918,FALSE,FALSE,FALSE,FALSE,FALSE,FALSE,FALSE,FALSE,FALSE,FALSE,FALSE,FALSE,FALSE,FALSE,FALSE,FALSE,FALSE,FALSE,FALSE,FALSE,FALSE,FALSE,FALSE,FALSE,FALSE,FALSE,FALSE,FALSE,FALSE,FALSE,FALSE,FALSE,FALSE,FALSE,FALSE,FALSE,FALSE,FALSE,FALSE,FALSE,FALSE,-27.575,0,27.2,FALSE,FALSE,FALSE,1.14362,1.13559,1.196324,FALSE,FALSE,FALSE,0,0,0,FALSE,FALSE,FALSE,1.303983,FALSE,14.95,FALSE,24.75,FALSE
2025-01-29 08:39:43,197,31,205,241,375,334,202,231,227,305,387,314,346,305,233,256,323,390,345,1348,729,641,631,473,433,978,646,995,753,496,556,587,781,648,430,526,437,371,290,664,403,FALSE,FALSE,FALSE,FALSE,FALSE,FALSE,FALSE,FALSE,FALSE,FALSE,FALSE,FALSE,FALSE,FALSE,FALSE,FALSE,FALSE,FALSE,FALSE,FALSE,FALSE,FALSE,FALSE,FALSE,FALSE,FALSE,FALSE,FALSE,FALSE,FALSE,FALSE,FALSE,FALSE,FALSE,FALSE,FALSE,FALSE,FALSE,FALSE,FALSE,FALSE,2.164442,3.670596,3.276148,2.132559,1.817682,1.666882,1.638382,1.600919,1.49675,1.547357,1.722172,1.931846,1.935306,1.986568,2.090356,2.18575,2.225246,2.260172,2.567679,2.113341,1.863538,1.585709,1.385075,1.425863,1.470407,1.619566,1.573784,1.916973,1.975093,1.835109,1.778207,1.995092,2.319804,2.125606,1.986001,2.1241,2.178119,2.040121,2.053918,2.223268,2.28147,FALSE,FALSE,FALSE,FALSE,FALSE,FALSE,FALSE,FALSE,FALSE,FALSE,FALSE,FALSE,FALSE,FALSE,FALSE,FALSE,FALSE,FALSE,FALSE,FALSE,FALSE,FALSE,FALSE,FALSE,FALSE,FALSE,FALSE,FALSE,FALSE,FALSE,FALSE,FALSE,FALSE,FALSE,FALSE,FALSE,FALSE,FALSE,FALSE,FALSE,FALSE,-27.625,0,27.325,FALSE,FALSE,FALSE,1.145505,1.141259,1.219431,FALSE,FALSE,FALSE,0,0,0,FALSE,FALSE,FALSE,1.307743,FALSE,12.61,FALSE,24.12,FALSE
2025-01-28 11:05:30,215,32,218,249,383,342,209,238,233,311,399,318,353,314,240,262,329,394,347,1457,780,682,665,498,455,1025,671,1062,806,523,581,610,814,694,451,555,461,384,298,679,411,FALSE,FALSE,FALSE,FALSE,FALSE,FALSE,FALSE,FALSE,FALSE,FALSE,FALSE,FALSE,FALSE,FALSE,FALSE,FALSE,FALSE,FALSE,FALSE,FALSE,FALSE,FALSE,FALSE,FALSE,FALSE,FALSE,FALSE,FALSE,FALSE,FALSE,FALSE,FALSE,FALSE,FALSE,FALSE,FALSE,FALSE,FALSE,FALSE,FALSE,FALSE,1.086226,3.513424,2.689662,2.01279,1.690812,1.521209,1.485388,1.438518,1.3256,1.367047,1.504394,1.765623,1.719273,1.688824,1.79828,1.913786,1.937007,1.992235,2.292147,2.360864,2.070339,1.820056,1.588881,1.688146,1.731062,1.914813,1.861786,2.205996,2.311021,2.154685,2.065257,2.315975,2.634872,2.008339,1.704123,1.920996,1.919163,1.749293,1.810522,2.000333,2.163365,FALSE,FALSE,FALSE,FALSE,FALSE,FALSE,FALSE,FALSE,FALSE,FALSE,FALSE,FALSE,FALSE,FALSE,FALSE,FALSE,FALSE,FALSE,FALSE,FALSE,FALSE,FALSE,FALSE,FALSE,FALSE,FALSE,FALSE,FALSE,FALSE,FALSE,FALSE,FALSE,FALSE,FALSE,FALSE,FALSE,FALSE,FALSE,FALSE,FALSE,FALSE,-27.625,0,27.325,FALSE,FALSE,FALSE,1.146626,1.140236,1.215158,FALSE,FALSE,FALSE,0,0,0,FALSE,FALSE,FALSE,1.301978,FALSE,11.44,FALSE,24.25,FALSE
2025-01-24 15:31:16,193,31,204,240,374,330,201,229,225,302,388,314,349,307,236,256,323,386,338,1339,739,638,630,480,432,963,636,988,776,497,557,581,773,664,430,530,442,367,286,651,393,FALSE,FALSE,FALSE,FALSE,FALSE,FALSE,FALSE,FALSE,FALSE,FALSE,FALSE,FALSE,FALSE,FALSE,FALSE,FALSE,FALSE,FALSE,FALSE,FALSE,FALSE,FALSE,FALSE,FALSE,FALSE,FALSE,FALSE,FALSE,FALSE,FALSE,FALSE,FALSE,FALSE,FALSE,FALSE,FALSE,FALSE,FALSE,FALSE,FALSE,FALSE,1.156095,3.502058,2.579301,2.083634,1.744933,1.59841,1.548763,1.499689,1.396073,1.442314,1.578758,1.825463,1.819031,1.837674,1.949107,2.042046,2.053952,2.071882,2.381894,2.859611,2.61023,2.445172,2.17877,2.338364,2.358033,2.594846,2.536373,2.858063,2.962931,2.86359,2.789703,2.970251,3.250737,1.604711,1.361135,1.565301,1.625346,1.434963,1.566813,1.872992,2.130597,FALSE,FALSE,FALSE,FALSE,FALSE,FALSE,FALSE,FALSE,FALSE,FALSE,FALSE,FALSE,FALSE,FALSE,FALSE,FALSE,FALSE,FALSE,FALSE,FALSE,FALSE,FALSE,FALSE,FALSE,FALSE,FALSE,FALSE,FALSE,FALSE,FALSE,FALSE,FALSE,FALSE,FALSE,FALSE,FALSE,FALSE,FALSE,FALSE,FALSE,FALSE,-27.6,0,27.2,FALSE,FALSE,FALSE,1.154882,1.141326,1.21432,FALSE,FALSE,FALSE,0,0,0,FALSE,FALSE,FALSE,1.302999,FALSE,11.58,FALSE,24.88,FALSE
2025-01-23 09:42:15,193,31,199,242,376,333,202,230,226,303,386,310,345,296,229,249,320,388,353,1314,717,623,610,463,423,928,610,940,732,485,543,577,793,608,396,495,417,361,285,664,413,FALSE,FALSE,FALSE,FALSE,FALSE,FALSE,FALSE,FALSE,FALSE,FALSE,FALSE,FALSE,FALSE,FALSE,FALSE,FALSE,FALSE,FALSE,FALSE,FALSE,FALSE,FALSE,FALSE,FALSE,FALSE,FALSE,FALSE,FALSE,FALSE,FALSE,FALSE,FALSE,FALSE,FALSE,FALSE,FALSE,FALSE,FALSE,FALSE,FALSE,FALSE,1.435347,4.296407,3.214195,2.574461,2.187527,1.978208,1.942612,1.897624,1.758574,1.882221,2.123509,2.446654,2.378915,2.471085,2.688938,2.667402,2.631911,2.740959,3.794408,2.503165,2.349499,2.188977,2.023761,2.11319,2.136899,2.415836,2.499453,2.70685,2.661687,2.331884,2.447296,3.204568,4.413206,2.555034,2.669868,2.786698,2.39985,2.055955,2.295566,2.871977,3.899247,FALSE,FALSE,FALSE,FALSE,FALSE,FALSE,FALSE,FALSE,FALSE,FALSE,FALSE,FALSE,FALSE,FALSE,FALSE,FALSE,FALSE,FALSE,FALSE,FALSE,FALSE,FALSE,FALSE,FALSE,FALSE,FALSE,FALSE,FALSE,FALSE,FALSE,FALSE,FALSE,FALSE,FALSE,FALSE,FALSE,FALSE,FALSE,FALSE,FALSE,FALSE,-27.625,0,27.3,FALSE,FALSE,FALSE,1.1488,1.141023,1.216709,FALSE,FALSE,FALSE,0,0,0,FALSE,FALSE,FALSE,1.304671,FALSE,15.23,FALSE,24,FALSE
2025-01-22 10:52:05,214,30,213,238,369,327,199,225,219,294,373,302,334,291,223,248,326,399,371,1394,763,656,639,487,444,983,648,1016,791,530,610,655,933,631,397,499,439,376,301,712,452,FALSE,FALSE,FALSE,FALSE,FALSE,FALSE,FALSE,FALSE,FALSE,FALSE,FALSE,FALSE,FALSE,FALSE,FALSE,FALSE,FALSE,FALSE,FALSE,FALSE,FALSE,FALSE,FALSE,FALSE,FALSE,FALSE,FALSE,FALSE,FALSE,FALSE,FALSE,FALSE,FALSE,FALSE,FALSE,FALSE,FALSE,FALSE,FALSE,FALSE,FALSE,6.14658,3.939288,4.702177,2.560083,2.220107,1.996169,2.013546,1.953502,1.815164,1.911042,2.298436,2.59159,2.398561,3.009584,3.716872,2.578973,3.144242,4.733028,8.335263,6.988654,7.148346,7.587108,7.608284,7.656315,7.537043,8.378138,8.790107,8.846057,8.466011,7.354687,7.599506,8.564933,11.22381,3.979589,4.811837,4.591792,2.799577,2.672962,4.60424,6.868745,9.78392,TRUE,FALSE,FALSE,FALSE,FALSE,FALSE,FALSE,FALSE,FALSE,FALSE,FALSE,FALSE,FALSE,FALSE,FALSE,FALSE,FALSE,FALSE,TRUE,TRUE,TRUE,TRUE,TRUE,TRUE,TRUE,TRUE,TRUE,TRUE,TRUE,TRUE,TRUE,TRUE,TRUE,FALSE,FALSE,FALSE,FALSE,FALSE,FALSE,TRUE,TRUE,-27.6,0,26.5,FALSE,FALSE,FALSE,1.170509,1.137266,1.198001,FALSE,FALSE,FALSE,0,0,0,FALSE,FALSE,FALSE,1.299583,FALSE,15.22,FALSE,27.88,FALSE
2025-01-22 10:37:33,214,30,213,238,369,327,199,225,219,294,373,302,334,291,223,248,326,399,371,1394,763,656,639,487,444,983,648,1016,791,530,610,655,933,631,397,499,439,376,301,712,452,FALSE,FALSE,FALSE,FALSE,FALSE,FALSE,FALSE,FALSE,FALSE,FALSE,FALSE,FALSE,FALSE,FALSE,FALSE,FALSE,FALSE,FALSE,FALSE,FALSE,FALSE,FALSE,FALSE,FALSE,FALSE,FALSE,FALSE,FALSE,FALSE,FALSE,FALSE,FALSE,FALSE,FALSE,FALSE,FALSE,FALSE,FALSE,FALSE,FALSE,FALSE,5.583734,4.066981,4.403244,2.625993,2.254597,2.030666,1.996837,1.930093,1.809069,1.895077,2.266605,2.654025,2.514152,3.09982,3.75556,2.690203,3.028425,4.540515,8.208144,6.577525,6.717907,7.18487,7.281937,7.350083,7.350974,7.992318,8.390828,8.459723,8.130822,7.146687,7.204901,8.121336,10.76049,3.833491,4.737989,4.483043,2.557413,2.45823,4.259421,6.728605,9.508278,FALSE,FALSE,FALSE,FALSE,FALSE,FALSE,FALSE,FALSE,FALSE,FALSE,FALSE,FALSE,FALSE,FALSE,FALSE,FALSE,FALSE,FALSE,TRUE,TRUE,TRUE,TRUE,TRUE,TRUE,TRUE,TRUE,TRUE,TRUE,TRUE,TRUE,TRUE,TRUE,TRUE,FALSE,FALSE,FALSE,FALSE,FALSE,FALSE,TRUE,TRUE,-27.65,0,26.925,FALSE,FALSE,FALSE,1.168075,1.13836,1.195456,FALSE,FALSE,FALSE,0,0,0,FALSE,FALSE,FALSE,1.299759,FALSE,16.09,FALSE,27.12,FALSE
2025-01-22 10:31:22,214,30,211,236,368,325,197,223,218,291,368,300,332,281,214,243,327,409,394,1367,747,637,625,486,441,949,622,975,776,529,612,667,967,575,366,459,421,370,302,730,470,FALSE,FALSE,FALSE,FALSE,FALSE,FALSE,FALSE,FALSE,FALSE,FALSE,FALSE,FALSE,FALSE,FALSE,FALSE,FALSE,FALSE,FALSE,FALSE,FALSE,FALSE,FALSE,FALSE,FALSE,FALSE,FALSE,FALSE,FALSE,FALSE,FALSE,FALSE,FALSE,FALSE,FALSE,FALSE,FALSE,FALSE,FALSE,FALSE,FALSE,FALSE,5.349426,4.168668,4.122165,2.554104,2.217499,1.994052,1.960013,1.937591,1.810694,1.938557,2.353172,2.650015,2.434363,2.991664,3.699763,2.706027,3.38354,5.113534,8.770979,6.379514,6.659696,7.064336,7.107666,7.252621,7.082533,7.727031,8.017635,8.156774,7.826634,6.550854,6.875933,7.935212,10.7406,3.751292,4.691154,4.450686,2.536138,2.647903,4.63566,7.016741,9.854086,FALSE,FALSE,FALSE,FALSE,FALSE,FALSE,FALSE,FALSE,FALSE,FALSE,FALSE,FALSE,FALSE,FALSE,FALSE,FALSE,FALSE,FALSE,TRUE,TRUE,TRUE,TRUE,TRUE,TRUE,TRUE,TRUE,TRUE,TRUE,TRUE,TRUE,TRUE,TRUE,TRUE,FALSE,FALSE,FALSE,FALSE,FALSE,FALSE,TRUE,TRUE,-27.675,0,26.975,FALSE,FALSE,FALSE,1.166651,1.137816,1.19433,FALSE,FALSE,FALSE,0,0,0,FALSE,FALSE,FALSE,1.299021,FALSE,14.12,FALSE,27.25,FALSE
2025-01-21 11:04:42,197,31,206,239,376,331,202,231,227,303,390,316,348,304,231,254,320,383,341,1349,738,643,625,477,433,957,626,979,767,494,549,578,773,626,413,514,426,361,283,646,393,FALSE,FALSE,FALSE,FALSE,FALSE,FALSE,FALSE,FALSE,FALSE,FALSE,FALSE,FALSE,FALSE,FALSE,FALSE,FALSE,FALSE,FALSE,FALSE,FALSE,FALSE,FALSE,FALSE,FALSE,FALSE,FALSE,FALSE,FALSE,FALSE,FALSE,FALSE,FALSE,FALSE,FALSE,FALSE,FALSE,FALSE,FALSE,FALSE,FALSE,FALSE,1.620471,4.379375,3.32616,2.621896,2.236608,1.996918,1.949811,1.889106,1.759964,1.829461,2.022381,2.276938,2.245137,2.311817,2.472441,2.573224,2.640559,2.642736,2.946397,2.517106,2.299898,2.017535,1.725058,1.820577,1.864138,2.084822,2.040517,2.420629,2.522213,2.348609,2.21978,2.507095,2.910524,2.129792,1.884563,2.106098,2.258597,1.966177,2.067285,2.227907,2.18264,FALSE,FALSE,FALSE,FALSE,FALSE,FALSE,FALSE,FALSE,FALSE,FALSE,FALSE,FALSE,FALSE,FALSE,FALSE,FALSE,FALSE,FALSE,FALSE,FALSE,FALSE,FALSE,FALSE,FALSE,FALSE,FALSE,FALSE,FALSE,FALSE,FALSE,FALSE,FALSE,FALSE,FALSE,FALSE,FALSE,FALSE,FALSE,FALSE,FALSE,FALSE,-27.55,0,27.225,FALSE,FALSE,FALSE,1.149233,1.139844,1.217643,FALSE,FALSE,FALSE,0,0,0,FALSE,FALSE,FALSE,1.30388,FALSE,16.54,FALSE,24.12,FALSE
2025-01-17 10:57:24,197,31,208,247,382,340,209,237,232,309,397,317,352,309,237,258,327,392,346,1403,759,662,648,480,440,1006,644,1025,788,508,564,589,797,647,428,523,439,370,289,661,401,FALSE,FALSE,FALSE,FALSE,FALSE,FALSE,FALSE,FALSE,FALSE,FALSE,FALSE,FALSE,FALSE,FALSE,FALSE,FALSE,FALSE,FALSE,FALSE,FALSE,FALSE,FALSE,FALSE,FALSE,FALSE,FALSE,FALSE,FALSE,FALSE,FALSE,FALSE,FALSE,FALSE,FALSE,FALSE,FALSE,FALSE,FALSE,FALSE,FALSE,FALSE,1.736642,4.38713,3.218683,2.671138,2.244713,2.019708,1.937403,1.865578,1.738208,1.808684,1.937382,2.204475,2.126275,2.226242,2.357562,2.536824,2.63149,2.640316,3.02726,2.381428,2.115539,1.831523,1.59614,1.646669,1.694314,1.906501,1.805008,2.193455,2.328037,2.219054,2.187328,2.520875,2.985383,2.253331,1.974681,2.187191,2.381002,2.179288,2.233462,2.436323,2.551487,FALSE,FALSE,FALSE,FALSE,FALSE,FALSE,FALSE,FALSE,FALSE,FALSE,FALSE,FALSE,FALSE,FALSE,FALSE,FALSE,FALSE,FALSE,FALSE,FALSE,FALSE,FALSE,FALSE,FALSE,FALSE,FALSE,FALSE,FALSE,FALSE,FALSE,FALSE,FALSE,FALSE,FALSE,FALSE,FALSE,FALSE,FALSE,FALSE,FALSE,FALSE,-27.525,0,27.2,FALSE,FALSE,FALSE,1.147138,1.140184,1.217606,FALSE,FALSE,FALSE,0,0,0,FALSE,FALSE,FALSE,1.304111,FALSE,16.54,FALSE,24,FALSE
2025-01-14 09:59:53,197,31,208,247,382,340,209,237,232,309,397,317,352,309,237,258,327,392,346,1403,759,662,648,480,440,1006,644,1025,788,508,564,589,797,647,428,523,439,370,289,661,401,FALSE,FALSE,FALSE,FALSE,FALSE,FALSE,FALSE,FALSE,FALSE,FALSE,FALSE,FALSE,FALSE,FALSE,FALSE,FALSE,FALSE,FALSE,FALSE,FALSE,FALSE,FALSE,FALSE,FALSE,FALSE,FALSE,FALSE,FALSE,FALSE,FALSE,FALSE,FALSE,FALSE,FALSE,FALSE,FALSE,FALSE,FALSE,FALSE,FALSE,FALSE,1.900954,4.471957,3.455527,2.682223,2.24103,2.016187,1.977988,1.907322,1.774754,1.861711,2.066466,2.305853,2.246729,2.331479,2.470344,2.601576,2.662785,2.659834,2.978683,2.249583,1.985713,1.695741,1.479187,1.500208,1.576576,1.788845,1.695161,2.028207,2.126052,1.933042,1.892986,2.162745,2.514662,2.791189,2.659765,2.847857,3.028291,2.773565,2.720894,2.738441,2.516149,FALSE,FALSE,FALSE,FALSE,FALSE,FALSE,FALSE,FALSE,FALSE,FALSE,FALSE,FALSE,FALSE,FALSE,FALSE,FALSE,FALSE,FALSE,FALSE,FALSE,FALSE,FALSE,FALSE,FALSE,FALSE,FALSE,FALSE,FALSE,FALSE,FALSE,FALSE,FALSE,FALSE,FALSE,FALSE,FALSE,FALSE,FALSE,FALSE,FALSE,FALSE,-27.475,0,27.275,FALSE,FALSE,FALSE,1.145605,1.140975,1.220603,FALSE,FALSE,FALSE,0,0,0,FALSE,FALSE,FALSE,1.306404,FALSE,17.17,FALSE,23.38,FALSE
2025-01-10 12:52:46,227,30,223,234,363,322,197,223,217,292,378,304,338,303,232,253,318,380,335,1509,821,708,707,528,488,1120,733,1145,898,569,638,657,881,705,447,553,469,379,293,662,397,FALSE,FALSE,FALSE,FALSE,FALSE,FALSE,FALSE,FALSE,FALSE,FALSE,FALSE,FALSE,FALSE,FALSE,FALSE,FALSE,FALSE,FALSE,FALSE,FALSE,FALSE,FALSE,FALSE,FALSE,FALSE,FALSE,FALSE,FALSE,FALSE,FALSE,FALSE,FALSE,FALSE,FALSE,FALSE,FALSE,FALSE,FALSE,FALSE,FALSE,FALSE,8.181432,3.769992,6.830718,2.66578,2.347413,2.066607,2.092544,2.030065,1.873385,1.919996,2.061,2.242193,2.226139,2.301862,2.39185,2.535414,2.59097,2.603814,2.890341,10.1245,10.26653,10.30567,10.28462,10.5477,10.57112,10.94405,11.13413,11.24008,11.41034,11.37926,11.50361,11.46047,11.69094,3.291981,3.182132,3.416376,3.467272,3.253516,3.438985,3.541299,3.581073,TRUE,FALSE,FALSE,FALSE,FALSE,FALSE,FALSE,FALSE,FALSE,FALSE,FALSE,FALSE,FALSE,FALSE,FALSE,FALSE,FALSE,FALSE,FALSE,TRUE,TRUE,TRUE,TRUE,TRUE,TRUE,TRUE,TRUE,TRUE,TRUE,TRUE,TRUE,TRUE,TRUE,FALSE,FALSE,FALSE,FALSE,FALSE,FALSE,FALSE,FALSE,-27.45,0,26.725,FALSE,FALSE,FALSE,1.177696,1.13756,1.188545,FALSE,FALSE,FALSE,0,0,0,FALSE,FALSE,FALSE,1.299974,FALSE,16.69,FALSE,29.88,FALSE
2025-01-10 12:45:32,227,30,221,233,366,320,196,221,218,293,374,302,339,297,228,249,315,377,337,1468,794,691,676,519,468,1050,703,1092,858,544,609,641,864,658,426,525,444,368,287,655,401,FALSE,FALSE,FALSE,FALSE,FALSE,FALSE,FALSE,FALSE,FALSE,FALSE,FALSE,FALSE,FALSE,FALSE,FALSE,FALSE,FALSE,FALSE,FALSE,FALSE,FALSE,FALSE,FALSE,FALSE,FALSE,FALSE,FALSE,FALSE,FALSE,FALSE,FALSE,FALSE,FALSE,FALSE,FALSE,FALSE,FALSE,FALSE,FALSE,FALSE,FALSE,8.134306,3.503092,6.094635,2.514112,2.199352,1.970475,1.977364,1.927086,1.780171,1.811185,1.916431,2.063853,2.071919,2.15253,2.252813,2.368138,2.464802,2.515073,2.843912,9.41617,9.587618,9.624372,9.549236,9.685387,9.708042,10.15267,10.32124,10.56166,10.56536,10.57465,10.68525,10.70343,10.86738,3.134559,3.031003,3.22591,3.263023,3.153111,3.299388,3.449905,3.525115,TRUE,FALSE,FALSE,FALSE,FALSE,FALSE,FALSE,FALSE,FALSE,FALSE,FALSE,FALSE,FALSE,FALSE,FALSE,FALSE,FALSE,FALSE,FALSE,TRUE,TRUE,TRUE,TRUE,TRUE,TRUE,TRUE,TRUE,TRUE,TRUE,TRUE,TRUE,TRUE,TRUE,FALSE,FALSE,FALSE,FALSE,FALSE,FALSE,FALSE,FALSE,-27.5,0,26.75,FALSE,FALSE,FALSE,1.178208,1.137096,1.18806,FALSE,FALSE,FALSE,0,0,0,FALSE,FALSE,FALSE,1.298207,FALSE,14.32,FALSE,29.88,FALSE
2025-01-10 11:13:05,227,30,221,233,366,320,196,221,218,293,374,302,339,297,228,249,315,377,337,1468,794,691,676,519,468,1050,703,1092,858,544,609,641,864,658,426,525,444,368,287,655,401,FALSE,FALSE,FALSE,FALSE,FALSE,FALSE,FALSE,FALSE,FALSE,FALSE,FALSE,FALSE,FALSE,FALSE,FALSE,FALSE,FALSE,FALSE,FALSE,FALSE,FALSE,FALSE,FALSE,FALSE,FALSE,FALSE,FALSE,FALSE,FALSE,FALSE,FALSE,FALSE,FALSE,FALSE,FALSE,FALSE,FALSE,FALSE,FALSE,FALSE,FALSE,7.877032,3.784531,5.832777,2.587286,2.242017,2.015915,2.010419,1.944663,1.805032,1.846026,1.969626,2.203371,2.161484,2.21245,2.330292,2.452902,2.540786,2.565524,2.868163,8.797177,8.911725,8.972415,8.833013,9.101604,9.097319,9.432206,9.650362,9.900295,9.90067,10.00233,9.923882,9.950016,10.18386,2.933878,2.757851,3.030001,3.022637,2.852564,3.048014,3.218618,3.379867,TRUE,FALSE,FALSE,FALSE,FALSE,FALSE,FALSE,FALSE,FALSE,FALSE,FALSE,FALSE,FALSE,FALSE,FALSE,FALSE,FALSE,FALSE,FALSE,TRUE,TRUE,TRUE,TRUE,TRUE,TRUE,TRUE,TRUE,TRUE,TRUE,TRUE,TRUE,TRUE,TRUE,FALSE,FALSE,FALSE,FALSE,FALSE,FALSE,FALSE,FALSE,-27.45,0,26.725,FALSE,FALSE,FALSE,1.175668,1.138151,1.191338,FALSE,FALSE,FALSE,0,0,0,FALSE,FALSE,FALSE,1.30021,FALSE,14.93,FALSE,29.25,FALSE
2025-01-10 08:43:12,197,31,206,243,378,336,204,232,227,304,386,309,343,304,233,255,323,390,349,1346,730,648,625,470,428,978,630,972,755,501,561,589,802,646,423,519,439,371,291,668,413,FALSE,FALSE,FALSE,FALSE,FALSE,FALSE,FALSE,FALSE,FALSE,FALSE,FALSE,FALSE,FALSE,FALSE,FALSE,FALSE,FALSE,FALSE,FALSE,FALSE,FALSE,FALSE,FALSE,FALSE,FALSE,FALSE,FALSE,FALSE,FALSE,FALSE,FALSE,FALSE,FALSE,FALSE,FALSE,FALSE,FALSE,FALSE,FALSE,FALSE,FALSE,1.462787,4.232334,3.247709,2.553396,2.153084,1.979698,1.922076,1.857225,1.740064,1.813491,2.015523,2.244941,2.232849,2.311835,2.462683,2.553396,2.62589,2.624319,2.911793,2.663734,2.45323,2.246598,1.932732,2.031227,2.07492,2.306538,2.233253,2.581944,2.665673,2.516442,2.439666,2.718315,3.166072,1.995093,1.772429,1.983867,2.061872,1.83481,1.921915,2.157716,2.367248,FALSE,FALSE,FALSE,FALSE,FALSE,FALSE,FALSE,FALSE,FALSE,FALSE,FALSE,FALSE,FALSE,FALSE,FALSE,FALSE,FALSE,FALSE,FALSE,FALSE,FALSE,FALSE,FALSE,FALSE,FALSE,FALSE,FALSE,FALSE,FALSE,FALSE,FALSE,FALSE,FALSE,FALSE,FALSE,FALSE,FALSE,FALSE,FALSE,FALSE,FALSE,-27.5,0,27.075,FALSE,FALSE,FALSE,1.153352,1.143273,1.220851,FALSE,FALSE,FALSE,0,0,0,FALSE,FALSE,FALSE,1.307713,FALSE,16.06,FALSE,24.38,FALSE
2025-01-09 08:37:58,197,31,206,243,378,336,204,232,227,304,386,309,343,304,233,255,323,390,349,1346,730,648,625,470,428,978,630,972,755,501,561,589,802,646,423,519,439,371,291,668,413,FALSE,FALSE,FALSE,FALSE,FALSE,FALSE,FALSE,FALSE,FALSE,FALSE,FALSE,FALSE,FALSE,FALSE,FALSE,FALSE,FALSE,FALSE,FALSE,FALSE,FALSE,FALSE,FALSE,FALSE,FALSE,FALSE,FALSE,FALSE,FALSE,FALSE,FALSE,FALSE,FALSE,FALSE,FALSE,FALSE,FALSE,FALSE,FALSE,FALSE,FALSE,1.497494,4.095793,3.144334,2.518035,2.130795,1.930791,1.898326,1.83458,1.688406,1.751077,1.878691,2.148074,2.074046,2.127732,2.288589,2.406226,2.396689,2.438262,2.799093,3.434813,3.235196,3.10196,2.816986,2.953123,2.945811,3.238177,3.29444,3.559824,3.69559,3.569767,3.453934,3.741519,4.062469,1.721041,1.527154,1.735845,1.74396,1.517108,1.736607,2.098052,2.485304,FALSE,FALSE,FALSE,FALSE,FALSE,FALSE,FALSE,FALSE,FALSE,FALSE,FALSE,FALSE,FALSE,FALSE,FALSE,FALSE,FALSE,FALSE,FALSE,FALSE,FALSE,FALSE,FALSE,FALSE,FALSE,FALSE,FALSE,FALSE,FALSE,FALSE,FALSE,FALSE,FALSE,FALSE,FALSE,FALSE,FALSE,FALSE,FALSE,FALSE,FALSE,-27.475,0,27,FALSE,FALSE,FALSE,1.161673,1.142747,1.213057,FALSE,FALSE,FALSE,0,0,0,FALSE,FALSE,FALSE,1.304587,FALSE,15.88,FALSE,25.38,FALSE
2025-01-08 08:26:32,197,31,206,243,378,336,204,232,227,304,386,309,343,304,233,255,323,390,349,1346,730,648,625,470,428,978,630,972,755,501,561,589,802,646,423,519,439,371,291,668,413,FALSE,FALSE,FALSE,FALSE,FALSE,FALSE,FALSE,FALSE,FALSE,FALSE,FALSE,FALSE,FALSE,FALSE,FALSE,FALSE,FALSE,FALSE,FALSE,FALSE,FALSE,FALSE,FALSE,FALSE,FALSE,FALSE,FALSE,FALSE,FALSE,FALSE,FALSE,FALSE,FALSE,FALSE,FALSE,FALSE,FALSE,FALSE,FALSE,FALSE,FALSE,1.579982,4.29748,3.282521,2.638808,2.281114,2.060808,2.019243,1.97193,1.849081,1.917276,2.12113,2.462211,2.372257,2.427948,2.642913,2.640013,2.687781,2.802827,3.748019,2.37519,2.135949,1.943421,1.813915,1.883271,1.93871,2.181013,2.180903,2.394434,2.376666,2.159974,2.248597,2.946304,4.161644,2.42694,2.549391,2.584698,2.217937,1.941263,2.185232,2.839939,3.787412,FALSE,FALSE,FALSE,FALSE,FALSE,FALSE,FALSE,FALSE,FALSE,FALSE,FALSE,FALSE,FALSE,FALSE,FALSE,FALSE,FALSE,FALSE,FALSE,FALSE,FALSE,FALSE,FALSE,FALSE,FALSE,FALSE,FALSE,FALSE,FALSE,FALSE,FALSE,FALSE,FALSE,FALSE,FALSE,FALSE,FALSE,FALSE,FALSE,FALSE,FALSE,-27.4,0,27.1,FALSE,FALSE,FALSE,1.149606,1.142519,1.219218,FALSE,FALSE,FALSE,0,0,0,FALSE,FALSE,FALSE,1.307063,FALSE,15.56,FALSE,24.25,FALSE
2025-01-07 09:50:49,216,30,211,236,364,324,198,223,219,293,377,304,338,299,227,251,322,389,352,1393,763,663,650,494,443,997,659,1047,808,533,604,638,872,656,423,519,448,372,294,686,421,FALSE,FALSE,FALSE,FALSE,FALSE,FALSE,FALSE,FALSE,FALSE,FALSE,FALSE,FALSE,FALSE,FALSE,FALSE,FALSE,FALSE,FALSE,FALSE,FALSE,FALSE,FALSE,FALSE,FALSE,FALSE,FALSE,FALSE,FALSE,FALSE,FALSE,FALSE,FALSE,FALSE,FALSE,FALSE,FALSE,FALSE,FALSE,FALSE,FALSE,FALSE,4.882372,3.988402,4.241228,2.375772,2.01648,1.816338,1.790463,1.758538,1.58861,1.645997,1.837819,2.324546,2.228783,2.324598,2.755987,2.259649,2.176164,2.809361,4.991649,5.63264,5.692188,5.962183,6.002749,6.233615,6.278607,6.80816,7.074714,7.289522,7.144275,6.469785,6.229198,6.477883,8.050542,2.753013,3.148019,3.083019,2.311352,2.194455,3.218472,4.716252,6.539288,FALSE,FALSE,FALSE,FALSE,FALSE,FALSE,FALSE,FALSE,FALSE,FALSE,FALSE,FALSE,FALSE,FALSE,FALSE,FALSE,FALSE,FALSE,FALSE,FALSE,FALSE,FALSE,TRUE,TRUE,TRUE,TRUE,TRUE,TRUE,TRUE,TRUE,TRUE,TRUE,TRUE,FALSE,FALSE,FALSE,FALSE,FALSE,FALSE,FALSE,TRUE,-27.425,0,26.9,FALSE,FALSE,FALSE,1.167875,1.137074,1.197701,FALSE,FALSE,FALSE,0,0,0,FALSE,FALSE,FALSE,1.298337,FALSE,16.53,FALSE,27.88,FALSE
