"DateTime","FSC-Gain","SSC-Gain","SSC-B-Gain","UV1-Gain","UV2-Gain","UV3-Gain","UV4-Gain","UV5-Gain","UV6-Gain","UV7-Gain","UV8-Gain","UV9-Gain","UV10-Gain","UV11-Gain","UV12-Gain","UV13-Gain","UV14-Gain","UV15-Gain","UV16-Gain","V1-Gain","V2-Gain","V3-Gain","V4-Gain","V5-Gain","V6-Gain","V7-Gain","V8-Gain","V9-Gain","V10-Gain","V11-Gain","V12-Gain","V13-Gain","V14-Gain","V15-Gain","V16-Gain","B1-Gain","B2-Gain","B3-Gain","B4-Gain","B5-Gain","B6-Gain","B7-Gain","B8-Gain","B9-Gain","B10-Gain","B11-Gain","B12-Gain","B13-Gain","B14-Gain","YG1-Gain","YG2-Gain","YG3-Gain","YG4-Gain","YG5-Gain","YG6-Gain","YG7-Gain","YG8-Gain","YG9-Gain","YG10-Gain","R1-Gain","R2-Gain","R3-Gain","R4-Gain","R5-Gain","R6-Gain","R7-Gain","R8-Gain","Flag-FSC-Gain","Flag-SSC-Gain","Flag-SSC-B-Gain","Flag-UV1-Gain","Flag-UV2-Gain","Flag-UV3-Gain","Flag-UV4-Gain","Flag-UV5-Gain","Flag-UV6-Gain","Flag-UV7-Gain","Flag-UV8-Gain","Flag-UV9-Gain","Flag-UV10-Gain","Flag-UV11-Gain","Flag-UV12-Gain","Flag-UV13-Gain","Flag-UV14-Gain","Flag-UV15-Gain","Flag-UV16-Gain","Flag-V1-Gain","Flag-V2-Gain","Flag-V3-Gain","Flag-V4-Gain","Flag-V5-Gain","Flag-V6-Gain","Flag-V7-Gain","Flag-V8-Gain","Flag-V9-Gain","Flag-V10-Gain","Flag-V11-Gain","Flag-V12-Gain","Flag-V13-Gain","Flag-V14-Gain","Flag-V15-Gain","Flag-V16-Gain","Flag-B1-Gain","Flag-B2-Gain","Flag-B3-Gain","Flag-B4-Gain","Flag-B5-Gain","Flag-B6-Gain","Flag-B7-Gain","Flag-B8-Gain","Flag-B9-Gain","Flag-B10-Gain","Flag-B11-Gain","Flag-B12-Gain","Flag-B13-Gain","Flag-B14-Gain","Flag-YG1-Gain","Flag-YG2-Gain","Flag-YG3-Gain","Flag-YG4-Gain","Flag-YG5-Gain","Flag-YG6-Gain","Flag-YG7-Gain","Flag-YG8-Gain","Flag-YG9-Gain","Flag-YG10-Gain","Flag-R1-Gain","Flag-R2-Gain","Flag-R3-Gain","Flag-R4-Gain","Flag-R5-Gain","Flag-R6-Gain","Flag-R7-Gain","Flag-R8-Gain","FSC-% rCV","SSC-% rCV","SSC-B-% rCV","UV1-% rCV","UV2-% rCV","UV3-% rCV","UV4-% rCV","UV5-% rCV","UV6-% rCV","UV7-% rCV","UV8-% rCV","UV9-% rCV","UV10-% rCV","UV11-% rCV","UV12-% rCV","UV13-% rCV","UV14-% rCV","UV15-% rCV","UV16-% rCV","V1-% rCV","V2-% rCV","V3-% rCV","V4-% rCV","V5-% rCV","V6-% rCV","V7-% rCV","V8-% rCV","V9-% rCV","V10-% rCV","V11-% rCV","V12-% rCV","V13-% rCV","V14-% rCV","V15-% rCV","V16-% rCV","B1-% rCV","B2-% rCV","B3-% rCV","B4-% rCV","B5-% rCV","B6-% rCV","B7-% rCV","B8-% rCV","B9-% rCV","B10-% rCV","B11-% rCV","B12-% rCV","B13-% rCV","B14-% rCV","YG1-% rCV","YG2-% rCV","YG3-% rCV","YG4-% rCV","YG5-% rCV","YG6-% rCV","YG7-% rCV","YG8-% rCV","YG9-% rCV","YG10-% rCV","R1-% rCV","R2-% rCV","R3-% rCV","R4-% rCV","R5-% rCV","R6-% rCV","R7-% rCV","R8-% rCV","Flag-FSC-% rCV","Flag-SSC-% rCV","Flag-SSC-B-% rCV","Flag-UV1-% rCV","Flag-UV2-% rCV","Flag-UV3-% rCV","Flag-UV4-% rCV","Flag-UV5-% rCV","Flag-UV6-% rCV","Flag-UV7-% rCV","Flag-UV8-% rCV","Flag-UV9-% rCV","Flag-UV10-% rCV","Flag-UV11-% rCV","Flag-UV12-% rCV","Flag-UV13-% rCV","Flag-UV14-% rCV","Flag-UV15-% rCV","Flag-UV16-% rCV","Flag-V1-% rCV","Flag-V2-% rCV","Flag-V3-% rCV","Flag-V4-% rCV","Flag-V5-% rCV","Flag-V6-% rCV","Flag-V7-% rCV","Flag-V8-% rCV","Flag-V9-% rCV","Flag-V10-% rCV","Flag-V11-% rCV","Flag-V12-% rCV","Flag-V13-% rCV","Flag-V14-% rCV","Flag-V15-% rCV","Flag-V16-% rCV","Flag-B1-% rCV","Flag-B2-% rCV","Flag-B3-% rCV","Flag-B4-% rCV","Flag-B5-% rCV","Flag-B6-% rCV","Flag-B7-% rCV","Flag-B8-% rCV","Flag-B9-% rCV","Flag-B10-% rCV","Flag-B11-% rCV","Flag-B12-% rCV","Flag-B13-% rCV","Flag-B14-% rCV","Flag-YG1-% rCV","Flag-YG2-% rCV","Flag-YG3-% rCV","Flag-YG4-% rCV","Flag-YG5-% rCV","Flag-YG6-% rCV","Flag-YG7-% rCV","Flag-YG8-% rCV","Flag-YG9-% rCV","Flag-YG10-% rCV","Flag-R1-% rCV","Flag-R2-% rCV","Flag-R3-% rCV","Flag-R4-% rCV","Flag-R5-% rCV","Flag-R6-% rCV","Flag-R7-% rCV","Flag-R8-% rCV","YellowGreen-Laser Delay","Violet-Laser Delay","Blue-Laser Delay","Red-Laser Delay","UV-Laser Delay","Flag-YellowGreen-Laser Delay","Flag-Violet-Laser Delay","Flag-Blue-Laser Delay","Flag-Red-Laser Delay","Flag-UV-Laser Delay","YellowGreen-Area Scaling Factor","Violet-Area Scaling Factor","Blue-Area Scaling Factor","Red-Area Scaling Factor","UV-Area Scaling Factor","Flag-YellowGreen-Area Scaling Factor","Flag-Violet-Area Scaling Factor","Flag-Blue-Area Scaling Factor","Flag-Red-Area Scaling Factor","Flag-UV-Area Scaling Factor","YellowGreen-Laser Power","Violet-Laser Power","Blue-Laser Power","Red-Laser Power","UV-Laser Power","Flag-YellowGreen-Laser Power","Flag-Violet-Laser Power","Flag-Blue-Laser Power","Flag-Red-Laser Power","Flag-UV-Laser Power","FSCAreaScalingFactor","Flag-FSCAreaScalingFactor","FlowRate","Flag-FlowRate","Temperature","Flag-Temperature"
2026-07-01 08:26:45,1205,15,114,360,205,131,119,137,228,316,263,326,216,294,272,317,640,700,669,238,307,324,222,230,247,335,390,389,399,312,257,242,330,464,399,645,433,449,405,403,292,498,465,667,516,354,383,553,643,304,274,205,414,302,355,276,252,325,308,138,197,255,240,232,175,354,208,FALSE,FALSE,FALSE,FALSE,FALSE,FALSE,FALSE,FALSE,FALSE,FALSE,FALSE,FALSE,FALSE,FALSE,FALSE,FALSE,FALSE,FALSE,FALSE,FALSE,FALSE,FALSE,FALSE,FALSE,FALSE,FALSE,FALSE,FALSE,FALSE,FALSE,FALSE,FALSE,FALSE,FALSE,FALSE,FALSE,FALSE,FALSE,FALSE,FALSE,FALSE,FALSE,FALSE,FALSE,FALSE,FALSE,FALSE,FALSE,FALSE,FALSE,FALSE,FALSE,FALSE,FALSE,FALSE,FALSE,FALSE,FALSE,FALSE,FALSE,FALSE,FALSE,FALSE,FALSE,FALSE,FALSE,FALSE,2.3622181,5.0591016,3.129065,1.5579643,0.97805774,1.5183223,1.6502367,1.7664826,1.9131442,1.9737217,1.814817,1.6374059,1.468043,1.398686,1.4166653,1.4699022,1.5340812,1.6964674,1.7088339,1.5292379,1.6831889,1.8209037,1.8846067,1.8964628,1.7765622,1.6194711,1.3552212,1.337611,1.2295496,1.1477402,1.2099757,1.250366,1.2875774,1.3433088,1.3806732,2.0416353,1.8962344,1.8424538,1.8891165,1.8054721,1.9381506,1.9229869,1.924334,2.0432692,1.9530684,2.0873175,1.996786,2.2173946,2.1482472,1.8736948,1.7984682,1.9306233,1.9742839,1.947657,1.9542251,1.8832067,1.948155,1.951514,1.9819167,1.379562,1.2325878,1.3146505,1.2069594,1.3464712,1.222047,1.3593675,1.3464609,FALSE,FALSE,FALSE,FALSE,FALSE,FALSE,FALSE,FALSE,FALSE,FALSE,FALSE,FALSE,FALSE,FALSE,FALSE,FALSE,FALSE,FALSE,FALSE,FALSE,FALSE,FALSE,FALSE,FALSE,FALSE,FALSE,FALSE,FALSE,FALSE,FALSE,FALSE,FALSE,FALSE,FALSE,FALSE,FALSE,FALSE,FALSE,FALSE,FALSE,FALSE,FALSE,FALSE,FALSE,FALSE,FALSE,FALSE,FALSE,FALSE,FALSE,FALSE,FALSE,FALSE,FALSE,FALSE,FALSE,FALSE,FALSE,FALSE,FALSE,FALSE,FALSE,FALSE,FALSE,FALSE,FALSE,FALSE,-40.35,-20.45,0,19.47,39.67,FALSE,FALSE,FALSE,FALSE,FALSE,1.16,0.97,1.05,1.05,1.06,FALSE,FALSE,FALSE,FALSE,FALSE,49.1,100,50.038235,80.89489,20.000996,FALSE,FALSE,FALSE,FALSE,FALSE,1.1,FALSE,13.82,FALSE,25.1,FALSE
2026-06-30 08:23:39,1205,15,114,357,205,131,119,136,228,314,265,326,217,297,272,318,642,708,668,237,303,322,221,230,248,334,388,393,404,314,259,245,330,463,398,645,432,448,407,404,293,497,472,678,515,355,385,562,648,304,275,207,414,305,356,280,256,327,313,138,195,258,240,233,177,357,209,FALSE,FALSE,FALSE,FALSE,FALSE,FALSE,FALSE,FALSE,FALSE,FALSE,FALSE,FALSE,FALSE,FALSE,FALSE,FALSE,FALSE,FALSE,FALSE,FALSE,FALSE,FALSE,FALSE,FALSE,FALSE,FALSE,FALSE,FALSE,FALSE,FALSE,FALSE,FALSE,FALSE,FALSE,FALSE,FALSE,FALSE,FALSE,FALSE,FALSE,FALSE,FALSE,FALSE,FALSE,FALSE,FALSE,FALSE,FALSE,FALSE,FALSE,FALSE,FALSE,FALSE,FALSE,FALSE,FALSE,FALSE,FALSE,FALSE,FALSE,FALSE,FALSE,FALSE,FALSE,FALSE,FALSE,FALSE,2.2790115,5.0631633,2.980395,1.7095158,0.889576,1.3233894,1.4489719,1.5425305,1.6974208,1.7469205,1.5942189,1.431855,1.303308,1.2627568,1.303829,1.3124212,1.4053323,1.5773062,1.6196629,1.3489155,1.5104761,1.6039968,1.6780857,1.69506,1.5774214,1.4354645,1.2280855,1.2077646,1.1082876,1.0510247,1.1052316,1.1546541,1.1688279,1.2317597,1.3174889,1.9951072,1.8438509,1.8034332,1.8479003,1.7753258,1.8838234,1.8786559,1.8372927,1.9805399,1.8772613,2.0261595,1.9242412,2.1646671,2.1600254,1.8625381,1.7831992,1.9072632,1.9224517,1.8771595,1.8880002,1.8292073,1.8832835,1.9140661,1.9650235,1.3327364,1.2197855,1.2860241,1.1804107,1.3112779,1.2042067,1.3597507,1.3443322,FALSE,FALSE,FALSE,FALSE,FALSE,FALSE,FALSE,FALSE,FALSE,FALSE,FALSE,FALSE,FALSE,FALSE,FALSE,FALSE,FALSE,FALSE,FALSE,FALSE,FALSE,FALSE,FALSE,FALSE,FALSE,FALSE,FALSE,FALSE,FALSE,FALSE,FALSE,FALSE,FALSE,FALSE,FALSE,FALSE,FALSE,FALSE,FALSE,FALSE,FALSE,FALSE,FALSE,FALSE,FALSE,FALSE,FALSE,FALSE,FALSE,FALSE,FALSE,FALSE,FALSE,FALSE,FALSE,FALSE,FALSE,FALSE,FALSE,FALSE,FALSE,FALSE,FALSE,FALSE,FALSE,FALSE,FALSE,-40.28,-20.4,0,19.5,39.53,FALSE,FALSE,FALSE,FALSE,FALSE,1.16,0.97,1.05,1.05,1.06,FALSE,FALSE,FALSE,FALSE,FALSE,49.1,100,50.038235,80.89489,20.00299,FALSE,FALSE,FALSE,FALSE,FALSE,1.1,FALSE,12.66,FALSE,24.8,FALSE
2026-06-29 08:26:28,1205,15,114,357,205,131,119,136,228,314,265,326,217,297,272,318,642,708,668,237,303,322,221,230,248,334,388,393,404,314,259,245,330,463,398,645,432,448,407,404,293,497,472,678,515,355,385,562,648,304,275,207,414,305,356,280,256,327,313,138,195,258,240,233,177,357,209,FALSE,FALSE,FALSE,FALSE,FALSE,FALSE,FALSE,FALSE,FALSE,FALSE,FALSE,FALSE,FALSE,FALSE,FALSE,FALSE,FALSE,FALSE,FALSE,FALSE,FALSE,FALSE,FALSE,FALSE,FALSE,FALSE,FALSE,FALSE,FALSE,FALSE,FALSE,FALSE,FALSE,FALSE,FALSE,FALSE,FALSE,FALSE,FALSE,FALSE,FALSE,FALSE,FALSE,FALSE,FALSE,FALSE,FALSE,FALSE,FALSE,FALSE,FALSE,FALSE,FALSE,FALSE,FALSE,FALSE,FALSE,FALSE,FALSE,FALSE,FALSE,FALSE,FALSE,FALSE,FALSE,FALSE,FALSE,2.4199533,5.137771,3.1200564,2.1849296,1.0009276,1.1129966,1.2107208,1.3059291,1.4386163,1.4933912,1.3295668,1.2026551,1.0907177,1.0914421,1.1332221,1.183861,1.3109955,1.5522715,1.5876062,1.8184476,1.9903947,2.0998976,2.194886,2.1994572,2.074486,1.9264612,1.6609659,1.6184462,1.4999778,1.4262304,1.4823792,1.5404195,1.5519813,1.5819954,1.6409479,2.0471337,1.9297348,1.8909806,1.9574491,1.8847601,1.980912,2.0128403,1.9614524,2.0737529,1.9561472,2.104174,1.9658602,2.2398036,2.1795702,1.9973705,1.9067439,2.0125082,2.0869148,2.0223129,1.9985597,1.9557949,1.9828525,2.0127738,2.0406866,1.3890704,1.26271,1.3328799,1.2185632,1.3513001,1.2549571,1.3975239,1.3743757,FALSE,FALSE,FALSE,FALSE,FALSE,FALSE,FALSE,FALSE,FALSE,FALSE,FALSE,FALSE,FALSE,FALSE,FALSE,FALSE,FALSE,FALSE,FALSE,FALSE,FALSE,FALSE,FALSE,FALSE,FALSE,FALSE,FALSE,FALSE,FALSE,FALSE,FALSE,FALSE,FALSE,FALSE,FALSE,FALSE,FALSE,FALSE,FALSE,FALSE,FALSE,FALSE,FALSE,FALSE,FALSE,FALSE,FALSE,FALSE,FALSE,FALSE,FALSE,FALSE,FALSE,FALSE,FALSE,FALSE,FALSE,FALSE,FALSE,FALSE,FALSE,FALSE,FALSE,FALSE,FALSE,FALSE,FALSE,-40.42,-20.47,0,19.42,39.58,FALSE,FALSE,FALSE,FALSE,FALSE,1.16,0.97,1.05,1.05,1.06,FALSE,FALSE,FALSE,FALSE,FALSE,49.1,100,50.038235,80.89489,19.871386,FALSE,FALSE,FALSE,FALSE,FALSE,1.1,FALSE,18.7,FALSE,25.5,FALSE
2026-06-26 08:45:47,1205,15,114,357,202,131,119,134,225,309,254,312,210,296,291,367,756,850,814,235,304,321,219,226,242,323,368,373,391,308,278,280,389,561,490,626,420,424,379,384,280,487,470,732,580,407,449,657,770,288,268,204,419,317,404,331,307,404,389,141,214,301,294,290,219,449,269,FALSE,FALSE,FALSE,FALSE,FALSE,FALSE,FALSE,FALSE,FALSE,FALSE,FALSE,FALSE,FALSE,FALSE,FALSE,FALSE,FALSE,FALSE,FALSE,FALSE,FALSE,FALSE,FALSE,FALSE,FALSE,FALSE,FALSE,FALSE,FALSE,FALSE,FALSE,FALSE,FALSE,FALSE,FALSE,FALSE,FALSE,FALSE,FALSE,FALSE,FALSE,FALSE,FALSE,FALSE,FALSE,FALSE,FALSE,FALSE,FALSE,FALSE,FALSE,FALSE,FALSE,FALSE,FALSE,FALSE,FALSE,FALSE,FALSE,FALSE,FALSE,FALSE,FALSE,FALSE,FALSE,FALSE,FALSE,2.4959552,5.0573153,3.1018467,3.0004208,1.6257267,1.3068203,1.2209749,1.1768376,1.2004608,1.3238398,1.4498167,1.6860684,1.2295976,1.2917203,2.14752,3.2228582,3.658996,4.1460176,4.161248,1.7920898,1.9383284,2.0557563,2.0648868,2.0475867,1.9107152,1.7583793,1.7349157,1.581149,1.459886,1.5866455,2.5895472,3.5165522,3.854492,4.230635,4.269545,2.1511924,2.1211414,2.208791,2.3511586,2.1557744,2.103524,2.043953,2.0011501,2.68,3.0894272,3.4208436,3.601147,4.0525455,4.004747,2.341884,1.9039333,1.9493233,1.9938449,2.154788,2.9916701,3.6330502,3.9069548,4.197345,4.3303585,1.709269,2.2033699,3.4997578,4.091122,4.347416,4.218356,4.479363,4.620153,FALSE,FALSE,FALSE,FALSE,FALSE,FALSE,FALSE,FALSE,FALSE,FALSE,FALSE,FALSE,FALSE,FALSE,FALSE,FALSE,FALSE,FALSE,FALSE,FALSE,FALSE,FALSE,FALSE,FALSE,FALSE,FALSE,FALSE,FALSE,FALSE,FALSE,FALSE,FALSE,FALSE,FALSE,FALSE,FALSE,FALSE,FALSE,FALSE,FALSE,FALSE,FALSE,FALSE,FALSE,FALSE,FALSE,FALSE,FALSE,FALSE,FALSE,FALSE,FALSE,FALSE,FALSE,FALSE,FALSE,FALSE,FALSE,FALSE,FALSE,FALSE,FALSE,FALSE,FALSE,FALSE,FALSE,FALSE,-40.38,-20.45,0,19.53,39.82,FALSE,FALSE,FALSE,FALSE,FALSE,1.16,0.97,1.05,1.05,1.07,FALSE,FALSE,FALSE,FALSE,FALSE,49.1,100,50.038235,80.89489,19.929213,FALSE,FALSE,FALSE,FALSE,FALSE,1.1,FALSE,13.01,FALSE,25.2,FALSE
2026-06-25 08:43:31,1205,15,115,351,200,127,115,132,220,304,255,314,208,284,263,306,621,682,653,234,303,322,220,228,246,333,387,389,396,314,254,243,327,460,398,643,433,446,405,405,290,500,472,673,513,352,382,556,644,301,268,203,408,300,353,276,252,320,306,139,195,258,240,233,176,355,210,FALSE,FALSE,FALSE,FALSE,FALSE,FALSE,FALSE,FALSE,FALSE,FALSE,FALSE,FALSE,FALSE,FALSE,FALSE,FALSE,FALSE,FALSE,FALSE,FALSE,FALSE,FALSE,FALSE,FALSE,FALSE,FALSE,FALSE,FALSE,FALSE,FALSE,FALSE,FALSE,FALSE,FALSE,FALSE,FALSE,FALSE,FALSE,FALSE,FALSE,FALSE,FALSE,FALSE,FALSE,FALSE,FALSE,FALSE,FALSE,FALSE,FALSE,FALSE,FALSE,FALSE,FALSE,FALSE,FALSE,FALSE,FALSE,FALSE,FALSE,FALSE,FALSE,FALSE,FALSE,FALSE,FALSE,FALSE,2.3877394,5.0013933,3.023192,3.0222163,1.7392868,1.3699956,1.2918713,1.1916542,1.1794454,1.2366674,1.1335996,1.2204206,1.2514738,1.3464358,1.4282061,1.4583218,1.5639801,1.7350957,1.7641565,1.5045891,1.6462188,1.7456343,1.8243506,1.8266833,1.701645,1.6020294,1.3582423,1.3320177,1.2294569,1.1541467,1.2101179,1.2626082,1.2780899,1.3320804,1.4219644,2.0329347,1.8827064,1.8212729,1.8844645,1.8239219,1.9390067,1.9321401,1.9153545,2.0248153,1.9377034,2.0634363,1.9730413,2.1785507,2.1510532,1.9107193,1.8370554,1.9470092,1.977884,1.9477772,1.9448175,1.8960139,1.9475113,1.9641665,2.0180652,1.380057,1.2483301,1.3196648,1.2077256,1.3290507,1.2396818,1.3901602,1.3732468,FALSE,FALSE,FALSE,FALSE,FALSE,FALSE,FALSE,FALSE,FALSE,FALSE,FALSE,FALSE,FALSE,FALSE,FALSE,FALSE,FALSE,FALSE,FALSE,FALSE,FALSE,FALSE,FALSE,FALSE,FALSE,FALSE,FALSE,FALSE,FALSE,FALSE,FALSE,FALSE,FALSE,FALSE,FALSE,FALSE,FALSE,FALSE,FALSE,FALSE,FALSE,FALSE,FALSE,FALSE,FALSE,FALSE,FALSE,FALSE,FALSE,FALSE,FALSE,FALSE,FALSE,FALSE,FALSE,FALSE,FALSE,FALSE,FALSE,FALSE,FALSE,FALSE,FALSE,FALSE,FALSE,FALSE,FALSE,-40.32,-20.43,0,19.5,39.75,FALSE,FALSE,FALSE,FALSE,FALSE,1.16,0.97,1.05,1.05,1.06,FALSE,FALSE,FALSE,FALSE,FALSE,49.1,100,50.038235,80.84444,20.066801,FALSE,FALSE,FALSE,FALSE,FALSE,1.1,FALSE,11.91,FALSE,25.4,FALSE
2026-06-24 08:28:14,1205,15,115,351,200,127,115,132,220,304,255,314,208,284,263,306,621,682,653,234,303,322,220,228,246,333,387,389,396,314,254,243,327,460,398,643,433,446,405,405,290,500,472,673,513,352,382,556,644,301,268,203,408,300,353,276,252,320,306,139,195,258,240,233,176,355,210,FALSE,FALSE,FALSE,FALSE,FALSE,FALSE,FALSE,FALSE,FALSE,FALSE,FALSE,FALSE,FALSE,FALSE,FALSE,FALSE,FALSE,FALSE,FALSE,FALSE,FALSE,FALSE,FALSE,FALSE,FALSE,FALSE,FALSE,FALSE,FALSE,FALSE,FALSE,FALSE,FALSE,FALSE,FALSE,FALSE,FALSE,FALSE,FALSE,FALSE,FALSE,FALSE,FALSE,FALSE,FALSE,FALSE,FALSE,FALSE,FALSE,FALSE,FALSE,FALSE,FALSE,FALSE,FALSE,FALSE,FALSE,FALSE,FALSE,FALSE,FALSE,FALSE,FALSE,FALSE,FALSE,FALSE,FALSE,2.2050188,4.917432,2.957625,1.6881533,0.88534683,1.231941,1.3238198,1.4277017,1.573147,1.6191041,1.4767964,1.3642927,1.2516114,1.2102715,1.257411,1.3092824,1.3962836,1.5981469,1.6440117,1.2195034,1.3684613,1.4533271,1.5048693,1.5023946,1.4159985,1.2861649,1.1212559,1.1133226,1.0409933,0.98937273,1.0448177,1.0740508,1.112506,1.1831292,1.2899933,1.9701567,1.8278463,1.7775608,1.8165022,1.7445382,1.8647205,1.836757,1.8581374,1.9240701,1.8597907,1.9953581,1.9057369,2.1275191,2.1347523,1.7631282,1.7013693,1.8113931,1.8271593,1.7760407,1.8053472,1.7589618,1.7883605,1.8096837,1.8458313,1.3851155,1.1991452,1.2664431,1.1662507,1.2849618,1.1732177,1.3033715,1.2981379,FALSE,FALSE,FALSE,FALSE,FALSE,FALSE,FALSE,FALSE,FALSE,FALSE,FALSE,FALSE,FALSE,FALSE,FALSE,FALSE,FALSE,FALSE,FALSE,FALSE,FALSE,FALSE,FALSE,FALSE,FALSE,FALSE,FALSE,FALSE,FALSE,FALSE,FALSE,FALSE,FALSE,FALSE,FALSE,FALSE,FALSE,FALSE,FALSE,FALSE,FALSE,FALSE,FALSE,FALSE,FALSE,FALSE,FALSE,FALSE,FALSE,FALSE,FALSE,FALSE,FALSE,FALSE,FALSE,FALSE,FALSE,FALSE,FALSE,FALSE,FALSE,FALSE,FALSE,FALSE,FALSE,FALSE,FALSE,-40.25,-20.42,0,19.45,39.65,FALSE,FALSE,FALSE,FALSE,FALSE,1.16,0.97,1.05,1.05,1.06,FALSE,FALSE,FALSE,FALSE,FALSE,49.1,100,50.038235,80.84444,19.949154,FALSE,FALSE,FALSE,FALSE,FALSE,1.1,FALSE,10.37,FALSE,25.1,FALSE
2026-06-23 09:24:36,1205,15,115,351,200,127,115,132,220,304,255,314,208,284,263,306,621,682,653,234,303,322,220,228,246,333,387,389,396,314,254,243,327,460,398,643,433,446,405,405,290,500,472,673,513,352,382,556,644,301,268,203,408,300,353,276,252,320,306,139,195,258,240,233,176,355,210,FALSE,FALSE,FALSE,FALSE,FALSE,FALSE,FALSE,FALSE,FALSE,FALSE,FALSE,FALSE,FALSE,FALSE,FALSE,FALSE,FALSE,FALSE,FALSE,FALSE,FALSE,FALSE,FALSE,FALSE,FALSE,FALSE,FALSE,FALSE,FALSE,FALSE,FALSE,FALSE,FALSE,FALSE,FALSE,FALSE,FALSE,FALSE,FALSE,FALSE,FALSE,FALSE,FALSE,FALSE,FALSE,FALSE,FALSE,FALSE,FALSE,FALSE,FALSE,FALSE,FALSE,FALSE,FALSE,FALSE,FALSE,FALSE,FALSE,FALSE,FALSE,FALSE,FALSE,FALSE,FALSE,FALSE,FALSE,2.3125393,5.0473623,2.9300225,1.040133,1.4464432,1.9521471,2.055905,2.1575818,2.2607174,2.2933533,2.1486053,2.0135515,1.8492956,1.8051097,1.804675,1.8329067,1.8624018,1.9871292,2.0010672,1.4206483,1.5599117,1.6534129,1.7151945,1.7010972,1.6272942,1.5198092,1.3458369,1.3204106,1.2310022,1.1750002,1.1951888,1.2310494,1.2533518,1.3186417,1.3816396,1.999452,1.8670592,1.7704742,1.8091472,1.7534606,1.8771311,1.8544028,1.8549109,1.9652685,1.8723955,2.0016708,1.8970317,2.122517,2.0721695,1.1947808,1.1007454,1.2360047,1.2357595,1.1975772,1.285016,1.2148123,1.2582555,1.3172575,1.3439757,1.2827963,1.1699648,1.2335615,1.1407363,1.2805443,1.1554537,1.2846601,1.2806954,FALSE,FALSE,FALSE,FALSE,FALSE,FALSE,FALSE,FALSE,FALSE,FALSE,FALSE,FALSE,FALSE,FALSE,FALSE,FALSE,FALSE,FALSE,FALSE,FALSE,FALSE,FALSE,FALSE,FALSE,FALSE,FALSE,FALSE,FALSE,FALSE,FALSE,FALSE,FALSE,FALSE,FALSE,FALSE,FALSE,FALSE,FALSE,FALSE,FALSE,FALSE,FALSE,FALSE,FALSE,FALSE,FALSE,FALSE,FALSE,FALSE,FALSE,FALSE,FALSE,FALSE,FALSE,FALSE,FALSE,FALSE,FALSE,FALSE,FALSE,FALSE,FALSE,FALSE,FALSE,FALSE,FALSE,FALSE,-40.18,-20.38,0,19.4,39.63,FALSE,FALSE,FALSE,FALSE,FALSE,1.16,0.97,1.05,1.05,1.07,FALSE,FALSE,FALSE,FALSE,FALSE,49.1,100,50.038235,80.84444,19.952145,FALSE,FALSE,FALSE,FALSE,FALSE,1.1,FALSE,10.71,FALSE,25.6,FALSE
2026-06-19 09:16:07,1205,15,113,360,204,131,119,136,228,312,258,315,213,297,290,360,742,825,794,234,303,319,219,224,242,323,370,373,388,309,275,273,379,543,473,634,425,427,387,387,280,482,470,710,568,397,435,636,746,289,269,204,418,313,393,322,297,389,376,141,211,294,284,279,211,430,257,FALSE,FALSE,FALSE,FALSE,FALSE,FALSE,FALSE,FALSE,FALSE,FALSE,FALSE,FALSE,FALSE,FALSE,FALSE,FALSE,FALSE,FALSE,FALSE,FALSE,FALSE,FALSE,FALSE,FALSE,FALSE,FALSE,FALSE,FALSE,FALSE,FALSE,FALSE,FALSE,FALSE,FALSE,FALSE,FALSE,FALSE,FALSE,FALSE,FALSE,FALSE,FALSE,FALSE,FALSE,FALSE,FALSE,FALSE,FALSE,FALSE,FALSE,FALSE,FALSE,FALSE,FALSE,FALSE,FALSE,FALSE,FALSE,FALSE,FALSE,FALSE,FALSE,FALSE,FALSE,FALSE,FALSE,FALSE,2.5478885,5.078679,3.1140594,2.6025693,1.3550322,1.1172955,1.1379974,1.1436635,1.2673129,1.3885373,1.4541341,1.650888,1.1036879,1.1261845,2.0581384,3.1091871,3.5195193,3.975927,4.091819,1.645865,1.7977027,1.9272027,1.9631257,1.9537045,1.8045151,1.6366075,1.6544974,1.4708219,1.2685212,1.2880849,2.3744843,3.306451,3.6457424,4.012022,4.1294956,2.179488,2.0871723,2.2295034,2.35021,2.1680253,2.1157217,2.0438006,1.977735,2.6550763,3.0254786,3.4030352,3.5625226,3.9619408,3.9420075,2.2132034,1.8046638,1.8545816,1.8954778,2.021597,2.8095088,3.413566,3.7214837,4.0323534,4.1626945,1.6820663,2.1757984,3.368207,3.94344,4.2077246,4.1218,4.3879466,4.5506945,FALSE,FALSE,FALSE,FALSE,FALSE,FALSE,FALSE,FALSE,FALSE,FALSE,FALSE,FALSE,FALSE,FALSE,FALSE,FALSE,FALSE,FALSE,FALSE,FALSE,FALSE,FALSE,FALSE,FALSE,FALSE,FALSE,FALSE,FALSE,FALSE,FALSE,FALSE,FALSE,FALSE,FALSE,FALSE,FALSE,FALSE,FALSE,FALSE,FALSE,FALSE,FALSE,FALSE,FALSE,FALSE,FALSE,FALSE,FALSE,FALSE,FALSE,FALSE,FALSE,FALSE,FALSE,FALSE,FALSE,FALSE,FALSE,FALSE,FALSE,FALSE,FALSE,FALSE,FALSE,FALSE,FALSE,FALSE,-40.25,-20.38,0,19.47,39.65,FALSE,FALSE,FALSE,FALSE,FALSE,1.16,0.97,1.05,1.05,1.06,FALSE,FALSE,FALSE,FALSE,FALSE,49.1,100,50.038235,80.84444,20.041874,FALSE,FALSE,FALSE,FALSE,FALSE,1.1,FALSE,14.79,FALSE,25.8,FALSE
2026-06-18 08:26:57,1205,15,115,356,205,131,119,136,227,316,264,327,216,298,273,318,646,711,673,234,300,321,220,227,244,333,386,387,395,314,255,244,330,464,401,639,436,451,409,406,295,501,473,677,522,355,386,564,648,299,269,203,413,299,355,276,253,323,308,140,198,259,243,234,178,359,211,FALSE,FALSE,FALSE,FALSE,FALSE,FALSE,FALSE,FALSE,FALSE,FALSE,FALSE,FALSE,FALSE,FALSE,FALSE,FALSE,FALSE,FALSE,FALSE,FALSE,FALSE,FALSE,FALSE,FALSE,FALSE,FALSE,FALSE,FALSE,FALSE,FALSE,FALSE,FALSE,FALSE,FALSE,FALSE,FALSE,FALSE,FALSE,FALSE,FALSE,FALSE,FALSE,FALSE,FALSE,FALSE,FALSE,FALSE,FALSE,FALSE,FALSE,FALSE,FALSE,FALSE,FALSE,FALSE,FALSE,FALSE,FALSE,FALSE,FALSE,FALSE,FALSE,FALSE,FALSE,FALSE,FALSE,FALSE,2.1517513,5.004758,2.8784704,1.9424756,1.1230202,1.0156791,1.0027075,1.0119528,1.0592016,1.1114129,1.005672,0.997804,0.9749595,1.0576302,1.1075026,1.1769418,1.290331,1.5580145,1.5902888,1.0771077,1.1740482,1.2392526,1.2699049,1.2870922,1.2140884,1.1189762,1.0049175,0.985978,0.91080415,0.87648046,0.92387956,0.9736822,0.97974735,1.0490682,1.1782405,1.9761113,1.7640226,1.7170725,1.7519733,1.6652181,1.8009809,1.7573208,1.7656448,1.9066485,1.8005655,1.9695921,1.8604215,2.0846212,2.0224752,1.5183506,1.4247144,1.5516582,1.5503238,1.5294209,1.5859088,1.5154725,1.5805302,1.6373333,1.6441228,1.2588023,1.1741513,1.2520566,1.1274041,1.2531799,1.1255692,1.2679393,1.2497929,FALSE,FALSE,FALSE,FALSE,FALSE,FALSE,FALSE,FALSE,FALSE,FALSE,FALSE,FALSE,FALSE,FALSE,FALSE,FALSE,FALSE,FALSE,FALSE,FALSE,FALSE,FALSE,FALSE,FALSE,FALSE,FALSE,FALSE,FALSE,FALSE,FALSE,FALSE,FALSE,FALSE,FALSE,FALSE,FALSE,FALSE,FALSE,FALSE,FALSE,FALSE,FALSE,FALSE,FALSE,FALSE,FALSE,FALSE,FALSE,FALSE,FALSE,FALSE,FALSE,FALSE,FALSE,FALSE,FALSE,FALSE,FALSE,FALSE,FALSE,FALSE,FALSE,FALSE,FALSE,FALSE,FALSE,FALSE,-40.3,-20.4,0,19.5,39.8,FALSE,FALSE,FALSE,FALSE,FALSE,1.16,0.97,1.05,1.05,1.06,FALSE,FALSE,FALSE,FALSE,FALSE,49.1,99.908966,50.038235,80.84444,19.97408,FALSE,FALSE,FALSE,FALSE,FALSE,1.1,FALSE,9.01,FALSE,25.1,FALSE
2026-06-17 08:52:12,1205,15,115,356,205,131,119,136,227,316,264,327,216,298,273,318,646,711,673,234,300,321,220,227,244,333,386,387,395,314,255,244,330,464,401,639,436,451,409,406,295,501,473,677,522,355,386,564,648,299,269,203,413,299,355,276,253,323,308,140,198,259,243,234,178,359,211,FALSE,FALSE,FALSE,FALSE,FALSE,FALSE,FALSE,FALSE,FALSE,FALSE,FALSE,FALSE,FALSE,FALSE,FALSE,FALSE,FALSE,FALSE,FALSE,FALSE,FALSE,FALSE,FALSE,FALSE,FALSE,FALSE,FALSE,FALSE,FALSE,FALSE,FALSE,FALSE,FALSE,FALSE,FALSE,FALSE,FALSE,FALSE,FALSE,FALSE,FALSE,FALSE,FALSE,FALSE,FALSE,FALSE,FALSE,FALSE,FALSE,FALSE,FALSE,FALSE,FALSE,FALSE,FALSE,FALSE,FALSE,FALSE,FALSE,FALSE,FALSE,FALSE,FALSE,FALSE,FALSE,FALSE,FALSE,2.150469,5.054192,2.897007,1.7154751,1.0593415,1.0232136,1.0172467,1.0334612,1.0941491,1.1494048,1.0572469,1.0326737,0.9909694,1.0513854,1.125205,1.1768913,1.3031945,1.5652488,1.5855088,1.2362723,1.3287548,1.4009191,1.4508334,1.4544593,1.3833036,1.2987196,1.1672456,1.1444243,1.0838131,1.0149213,1.0594498,1.086163,1.1182165,1.1550019,1.2655842,1.9255636,1.7745757,1.7120445,1.739202,1.6511046,1.8007591,1.762349,1.7596055,1.8939307,1.8026767,1.9725783,1.8475006,2.0652034,2.0597346,1.1103718,1.0190804,1.1615528,1.1284598,1.1329477,1.2361524,1.1855463,1.2460454,1.2929541,1.2674183,1.2779769,1.1705035,1.2349366,1.1357435,1.2527328,1.1321952,1.2719265,1.2580367,FALSE,FALSE,FALSE,FALSE,FALSE,FALSE,FALSE,FALSE,FALSE,FALSE,FALSE,FALSE,FALSE,FALSE,FALSE,FALSE,FALSE,FALSE,FALSE,FALSE,FALSE,FALSE,FALSE,FALSE,FALSE,FALSE,FALSE,FALSE,FALSE,FALSE,FALSE,FALSE,FALSE,FALSE,FALSE,FALSE,FALSE,FALSE,FALSE,FALSE,FALSE,FALSE,FALSE,FALSE,FALSE,FALSE,FALSE,FALSE,FALSE,FALSE,FALSE,FALSE,FALSE,FALSE,FALSE,FALSE,FALSE,FALSE,FALSE,FALSE,FALSE,FALSE,FALSE,FALSE,FALSE,FALSE,FALSE,-40.22,-20.35,0,19.45,39.67,FALSE,FALSE,FALSE,FALSE,FALSE,1.16,0.97,1.05,1.05,1.07,FALSE,FALSE,FALSE,FALSE,FALSE,49.1,100,50.038235,80.84444,20.00997,FALSE,FALSE,FALSE,FALSE,FALSE,1.1,FALSE,9.01,FALSE,26.2,FALSE
2026-06-16 09:43:50,1205,15,115,356,205,131,119,136,227,316,264,327,216,298,273,318,646,711,673,234,300,321,220,227,244,333,386,387,395,314,255,244,330,464,401,639,436,451,409,406,295,501,473,677,522,355,386,564,648,299,269,203,413,299,355,276,253,323,308,140,198,259,243,234,178,359,211,FALSE,FALSE,FALSE,FALSE,FALSE,FALSE,FALSE,FALSE,FALSE,FALSE,FALSE,FALSE,FALSE,FALSE,FALSE,FALSE,FALSE,FALSE,FALSE,FALSE,FALSE,FALSE,FALSE,FALSE,FALSE,FALSE,FALSE,FALSE,FALSE,FALSE,FALSE,FALSE,FALSE,FALSE,FALSE,FALSE,FALSE,FALSE,FALSE,FALSE,FALSE,FALSE,FALSE,FALSE,FALSE,FALSE,FALSE,FALSE,FALSE,FALSE,FALSE,FALSE,FALSE,FALSE,FALSE,FALSE,FALSE,FALSE,FALSE,FALSE,FALSE,FALSE,FALSE,FALSE,FALSE,FALSE,FALSE,2.450319,5.0413985,2.9789572,2.3770237,1.3548304,1.1675295,1.1288602,1.1074855,1.1538205,1.2133468,1.0847256,1.1176602,1.0934006,1.1574855,1.2005744,1.2677212,1.3751973,1.5985479,1.6249583,1.3799065,1.522636,1.5923839,1.672346,1.6823769,1.5808257,1.4672208,1.282627,1.2495145,1.1580102,1.0971841,1.141277,1.2005669,1.1930149,1.2596534,1.3393838,2.0365145,1.9001316,1.8029943,1.8369051,1.789473,1.899641,1.8855903,1.8833538,1.9899111,1.8817441,2.021257,1.9006869,2.120302,2.0979624,1.7999374,1.7175674,1.8251134,1.832526,1.8315288,1.8219597,1.7822216,1.8191643,1.833071,1.8633829,1.3058708,1.234141,1.3045746,1.2031767,1.3182706,1.2066307,1.342203,1.326188,FALSE,FALSE,FALSE,FALSE,FALSE,FALSE,FALSE,FALSE,FALSE,FALSE,FALSE,FALSE,FALSE,FALSE,FALSE,FALSE,FALSE,FALSE,FALSE,FALSE,FALSE,FALSE,FALSE,FALSE,FALSE,FALSE,FALSE,FALSE,FALSE,FALSE,FALSE,FALSE,FALSE,FALSE,FALSE,FALSE,FALSE,FALSE,FALSE,FALSE,FALSE,FALSE,FALSE,FALSE,FALSE,FALSE,FALSE,FALSE,FALSE,FALSE,FALSE,FALSE,FALSE,FALSE,FALSE,FALSE,FALSE,FALSE,FALSE,FALSE,FALSE,FALSE,FALSE,FALSE,FALSE,FALSE,FALSE,-40.25,-20.38,0,19.47,39.7,FALSE,FALSE,FALSE,FALSE,FALSE,1.16,0.97,1.05,1.05,1.06,FALSE,FALSE,FALSE,FALSE,FALSE,49.1,100,50.038235,80.84444,19.983051,FALSE,FALSE,FALSE,FALSE,FALSE,1.09,FALSE,8.03,FALSE,25.9,FALSE
2026-06-15 09:13:58,1205,15,115,356,205,131,119,136,227,316,264,327,216,298,273,318,646,711,673,234,300,321,220,227,244,333,386,387,395,314,255,244,330,464,401,639,436,451,409,406,295,501,473,677,522,355,386,564,648,299,269,203,413,299,355,276,253,323,308,140,198,259,243,234,178,359,211,FALSE,FALSE,FALSE,FALSE,FALSE,FALSE,FALSE,FALSE,FALSE,FALSE,FALSE,FALSE,FALSE,FALSE,FALSE,FALSE,FALSE,FALSE,FALSE,FALSE,FALSE,FALSE,FALSE,FALSE,FALSE,FALSE,FALSE,FALSE,FALSE,FALSE,FALSE,FALSE,FALSE,FALSE,FALSE,FALSE,FALSE,FALSE,FALSE,FALSE,FALSE,FALSE,FALSE,FALSE,FALSE,FALSE,FALSE,FALSE,FALSE,FALSE,FALSE,FALSE,FALSE,FALSE,FALSE,FALSE,FALSE,FALSE,FALSE,FALSE,FALSE,FALSE,FALSE,FALSE,FALSE,FALSE,FALSE,2.2023735,5.0608487,2.8314092,1.7692758,1.027735,0.98691463,1.0078075,1.0169021,1.1021239,1.1747787,1.0557623,1.0289054,0.97797376,1.0410783,1.0990317,1.139538,1.2518597,1.5469325,1.600137,1.3586453,1.4337357,1.5128062,1.5693437,1.5745912,1.5090435,1.4212725,1.2683343,1.2583215,1.1881645,1.1320074,1.1645819,1.1869596,1.2176234,1.2485925,1.3446386,1.9455271,1.7607052,1.7228752,1.7510259,1.6618311,1.7943541,1.7499533,1.7450823,1.8921472,1.7768099,1.9223448,1.8462894,2.0863988,2.0240405,1.1159235,1.0022987,1.159958,1.1385549,1.1207817,1.2294661,1.1728022,1.2236413,1.2881666,1.30509,1.2811538,1.166059,1.2366709,1.1271772,1.2607836,1.132633,1.2989519,1.2771342,FALSE,FALSE,FALSE,FALSE,FALSE,FALSE,FALSE,FALSE,FALSE,FALSE,FALSE,FALSE,FALSE,FALSE,FALSE,FALSE,FALSE,FALSE,FALSE,FALSE,FALSE,FALSE,FALSE,FALSE,FALSE,FALSE,FALSE,FALSE,FALSE,FALSE,FALSE,FALSE,FALSE,FALSE,FALSE,FALSE,FALSE,FALSE,FALSE,FALSE,FALSE,FALSE,FALSE,FALSE,FALSE,FALSE,FALSE,FALSE,FALSE,FALSE,FALSE,FALSE,FALSE,FALSE,FALSE,FALSE,FALSE,FALSE,FALSE,FALSE,FALSE,FALSE,FALSE,FALSE,FALSE,FALSE,FALSE,-40.28,-20.4,0,19.42,39.62,FALSE,FALSE,FALSE,FALSE,FALSE,1.16,0.97,1.05,1.05,1.07,FALSE,FALSE,FALSE,FALSE,FALSE,49.1,100,50.038235,80.84444,19.995016,FALSE,FALSE,FALSE,FALSE,FALSE,1.1,FALSE,9.32,FALSE,26.1,FALSE
2026-06-12 08:33:50,1205,15,113,354,202,129,117,134,224,305,249,306,208,293,297,377,784,878,842,232,301,319,218,224,239,318,360,371,382,309,282,289,404,583,509,621,413,415,375,381,276,480,468,739,595,418,461,676,795,284,268,205,421,322,419,344,322,425,410,140,218,314,306,304,230,470,283,FALSE,FALSE,FALSE,FALSE,FALSE,FALSE,FALSE,FALSE,FALSE,FALSE,FALSE,FALSE,FALSE,FALSE,FALSE,FALSE,FALSE,FALSE,FALSE,FALSE,FALSE,FALSE,FALSE,FALSE,FALSE,FALSE,FALSE,FALSE,FALSE,FALSE,FALSE,FALSE,FALSE,FALSE,FALSE,FALSE,FALSE,FALSE,FALSE,FALSE,FALSE,FALSE,FALSE,FALSE,FALSE,FALSE,FALSE,FALSE,FALSE,FALSE,FALSE,FALSE,FALSE,FALSE,FALSE,FALSE,FALSE,FALSE,FALSE,FALSE,FALSE,FALSE,FALSE,FALSE,FALSE,FALSE,FALSE,2.4496849,5.112944,3.0886478,2.329762,1.0674996,1.0961475,1.1812234,1.2744751,1.4416748,1.5691003,1.6447494,1.7480419,1.0875267,1.1949314,2.4094167,3.6471395,4.153694,4.7316737,4.7595634,1.5674068,1.7449565,1.8531816,1.9337069,1.9666655,1.854982,1.8089274,1.8582251,1.5283575,1.2719876,1.3617424,2.3463829,3.5293717,3.880658,4.31211,4.398221,2.1282887,2.1027937,2.1934059,2.3194258,2.0830033,2.0410116,2.012793,2.1345515,3.0245895,3.600861,3.9508622,4.1888685,4.531553,4.579838,2.2006671,1.9132214,2.1278462,2.2647078,2.5927029,3.654414,4.391583,4.6533074,5.074577,5.2325478,1.9592334,2.642585,4.2124834,4.889135,5.1107225,4.9877295,5.2826734,5.448001,FALSE,FALSE,FALSE,FALSE,FALSE,FALSE,FALSE,FALSE,FALSE,FALSE,FALSE,FALSE,FALSE,FALSE,FALSE,FALSE,FALSE,FALSE,FALSE,FALSE,FALSE,FALSE,FALSE,FALSE,FALSE,FALSE,FALSE,FALSE,FALSE,FALSE,FALSE,FALSE,FALSE,FALSE,FALSE,FALSE,FALSE,FALSE,FALSE,FALSE,FALSE,FALSE,FALSE,FALSE,FALSE,FALSE,FALSE,FALSE,FALSE,FALSE,FALSE,FALSE,FALSE,FALSE,FALSE,FALSE,FALSE,FALSE,FALSE,FALSE,FALSE,FALSE,FALSE,FALSE,FALSE,FALSE,FALSE,-40.22,-20.35,0,19.45,39.72,FALSE,FALSE,FALSE,FALSE,FALSE,1.16,0.97,1.05,1.05,1.07,FALSE,FALSE,FALSE,FALSE,FALSE,49.1,100,50.038235,80.89489,20.137587,FALSE,FALSE,FALSE,FALSE,FALSE,1.1,FALSE,14.37,FALSE,25.4,FALSE
2026-06-11 08:29:56,1205,15,114,358,204,130,118,136,227,316,262,325,217,296,271,317,643,709,670,233,302,319,220,228,245,333,385,386,395,312,256,244,328,461,400,637,433,445,403,402,292,498,471,682,513,352,383,561,642,304,277,207,414,301,359,281,257,328,313,135,193,259,241,233,176,357,210,FALSE,FALSE,FALSE,FALSE,FALSE,FALSE,FALSE,FALSE,FALSE,FALSE,FALSE,FALSE,FALSE,FALSE,FALSE,FALSE,FALSE,FALSE,FALSE,FALSE,FALSE,FALSE,FALSE,FALSE,FALSE,FALSE,FALSE,FALSE,FALSE,FALSE,FALSE,FALSE,FALSE,FALSE,FALSE,FALSE,FALSE,FALSE,FALSE,FALSE,FALSE,FALSE,FALSE,FALSE,FALSE,FALSE,FALSE,FALSE,FALSE,FALSE,FALSE,FALSE,FALSE,FALSE,FALSE,FALSE,FALSE,FALSE,FALSE,FALSE,FALSE,FALSE,FALSE,FALSE,FALSE,FALSE,FALSE,2.2045507,5.0201783,2.9520798,1.8611534,0.99903184,1.0154027,1.0374991,1.0615078,1.1587396,1.2171549,1.0879157,1.0646778,0.9946346,1.0534035,1.1013573,1.1693194,1.2981015,1.5562747,1.5832314,1.1036018,1.2076494,1.291464,1.335072,1.3325169,1.2304866,1.1499312,1.0319263,1.0218276,0.934045,0.927035,0.9696144,1.0219419,1.0459086,1.1237533,1.205508,1.9472772,1.8357092,1.783853,1.8014133,1.7319828,1.8444648,1.8174552,1.8249441,1.9635426,1.8407152,2.0023024,1.8891765,2.0724719,2.0792913,1.6429554,1.5462284,1.6698188,1.6751074,1.6485599,1.7003312,1.6417086,1.6919326,1.7116143,1.7126173,1.3009069,1.2070856,1.2860734,1.1739475,1.2952542,1.1777654,1.3152515,1.2929995,FALSE,FALSE,FALSE,FALSE,FALSE,FALSE,FALSE,FALSE,FALSE,FALSE,FALSE,FALSE,FALSE,FALSE,FALSE,FALSE,FALSE,FALSE,FALSE,FALSE,FALSE,FALSE,FALSE,FALSE,FALSE,FALSE,FALSE,FALSE,FALSE,FALSE,FALSE,FALSE,FALSE,FALSE,FALSE,FALSE,FALSE,FALSE,FALSE,FALSE,FALSE,FALSE,FALSE,FALSE,FALSE,FALSE,FALSE,FALSE,FALSE,FALSE,FALSE,FALSE,FALSE,FALSE,FALSE,FALSE,FALSE,FALSE,FALSE,FALSE,FALSE,FALSE,FALSE,FALSE,FALSE,FALSE,FALSE,-40.15,-20.3,0,19.53,39.72,FALSE,FALSE,FALSE,FALSE,FALSE,1.16,0.97,1.05,1.05,1.06,FALSE,FALSE,FALSE,FALSE,FALSE,49.1,99.908966,50.038235,80.84444,20.038883,FALSE,FALSE,FALSE,FALSE,FALSE,1.1,FALSE,9.23,FALSE,25.1,FALSE
2026-06-10 09:48:40,1205,15,113,351,201,130,117,134,226,310,261,324,214,292,269,316,635,697,666,233,302,319,217,225,245,330,384,387,400,312,257,242,330,465,399,638,435,447,404,405,292,495,469,682,514,355,385,554,645,304,275,207,412,302,357,279,254,328,312,138,196,257,239,233,176,356,209,FALSE,FALSE,FALSE,FALSE,FALSE,FALSE,FALSE,FALSE,FALSE,FALSE,FALSE,FALSE,FALSE,FALSE,FALSE,FALSE,FALSE,FALSE,FALSE,FALSE,FALSE,FALSE,FALSE,FALSE,FALSE,FALSE,FALSE,FALSE,FALSE,FALSE,FALSE,FALSE,FALSE,FALSE,FALSE,FALSE,FALSE,FALSE,FALSE,FALSE,FALSE,FALSE,FALSE,FALSE,FALSE,FALSE,FALSE,FALSE,FALSE,FALSE,FALSE,FALSE,FALSE,FALSE,FALSE,FALSE,FALSE,FALSE,FALSE,FALSE,FALSE,FALSE,FALSE,FALSE,FALSE,FALSE,FALSE,2.1628928,5.1072745,2.9040673,1.7694961,0.99125916,0.99385774,1.0137143,1.0283101,1.1247594,1.1699325,1.0614556,1.0348684,0.9862284,1.0323662,1.0891901,1.1722482,1.2565224,1.4942839,1.5633521,1.171688,1.2643399,1.3789672,1.4080514,1.3989697,1.3282915,1.2370136,1.1022116,1.1072476,1.0238423,0.9751982,1.0262171,1.0646523,1.073707,1.1286125,1.2412254,1.9557751,1.8000146,1.7667062,1.75552,1.690541,1.8171479,1.7909741,1.8066416,1.8876506,1.8007828,1.9537559,1.8576986,2.073542,2.048591,1.5996641,1.5103457,1.612493,1.6242319,1.6054949,1.6498275,1.5898707,1.6322428,1.6745878,1.7025355,1.2894135,1.1749218,1.2474173,1.1399293,1.276926,1.1515871,1.2894595,1.2625486,FALSE,FALSE,FALSE,FALSE,FALSE,FALSE,FALSE,FALSE,FALSE,FALSE,FALSE,FALSE,FALSE,FALSE,FALSE,FALSE,FALSE,FALSE,FALSE,FALSE,FALSE,FALSE,FALSE,FALSE,FALSE,FALSE,FALSE,FALSE,FALSE,FALSE,FALSE,FALSE,FALSE,FALSE,FALSE,FALSE,FALSE,FALSE,FALSE,FALSE,FALSE,FALSE,FALSE,FALSE,FALSE,FALSE,FALSE,FALSE,FALSE,FALSE,FALSE,FALSE,FALSE,FALSE,FALSE,FALSE,FALSE,FALSE,FALSE,FALSE,FALSE,FALSE,FALSE,FALSE,FALSE,FALSE,FALSE,-40.15,-20.3,0,19.45,39.65,FALSE,FALSE,FALSE,FALSE,FALSE,1.16,0.97,1.05,1.05,1.07,FALSE,FALSE,FALSE,FALSE,FALSE,49.1,100,50.038235,80.84444,19.937191,FALSE,FALSE,FALSE,FALSE,FALSE,1.1,FALSE,9.46,FALSE,25.8,FALSE
2026-06-09 09:33:12,1205,15,114,349,201,129,116,134,225,312,261,323,215,294,275,323,655,724,693,228,294,312,214,220,238,323,377,380,390,305,254,244,333,472,406,641,430,446,401,401,292,494,468,689,521,360,390,575,665,297,272,204,412,300,361,284,259,331,321,137,199,264,247,239,181,368,217,FALSE,FALSE,FALSE,FALSE,FALSE,FALSE,FALSE,FALSE,FALSE,FALSE,FALSE,FALSE,FALSE,FALSE,FALSE,FALSE,FALSE,FALSE,FALSE,FALSE,FALSE,FALSE,FALSE,FALSE,FALSE,FALSE,FALSE,FALSE,FALSE,FALSE,FALSE,FALSE,FALSE,FALSE,FALSE,FALSE,FALSE,FALSE,FALSE,FALSE,FALSE,FALSE,FALSE,FALSE,FALSE,FALSE,FALSE,FALSE,FALSE,FALSE,FALSE,FALSE,FALSE,FALSE,FALSE,FALSE,FALSE,FALSE,FALSE,FALSE,FALSE,FALSE,FALSE,FALSE,FALSE,FALSE,FALSE,2.4758294,4.945694,3.1140788,3.0387208,1.775929,1.4764166,1.388685,1.2913568,1.2673529,1.3090025,1.2393694,1.3131006,1.3292235,1.4398307,1.42659,1.4986705,1.5775899,1.7939267,1.7914554,1.1083299,1.2432233,1.3031392,1.3904191,1.4056875,1.3097627,1.1875017,0.9937942,0.9973705,0.8940038,0.86949265,0.90756017,0.97664165,1.010683,1.0754564,1.1855795,2.0841336,1.9300209,1.881272,1.9367037,1.8832783,1.9502902,1.9546466,1.9315038,2.0038428,1.9439578,2.072762,1.9850304,2.153803,2.1510403,1.9534763,1.8959068,1.9838718,1.9939615,1.950833,1.9541206,1.9018633,1.9417679,1.9642538,2.0131743,1.3877816,1.2769246,1.3538396,1.2522776,1.3701004,1.2851036,1.4277828,1.3922713,FALSE,FALSE,FALSE,FALSE,FALSE,FALSE,FALSE,FALSE,FALSE,FALSE,FALSE,FALSE,FALSE,FALSE,FALSE,FALSE,FALSE,FALSE,FALSE,FALSE,FALSE,FALSE,FALSE,FALSE,FALSE,FALSE,FALSE,FALSE,FALSE,FALSE,FALSE,FALSE,FALSE,FALSE,FALSE,FALSE,FALSE,FALSE,FALSE,FALSE,FALSE,FALSE,FALSE,FALSE,FALSE,FALSE,FALSE,FALSE,FALSE,FALSE,FALSE,FALSE,FALSE,FALSE,FALSE,FALSE,FALSE,FALSE,FALSE,FALSE,FALSE,FALSE,FALSE,FALSE,FALSE,FALSE,FALSE,-40.25,-20.35,0,19.53,39.78,FALSE,FALSE,FALSE,FALSE,FALSE,1.16,0.97,1.05,1.05,1.06,FALSE,FALSE,FALSE,FALSE,FALSE,49.1,99.908966,50.038235,80.84444,20.00698,FALSE,FALSE,FALSE,FALSE,FALSE,1.09,FALSE,8.72,FALSE,24.8,FALSE
2026-06-05 10:03:56,1205,15,114,349,201,129,116,134,225,312,261,323,215,294,275,323,655,724,693,228,294,312,214,220,238,323,377,380,390,305,254,244,333,472,406,641,430,446,401,401,292,494,468,689,521,360,390,575,665,297,272,204,412,300,361,284,259,331,321,137,199,264,247,239,181,368,217,FALSE,FALSE,FALSE,FALSE,FALSE,FALSE,FALSE,FALSE,FALSE,FALSE,FALSE,FALSE,FALSE,FALSE,FALSE,FALSE,FALSE,FALSE,FALSE,FALSE,FALSE,FALSE,FALSE,FALSE,FALSE,FALSE,FALSE,FALSE,FALSE,FALSE,FALSE,FALSE,FALSE,FALSE,FALSE,FALSE,FALSE,FALSE,FALSE,FALSE,FALSE,FALSE,FALSE,FALSE,FALSE,FALSE,FALSE,FALSE,FALSE,FALSE,FALSE,FALSE,FALSE,FALSE,FALSE,FALSE,FALSE,FALSE,FALSE,FALSE,FALSE,FALSE,FALSE,FALSE,FALSE,FALSE,FALSE,2.1486409,4.9959464,2.9226866,2.1240451,1.2340006,1.075448,1.0359648,1.0207314,1.0792708,1.1309592,1.042573,1.0394859,1.0199986,1.0719402,1.131479,1.2057823,1.3285158,1.5461974,1.5863744,1.1312666,1.2366912,1.3237506,1.3731809,1.3690654,1.2978402,1.1870146,1.0235708,1.0179977,0.9311439,0.89093053,0.94810796,0.9787823,1.0139276,1.0899078,1.1827761,1.9732955,1.8195622,1.7406516,1.7745113,1.7095635,1.8234936,1.7982665,1.7822381,1.9176178,1.8306253,1.9793404,1.8703463,2.1077702,2.0782483,1.5958631,1.5072402,1.6058663,1.6326215,1.6079174,1.6551633,1.5878663,1.6278589,1.6702946,1.6968677,1.2708253,1.165328,1.231776,1.1257732,1.256322,1.141141,1.2883111,1.2721213,FALSE,FALSE,FALSE,FALSE,FALSE,FALSE,FALSE,FALSE,FALSE,FALSE,FALSE,FALSE,FALSE,FALSE,FALSE,FALSE,FALSE,FALSE,FALSE,FALSE,FALSE,FALSE,FALSE,FALSE,FALSE,FALSE,FALSE,FALSE,FALSE,FALSE,FALSE,FALSE,FALSE,FALSE,FALSE,FALSE,FALSE,FALSE,FALSE,FALSE,FALSE,FALSE,FALSE,FALSE,FALSE,FALSE,FALSE,FALSE,FALSE,FALSE,FALSE,FALSE,FALSE,FALSE,FALSE,FALSE,FALSE,FALSE,FALSE,FALSE,FALSE,FALSE,FALSE,FALSE,FALSE,FALSE,FALSE,-40.25,-20.35,0,19.53,39.78,FALSE,FALSE,FALSE,FALSE,FALSE,1.16,0.97,1.05,1.05,1.07,FALSE,FALSE,FALSE,FALSE,FALSE,49.1,100,50.038235,80.84444,19.966103,FALSE,FALSE,FALSE,FALSE,FALSE,1.1,FALSE,9.51,FALSE,25.4,FALSE
2026-06-04 09:46:36,1205,15,114,349,201,129,116,134,225,312,261,323,215,294,275,323,655,724,693,228,294,312,214,220,238,323,377,380,390,305,254,244,333,472,406,641,430,446,401,401,292,494,468,689,521,360,390,575,665,297,272,204,412,300,361,284,259,331,321,137,199,264,247,239,181,368,217,FALSE,FALSE,FALSE,FALSE,FALSE,FALSE,FALSE,FALSE,FALSE,FALSE,FALSE,FALSE,FALSE,FALSE,FALSE,FALSE,FALSE,FALSE,FALSE,FALSE,FALSE,FALSE,FALSE,FALSE,FALSE,FALSE,FALSE,FALSE,FALSE,FALSE,FALSE,FALSE,FALSE,FALSE,FALSE,FALSE,FALSE,FALSE,FALSE,FALSE,FALSE,FALSE,FALSE,FALSE,FALSE,FALSE,FALSE,FALSE,FALSE,FALSE,FALSE,FALSE,FALSE,FALSE,FALSE,FALSE,FALSE,FALSE,FALSE,FALSE,FALSE,FALSE,FALSE,FALSE,FALSE,FALSE,FALSE,2.467365,5.1689982,2.9080007,2.4279013,1.69949,1.4738532,1.3759364,1.2713706,1.2518888,1.2898476,1.2512559,1.3749903,1.3560878,1.4356587,1.4992559,1.6319686,1.7625517,1.9888186,2.0789492,1.9231005,2.0345232,2.1448255,2.1871045,2.181766,2.101661,1.9925631,1.8442262,1.7974844,1.7495499,1.6551446,1.7475399,1.827726,1.8629687,1.9094696,2.0123854,1.9974936,1.8642572,1.8218538,1.8384953,1.7906483,1.8909001,1.873032,1.860906,2.0598633,2.0530987,2.2604873,2.1521423,2.3864198,2.4097798,1.3944906,1.2733151,1.3899829,1.4118702,1.4498228,1.6351007,1.6369356,1.7562383,1.8252869,1.9229915,1.2149742,1.2120942,1.4247289,1.3467338,1.4989046,1.3856,1.574754,1.6471237,FALSE,FALSE,FALSE,FALSE,FALSE,FALSE,FALSE,FALSE,FALSE,FALSE,FALSE,FALSE,FALSE,FALSE,FALSE,FALSE,FALSE,FALSE,FALSE,FALSE,FALSE,FALSE,FALSE,FALSE,FALSE,FALSE,FALSE,FALSE,FALSE,FALSE,FALSE,FALSE,FALSE,FALSE,FALSE,FALSE,FALSE,FALSE,FALSE,FALSE,FALSE,FALSE,FALSE,FALSE,FALSE,FALSE,FALSE,FALSE,FALSE,FALSE,FALSE,FALSE,FALSE,FALSE,FALSE,FALSE,FALSE,FALSE,FALSE,FALSE,FALSE,FALSE,FALSE,FALSE,FALSE,FALSE,FALSE,-40.4,-20.45,0,19.5,39.88,FALSE,FALSE,FALSE,FALSE,FALSE,1.16,0.97,1.05,1.05,1.06,FALSE,FALSE,FALSE,FALSE,FALSE,49.1,100,50.038235,80.84444,19.945166,FALSE,FALSE,FALSE,FALSE,FALSE,1.1,FALSE,10.76,FALSE,26.4,FALSE
2026-06-04 08:48:14,1205,15,114,354,202,129,118,134,223,304,247,300,208,295,309,401,842,956,922,229,296,311,213,218,234,312,349,362,379,307,288,303,425,622,544,617,406,406,365,372,271,473,472,765,623,439,488,725,847,279,267,207,426,330,437,369,345,459,445,146,226,332,335,330,249,515,310,FALSE,FALSE,FALSE,FALSE,FALSE,FALSE,FALSE,FALSE,FALSE,FALSE,FALSE,FALSE,FALSE,FALSE,FALSE,FALSE,FALSE,FALSE,FALSE,FALSE,FALSE,FALSE,FALSE,FALSE,FALSE,FALSE,FALSE,FALSE,FALSE,FALSE,FALSE,FALSE,FALSE,FALSE,FALSE,FALSE,FALSE,FALSE,FALSE,FALSE,FALSE,FALSE,FALSE,FALSE,FALSE,FALSE,FALSE,FALSE,FALSE,FALSE,FALSE,FALSE,FALSE,FALSE,FALSE,FALSE,FALSE,FALSE,FALSE,FALSE,FALSE,FALSE,FALSE,FALSE,FALSE,FALSE,FALSE,2.3253143,5.048143,3.0339015,2.4740853,1.3765514,1.1256107,1.1096952,1.0996237,1.1840458,1.3172805,1.4312267,1.5633551,1.0474062,1.2698401,2.3983192,3.5648649,3.9844766,4.5101843,4.5858817,1.3517647,1.485924,1.5873804,1.6242431,1.6172876,1.5351334,1.4779974,1.5732751,1.2243588,1.1455045,1.2548318,2.2982483,3.4088087,3.7118502,4.1223636,4.1682734,2.1191363,2.0319002,2.1131766,2.2134724,1.9598743,1.9657234,1.9221587,1.9739231,2.840481,3.353403,3.6433487,3.836582,4.2417817,4.237026,1.9343975,1.6104547,1.8349363,1.937902,2.2557838,3.3867967,4.0846543,4.3306627,4.7206125,4.8329687,1.7883049,2.4310627,3.9443738,4.6815743,4.719603,4.632519,4.9026003,5.029381,FALSE,FALSE,FALSE,FALSE,FALSE,FALSE,FALSE,FALSE,FALSE,FALSE,FALSE,FALSE,FALSE,FALSE,FALSE,FALSE,FALSE,FALSE,FALSE,FALSE,FALSE,FALSE,FALSE,FALSE,FALSE,FALSE,FALSE,FALSE,FALSE,FALSE,FALSE,FALSE,FALSE,FALSE,FALSE,FALSE,FALSE,FALSE,FALSE,FALSE,FALSE,FALSE,FALSE,FALSE,FALSE,FALSE,FALSE,FALSE,FALSE,FALSE,FALSE,FALSE,FALSE,FALSE,FALSE,FALSE,FALSE,FALSE,FALSE,FALSE,FALSE,FALSE,FALSE,FALSE,FALSE,FALSE,FALSE,-40.38,-20.42,0,19.58,39.95,FALSE,FALSE,FALSE,FALSE,FALSE,1.16,0.97,1.05,1.05,1.07,FALSE,FALSE,FALSE,FALSE,FALSE,49.1,99.908966,50.038235,80.84444,19.972084,FALSE,FALSE,FALSE,FALSE,FALSE,1.1,FALSE,11.36,FALSE,25.4,FALSE
2026-06-03 09:05:43,1205,15,113,355,202,130,117,135,226,313,262,327,215,294,269,315,631,696,663,231,299,316,217,225,243,327,380,380,389,308,254,239,324,458,392,639,427,445,402,396,288,493,458,673,505,350,380,548,638,301,271,204,412,297,356,275,250,322,307,138,195,254,238,230,174,353,207,FALSE,FALSE,FALSE,FALSE,FALSE,FALSE,FALSE,FALSE,FALSE,FALSE,FALSE,FALSE,FALSE,FALSE,FALSE,FALSE,FALSE,FALSE,FALSE,FALSE,FALSE,FALSE,FALSE,FALSE,FALSE,FALSE,FALSE,FALSE,FALSE,FALSE,FALSE,FALSE,FALSE,FALSE,FALSE,FALSE,FALSE,FALSE,FALSE,FALSE,FALSE,FALSE,FALSE,FALSE,FALSE,FALSE,FALSE,FALSE,FALSE,FALSE,FALSE,FALSE,FALSE,FALSE,FALSE,FALSE,FALSE,FALSE,FALSE,FALSE,FALSE,FALSE,FALSE,FALSE,FALSE,FALSE,FALSE,2.2127218,5.08996,2.9592116,2.2733693,1.3236448,1.145194,1.1295444,1.1060739,1.1438537,1.1944317,1.079681,1.0800378,1.05915,1.1524574,1.1783004,1.2739674,1.3626399,1.5839696,1.6439133,1.0114446,1.1448789,1.2244158,1.2754906,1.3027737,1.181884,1.0619552,0.8963252,0.90012264,0.81082386,0.7891946,0.85209346,0.88310343,0.9248796,0.9742354,1.0940534,1.9984219,1.8248011,1.7782701,1.8046664,1.7264078,1.8578464,1.8369695,1.8161601,1.9606733,1.8288441,1.9626856,1.8963304,2.086172,2.0646799,1.5744576,1.4994525,1.6115599,1.6103562,1.5882442,1.6131089,1.5543604,1.5871813,1.6412754,1.6524637,1.3222194,1.1723,1.2549576,1.1510338,1.2744766,1.1547446,1.2940954,1.2696326,FALSE,FALSE,FALSE,FALSE,FALSE,FALSE,FALSE,FALSE,FALSE,FALSE,FALSE,FALSE,FALSE,FALSE,FALSE,FALSE,FALSE,FALSE,FALSE,FALSE,FALSE,FALSE,FALSE,FALSE,FALSE,FALSE,FALSE,FALSE,FALSE,FALSE,FALSE,FALSE,FALSE,FALSE,FALSE,FALSE,FALSE,FALSE,FALSE,FALSE,FALSE,FALSE,FALSE,FALSE,FALSE,FALSE,FALSE,FALSE,FALSE,FALSE,FALSE,FALSE,FALSE,FALSE,FALSE,FALSE,FALSE,FALSE,FALSE,FALSE,FALSE,FALSE,FALSE,FALSE,FALSE,FALSE,FALSE,-40.32,-20.4,0,19.55,39.85,FALSE,FALSE,FALSE,FALSE,FALSE,1.16,0.97,1.05,1.05,1.06,FALSE,FALSE,FALSE,FALSE,FALSE,49.1,99.908966,50.038235,80.84444,20.01296,FALSE,FALSE,FALSE,FALSE,FALSE,1.1,FALSE,11.91,FALSE,25,FALSE
2026-06-02 09:28:27,1205,15,113,351,200,129,118,133,224,309,260,321,212,292,267,314,627,695,661,232,300,314,217,225,244,329,381,387,395,308,255,241,326,463,395,637,431,443,398,398,290,489,464,662,509,351,382,555,639,303,275,207,413,302,359,280,252,327,309,137,195,256,238,231,175,355,209,FALSE,FALSE,FALSE,FALSE,FALSE,FALSE,FALSE,FALSE,FALSE,FALSE,FALSE,FALSE,FALSE,FALSE,FALSE,FALSE,FALSE,FALSE,FALSE,FALSE,FALSE,FALSE,FALSE,FALSE,FALSE,FALSE,FALSE,FALSE,FALSE,FALSE,FALSE,FALSE,FALSE,FALSE,FALSE,FALSE,FALSE,FALSE,FALSE,FALSE,FALSE,FALSE,FALSE,FALSE,FALSE,FALSE,FALSE,FALSE,FALSE,FALSE,FALSE,FALSE,FALSE,FALSE,FALSE,FALSE,FALSE,FALSE,FALSE,FALSE,FALSE,FALSE,FALSE,FALSE,FALSE,FALSE,FALSE,2.236445,4.926658,2.9736845,2.397321,1.3667743,1.1658342,1.1510346,1.1329618,1.1880378,1.2356842,1.132023,1.1283165,1.1094401,1.1856759,1.2172016,1.2837595,1.4038107,1.6560197,1.6743906,1.1118673,1.2423804,1.3707166,1.4090632,1.4156344,1.3054421,1.1784168,0.97673416,0.9826609,0.88478124,0.83952975,0.9071838,0.9563448,0.97673285,1.0506616,1.145252,1.9904796,1.8407308,1.7946945,1.8403593,1.7714947,1.8771186,1.8901554,1.8658202,1.9973906,1.8993421,2.0411968,1.9692729,2.1098835,2.1293685,1.7063555,1.6458442,1.744562,1.778711,1.7617775,1.7820988,1.7084141,1.7622409,1.776417,1.8147522,1.3323402,1.1975238,1.2743305,1.1580405,1.3001087,1.1753337,1.3119906,1.312934,FALSE,FALSE,FALSE,FALSE,FALSE,FALSE,FALSE,FALSE,FALSE,FALSE,FALSE,FALSE,FALSE,FALSE,FALSE,FALSE,FALSE,FALSE,FALSE,FALSE,FALSE,FALSE,FALSE,FALSE,FALSE,FALSE,FALSE,FALSE,FALSE,FALSE,FALSE,FALSE,FALSE,FALSE,FALSE,FALSE,FALSE,FALSE,FALSE,FALSE,FALSE,FALSE,FALSE,FALSE,FALSE,FALSE,FALSE,FALSE,FALSE,FALSE,FALSE,FALSE,FALSE,FALSE,FALSE,FALSE,FALSE,FALSE,FALSE,FALSE,FALSE,FALSE,FALSE,FALSE,FALSE,FALSE,FALSE,-40.15,-20.3,0,19.47,39.72,FALSE,FALSE,FALSE,FALSE,FALSE,1.16,0.98,1.05,1.05,1.06,FALSE,FALSE,FALSE,FALSE,FALSE,49.1,99.908966,50.038235,80.84444,20.00997,FALSE,FALSE,FALSE,FALSE,FALSE,1.1,FALSE,14.34,FALSE,25.1,FALSE
2026-06-01 08:46:20,1205,15,113,351,200,129,118,133,224,309,260,321,212,292,267,314,627,695,661,232,300,314,217,225,244,329,381,387,395,308,255,241,326,463,395,637,431,443,398,398,290,489,464,662,509,351,382,555,639,303,275,207,413,302,359,280,252,327,309,137,195,256,238,231,175,355,209,FALSE,FALSE,FALSE,FALSE,FALSE,FALSE,FALSE,FALSE,FALSE,FALSE,FALSE,FALSE,FALSE,FALSE,FALSE,FALSE,FALSE,FALSE,FALSE,FALSE,FALSE,FALSE,FALSE,FALSE,FALSE,FALSE,FALSE,FALSE,FALSE,FALSE,FALSE,FALSE,FALSE,FALSE,FALSE,FALSE,FALSE,FALSE,FALSE,FALSE,FALSE,FALSE,FALSE,FALSE,FALSE,FALSE,FALSE,FALSE,FALSE,FALSE,FALSE,FALSE,FALSE,FALSE,FALSE,FALSE,FALSE,FALSE,FALSE,FALSE,FALSE,FALSE,FALSE,FALSE,FALSE,FALSE,FALSE,2.3090181,5.0651107,3.0881393,1.772314,0.96757275,1.3295529,1.460079,1.5666922,1.7163197,1.7933683,1.6269388,1.4559559,1.3257829,1.2691988,1.2785335,1.349546,1.4413673,1.623305,1.6680777,1.1448215,1.2994006,1.401625,1.4744165,1.507344,1.3645278,1.2262127,1.0022542,1.0066813,0.9044646,0.88263637,0.9428311,0.9704679,0.9907702,1.079225,1.2026285,2.0756428,1.9550893,1.8546287,1.928036,1.8522985,1.9600995,1.9581804,1.9557413,2.0521576,1.9271992,2.1117058,1.9903505,2.2345243,2.1695807,1.853914,1.7548352,1.8850124,1.9384722,1.8803415,1.897585,1.8486794,1.8926516,1.9155767,1.9409392,1.4352537,1.2746453,1.3509178,1.2336961,1.3693243,1.2499198,1.3891793,1.3741349,FALSE,FALSE,FALSE,FALSE,FALSE,FALSE,FALSE,FALSE,FALSE,FALSE,FALSE,FALSE,FALSE,FALSE,FALSE,FALSE,FALSE,FALSE,FALSE,FALSE,FALSE,FALSE,FALSE,FALSE,FALSE,FALSE,FALSE,FALSE,FALSE,FALSE,FALSE,FALSE,FALSE,FALSE,FALSE,FALSE,FALSE,FALSE,FALSE,FALSE,FALSE,FALSE,FALSE,FALSE,FALSE,FALSE,FALSE,FALSE,FALSE,FALSE,FALSE,FALSE,FALSE,FALSE,FALSE,FALSE,FALSE,FALSE,FALSE,FALSE,FALSE,FALSE,FALSE,FALSE,FALSE,FALSE,FALSE,-40.22,-20.35,0,19.47,39.72,FALSE,FALSE,FALSE,FALSE,FALSE,1.16,0.97,1.05,1.05,1.07,FALSE,FALSE,FALSE,FALSE,FALSE,49.1,100,50.038235,80.84444,19.932201,FALSE,FALSE,FALSE,FALSE,FALSE,1.1,FALSE,13.25,FALSE,25.1,FALSE
2026-05-30 10:27:20,1205,15,113,349,199,127,115,131,222,306,256,315,207,289,262,306,618,677,648,230,297,316,217,224,242,330,381,377,388,307,251,235,321,453,391,635,430,442,399,394,285,493,460,666,502,346,375,542,632,300,261,198,408,290,344,268,244,313,300,142,194,253,236,229,173,352,206,FALSE,FALSE,FALSE,FALSE,FALSE,FALSE,FALSE,FALSE,FALSE,FALSE,FALSE,FALSE,FALSE,FALSE,FALSE,FALSE,FALSE,FALSE,FALSE,FALSE,FALSE,FALSE,FALSE,FALSE,FALSE,FALSE,FALSE,FALSE,FALSE,FALSE,FALSE,FALSE,FALSE,FALSE,FALSE,FALSE,FALSE,FALSE,FALSE,FALSE,FALSE,FALSE,FALSE,FALSE,FALSE,FALSE,FALSE,FALSE,FALSE,FALSE,FALSE,FALSE,FALSE,FALSE,FALSE,FALSE,FALSE,FALSE,FALSE,FALSE,FALSE,FALSE,FALSE,FALSE,FALSE,FALSE,FALSE,2.7044,5.153237,3.0196683,1.1737778,1.3288385,1.8717792,1.9790016,2.0816698,2.233738,2.2744205,2.1272392,1.9681435,1.7968826,1.7349552,1.7584519,1.7724584,1.797833,1.9114153,1.9560434,1.3148267,1.473155,1.5619434,1.625726,1.6461895,1.5160728,1.4080702,1.21059,1.1962826,1.1081669,1.044071,1.1255152,1.1537515,1.1790763,1.20223,1.3419565,2.0542421,1.9296672,1.8828723,1.9147925,1.8368059,1.9569572,1.9414982,1.9372424,2.0264235,1.9292306,2.080521,1.9948165,2.1660264,2.1930878,1.6994559,1.6184062,1.7270681,1.7265048,1.7206731,1.7247534,1.6639547,1.7161777,1.7386042,1.7407613,1.3132056,1.2254404,1.2809056,1.1808149,1.2972736,1.1953737,1.3328617,1.2972789,FALSE,FALSE,FALSE,FALSE,FALSE,FALSE,FALSE,FALSE,FALSE,FALSE,FALSE,FALSE,FALSE,FALSE,FALSE,FALSE,FALSE,FALSE,FALSE,FALSE,FALSE,FALSE,FALSE,FALSE,FALSE,FALSE,FALSE,FALSE,FALSE,FALSE,FALSE,FALSE,FALSE,FALSE,FALSE,FALSE,FALSE,FALSE,FALSE,FALSE,FALSE,FALSE,FALSE,FALSE,FALSE,FALSE,FALSE,FALSE,FALSE,FALSE,FALSE,FALSE,FALSE,FALSE,FALSE,FALSE,FALSE,FALSE,FALSE,FALSE,FALSE,FALSE,FALSE,FALSE,FALSE,FALSE,FALSE,-40.25,-20.35,0,19.47,39.43,FALSE,FALSE,FALSE,FALSE,FALSE,1.16,0.97,1.05,1.05,1.07,FALSE,FALSE,FALSE,FALSE,FALSE,49.1,99.908966,50.038235,80.84444,19.992023,FALSE,FALSE,FALSE,FALSE,FALSE,1.1,FALSE,13.57,FALSE,25.5,FALSE
2026-05-29 09:00:06,1205,15,113,349,199,128,116,131,221,307,254,312,207,287,266,320,648,715,683,231,298,315,216,223,241,324,373,378,383,304,258,247,339,481,415,631,427,440,395,389,283,488,461,675,521,364,396,573,667,297,268,202,414,299,368,289,264,342,327,138,199,265,250,244,184,376,223,FALSE,FALSE,FALSE,FALSE,FALSE,FALSE,FALSE,FALSE,FALSE,FALSE,FALSE,FALSE,FALSE,FALSE,FALSE,FALSE,FALSE,FALSE,FALSE,FALSE,FALSE,FALSE,FALSE,FALSE,FALSE,FALSE,FALSE,FALSE,FALSE,FALSE,FALSE,FALSE,FALSE,FALSE,FALSE,FALSE,FALSE,FALSE,FALSE,FALSE,FALSE,FALSE,FALSE,FALSE,FALSE,FALSE,FALSE,FALSE,FALSE,FALSE,FALSE,FALSE,FALSE,FALSE,FALSE,FALSE,FALSE,FALSE,FALSE,FALSE,FALSE,FALSE,FALSE,FALSE,FALSE,FALSE,FALSE,2.930491,5.080676,3.342773,1.4449395,1.2767507,2.0054994,2.1926594,2.3615923,2.5315275,2.5612204,2.3570678,2.1882102,1.9066274,1.82488,2.4910626,3.3176165,3.700282,4.0255213,4.1172113,1.501259,1.7419349,1.8576754,1.9346538,1.978106,1.8307166,1.6675243,1.679476,1.5502737,1.3043562,1.0477083,1.9928641,2.8927639,3.1981382,3.4185886,3.689372,2.3328547,2.2858343,2.347219,2.5198898,2.4145494,2.399585,2.3571658,2.1213908,2.6110003,3.071997,3.500482,3.6155593,3.905262,4.0073733,2.4347246,2.1042585,2.150923,2.1251864,2.0369585,2.6675792,3.221188,3.5470848,3.7907834,3.981469,1.5668688,2.028513,3.145945,3.7070696,4.1078105,4.037522,4.2290854,4.45628,FALSE,FALSE,FALSE,FALSE,FALSE,FALSE,FALSE,FALSE,FALSE,FALSE,FALSE,FALSE,FALSE,FALSE,FALSE,FALSE,FALSE,FALSE,FALSE,FALSE,FALSE,FALSE,FALSE,FALSE,FALSE,FALSE,FALSE,FALSE,FALSE,FALSE,FALSE,FALSE,FALSE,FALSE,FALSE,FALSE,FALSE,FALSE,FALSE,FALSE,FALSE,FALSE,FALSE,FALSE,FALSE,FALSE,FALSE,FALSE,FALSE,FALSE,FALSE,FALSE,FALSE,FALSE,FALSE,FALSE,FALSE,FALSE,FALSE,FALSE,FALSE,FALSE,FALSE,FALSE,FALSE,FALSE,FALSE,-40.35,-20.4,0,19.6,39.9,FALSE,FALSE,FALSE,FALSE,FALSE,1.16,0.97,1.05,1.05,1.07,FALSE,FALSE,FALSE,FALSE,FALSE,49.1,99.908966,50.038235,80.84444,20.037888,FALSE,FALSE,FALSE,FALSE,FALSE,1.09,FALSE,14.37,FALSE,25.4,FALSE
2026-05-28 09:07:40,1205,15,113,349,198,127,116,131,222,305,256,315,209,286,263,309,617,687,647,230,299,314,215,223,243,329,380,381,390,306,255,240,325,460,395,641,427,443,402,397,288,489,466,666,512,352,382,552,640,303,274,205,416,298,359,278,253,326,310,137,195,256,238,232,175,356,209,FALSE,FALSE,FALSE,FALSE,FALSE,FALSE,FALSE,FALSE,FALSE,FALSE,FALSE,FALSE,FALSE,FALSE,FALSE,FALSE,FALSE,FALSE,FALSE,FALSE,FALSE,FALSE,FALSE,FALSE,FALSE,FALSE,FALSE,FALSE,FALSE,FALSE,FALSE,FALSE,FALSE,FALSE,FALSE,FALSE,FALSE,FALSE,FALSE,FALSE,FALSE,FALSE,FALSE,FALSE,FALSE,FALSE,FALSE,FALSE,FALSE,FALSE,FALSE,FALSE,FALSE,FALSE,FALSE,FALSE,FALSE,FALSE,FALSE,FALSE,FALSE,FALSE,FALSE,FALSE,FALSE,FALSE,FALSE,2.757153,4.9356894,3.2398846,1.5407058,1.1163598,1.7540989,1.9337928,2.0752294,2.279521,2.3287063,2.1248438,1.8988292,1.7019823,1.6310709,1.6336031,1.6429961,1.7194363,1.8227434,1.8399097,1.3903162,1.5987403,1.72925,1.8386319,1.8698806,1.7160251,1.5425602,1.2168168,1.2331905,1.0779083,1.0050695,1.0866687,1.1510539,1.1537199,1.2309152,1.3029583,2.1028998,2.044627,1.9717038,2.0760195,2.0150583,2.092705,2.1075552,2.071129,2.169251,2.0756319,2.229702,2.1227314,2.3279765,2.2814095,2.0264904,1.9862462,2.0973587,2.133743,2.1128244,2.0995574,2.0278773,2.066634,2.0998192,2.1075592,1.477442,1.3787063,1.4383295,1.3364983,1.4475234,1.3530815,1.4867816,1.4783762,FALSE,FALSE,FALSE,FALSE,FALSE,FALSE,FALSE,FALSE,FALSE,FALSE,FALSE,FALSE,FALSE,FALSE,FALSE,FALSE,FALSE,FALSE,FALSE,FALSE,FALSE,FALSE,FALSE,FALSE,FALSE,FALSE,FALSE,FALSE,FALSE,FALSE,FALSE,FALSE,FALSE,FALSE,FALSE,FALSE,FALSE,FALSE,FALSE,FALSE,FALSE,FALSE,FALSE,FALSE,FALSE,FALSE,FALSE,FALSE,FALSE,FALSE,FALSE,FALSE,FALSE,FALSE,FALSE,FALSE,FALSE,FALSE,FALSE,FALSE,FALSE,FALSE,FALSE,FALSE,FALSE,FALSE,FALSE,-40.18,-20.3,0,19.48,39.68,FALSE,FALSE,FALSE,FALSE,FALSE,1.16,0.97,1.05,1.05,1.07,FALSE,FALSE,FALSE,FALSE,FALSE,49.1,99.908966,50.038235,80.84444,19.954138,FALSE,FALSE,FALSE,FALSE,FALSE,1.09,FALSE,13.11,FALSE,25.9,FALSE
2026-05-27 10:17:03,1205,15,113,349,198,127,116,131,222,305,256,315,209,286,263,309,617,687,647,230,299,314,215,223,243,329,380,381,390,306,255,240,325,460,395,641,427,443,402,397,288,489,466,666,512,352,382,552,640,303,274,205,416,298,359,278,253,326,310,137,195,256,238,232,175,356,209,FALSE,FALSE,FALSE,FALSE,FALSE,FALSE,FALSE,FALSE,FALSE,FALSE,FALSE,FALSE,FALSE,FALSE,FALSE,FALSE,FALSE,FALSE,FALSE,FALSE,FALSE,FALSE,FALSE,FALSE,FALSE,FALSE,FALSE,FALSE,FALSE,FALSE,FALSE,FALSE,FALSE,FALSE,FALSE,FALSE,FALSE,FALSE,FALSE,FALSE,FALSE,FALSE,FALSE,FALSE,FALSE,FALSE,FALSE,FALSE,FALSE,FALSE,FALSE,FALSE,FALSE,FALSE,FALSE,FALSE,FALSE,FALSE,FALSE,FALSE,FALSE,FALSE,FALSE,FALSE,FALSE,FALSE,FALSE,2.7020764,5.004107,3.117204,1.2877693,1.3363951,1.9364734,2.08493,2.2367487,2.3883018,2.4222863,2.249535,2.0526881,1.8718159,1.8484268,1.826791,1.8252872,1.874879,2.0141702,2.039669,1.5384455,1.6979778,1.8512127,1.904788,1.9148207,1.7913914,1.6534092,1.3903971,1.3697196,1.2354482,1.1583374,1.2129352,1.2878776,1.2983226,1.3587835,1.432632,2.081323,2.003071,1.9440377,2.0146391,1.9654447,2.0544236,2.0411172,2.0356627,2.089885,2.0020123,2.1483123,2.0872355,2.2046618,2.2250314,1.9378934,1.8974751,1.9816587,1.9901216,1.9696839,1.9783683,1.892299,1.9466772,1.9901872,2.0151074,1.3501999,1.2966758,1.3559791,1.2812119,1.3895663,1.2895808,1.4104724,1.4157648,FALSE,FALSE,FALSE,FALSE,FALSE,FALSE,FALSE,FALSE,FALSE,FALSE,FALSE,FALSE,FALSE,FALSE,FALSE,FALSE,FALSE,FALSE,FALSE,FALSE,FALSE,FALSE,FALSE,FALSE,FALSE,FALSE,FALSE,FALSE,FALSE,FALSE,FALSE,FALSE,FALSE,FALSE,FALSE,FALSE,FALSE,FALSE,FALSE,FALSE,FALSE,FALSE,FALSE,FALSE,FALSE,FALSE,FALSE,FALSE,FALSE,FALSE,FALSE,FALSE,FALSE,FALSE,FALSE,FALSE,FALSE,FALSE,FALSE,FALSE,FALSE,FALSE,FALSE,FALSE,FALSE,FALSE,FALSE,-40.38,-20.4,0,19.6,39.9,FALSE,FALSE,FALSE,FALSE,FALSE,1.16,0.97,1.05,1.05,1.07,FALSE,FALSE,FALSE,FALSE,FALSE,49.1,100,50.038235,80.84444,19.97408,FALSE,FALSE,FALSE,FALSE,FALSE,1.09,FALSE,11.43,FALSE,25.9,FALSE
2026-05-27 10:02:14,1205,15,113,349,198,127,116,131,222,305,256,315,209,286,263,309,617,687,647,230,299,314,215,223,243,329,380,381,390,306,255,240,325,460,395,641,427,443,402,397,288,489,466,666,512,352,382,552,640,303,274,205,416,298,359,278,253,326,310,137,195,256,238,232,175,356,209,FALSE,FALSE,FALSE,FALSE,FALSE,FALSE,FALSE,FALSE,FALSE,FALSE,FALSE,FALSE,FALSE,FALSE,FALSE,FALSE,FALSE,FALSE,FALSE,FALSE,FALSE,FALSE,FALSE,FALSE,FALSE,FALSE,FALSE,FALSE,FALSE,FALSE,FALSE,FALSE,FALSE,FALSE,FALSE,FALSE,FALSE,FALSE,FALSE,FALSE,FALSE,FALSE,FALSE,FALSE,FALSE,FALSE,FALSE,FALSE,FALSE,FALSE,FALSE,FALSE,FALSE,FALSE,FALSE,FALSE,FALSE,FALSE,FALSE,FALSE,FALSE,FALSE,FALSE,FALSE,FALSE,FALSE,FALSE,2.81369,5.0357614,3.2963388,1.4167182,1.290604,1.9675583,2.1567051,2.2751055,2.4566953,2.5053072,2.3110735,2.096575,1.9045687,1.821275,1.8361727,1.8412355,1.8790206,2.0027862,2.01968,1.4447951,1.6536288,1.7831134,1.8863502,1.8800653,1.7668366,1.5877521,1.2746123,1.2706376,1.1027616,1.0623127,1.1182898,1.1780474,1.1823567,1.2692001,1.3989527,2.1816082,2.0729525,2.048183,2.1229224,2.0528953,2.161343,2.2041726,2.129044,2.2054343,2.1308022,2.267331,2.1408632,2.352357,2.3138878,2.1284988,2.0723627,2.155633,2.2135468,2.1751897,2.1636646,2.0955653,2.1296191,2.148676,2.1935637,1.4537711,1.3710771,1.4362365,1.3441894,1.4587625,1.3528218,1.5016537,1.4861028,FALSE,FALSE,FALSE,FALSE,FALSE,FALSE,FALSE,FALSE,FALSE,FALSE,FALSE,FALSE,FALSE,FALSE,FALSE,FALSE,FALSE,FALSE,FALSE,FALSE,FALSE,FALSE,FALSE,FALSE,FALSE,FALSE,FALSE,FALSE,FALSE,FALSE,FALSE,FALSE,FALSE,FALSE,FALSE,FALSE,FALSE,FALSE,FALSE,FALSE,FALSE,FALSE,FALSE,FALSE,FALSE,FALSE,FALSE,FALSE,FALSE,FALSE,FALSE,FALSE,FALSE,FALSE,FALSE,FALSE,FALSE,FALSE,FALSE,FALSE,FALSE,FALSE,FALSE,FALSE,FALSE,FALSE,FALSE,-40.35,-20.4,0,19.42,39.6,FALSE,FALSE,FALSE,FALSE,FALSE,1.16,0.97,1.05,1.05,1.07,FALSE,FALSE,FALSE,FALSE,FALSE,49.1,100,50.038235,80.84444,19.958126,FALSE,FALSE,FALSE,FALSE,FALSE,1.09,FALSE,13.27,FALSE,25.9,FALSE
2026-05-26 09:48:08,1205,15,113,349,198,127,116,131,222,305,256,315,209,286,263,309,617,687,647,230,299,314,215,223,243,329,380,381,390,306,255,240,325,460,395,641,427,443,402,397,288,489,466,666,512,352,382,552,640,303,274,205,416,298,359,278,253,326,310,137,195,256,238,232,175,356,209,FALSE,FALSE,FALSE,FALSE,FALSE,FALSE,FALSE,FALSE,FALSE,FALSE,FALSE,FALSE,FALSE,FALSE,FALSE,FALSE,FALSE,FALSE,FALSE,FALSE,FALSE,FALSE,FALSE,FALSE,FALSE,FALSE,FALSE,FALSE,FALSE,FALSE,FALSE,FALSE,FALSE,FALSE,FALSE,FALSE,FALSE,FALSE,FALSE,FALSE,FALSE,FALSE,FALSE,FALSE,FALSE,FALSE,FALSE,FALSE,FALSE,FALSE,FALSE,FALSE,FALSE,FALSE,FALSE,FALSE,FALSE,FALSE,FALSE,FALSE,FALSE,FALSE,FALSE,FALSE,FALSE,FALSE,FALSE,2.5705757,4.958307,3.1636786,1.2464405,1.324204,1.9649072,2.1320977,2.2717743,2.444325,2.4864764,2.322955,2.1052113,1.944411,1.8612735,1.8407186,1.8754354,1.8701024,1.9907376,2.015708,1.2255373,1.4048375,1.491707,1.5847685,1.6127948,1.4666048,1.3117337,1.069213,1.0907823,0.95995086,0.90880394,0.9805621,1.0394511,1.0561402,1.1193645,1.2391349,2.1308289,1.9982604,1.9702243,2.0283532,1.9444095,2.0550895,2.043801,2.00659,2.1118066,1.9960271,2.1370318,2.0256026,2.263818,2.2134666,2.0008316,1.934475,2.017858,2.0502896,2.0296986,2.0197704,1.9538665,1.9937767,2.002262,2.0251637,1.4378057,1.3277473,1.3760028,1.2805792,1.4021481,1.3114462,1.4473802,1.4321083,FALSE,FALSE,FALSE,FALSE,FALSE,FALSE,FALSE,FALSE,FALSE,FALSE,FALSE,FALSE,FALSE,FALSE,FALSE,FALSE,FALSE,FALSE,FALSE,FALSE,FALSE,FALSE,FALSE,FALSE,FALSE,FALSE,FALSE,FALSE,FALSE,FALSE,FALSE,FALSE,FALSE,FALSE,FALSE,FALSE,FALSE,FALSE,FALSE,FALSE,FALSE,FALSE,FALSE,FALSE,FALSE,FALSE,FALSE,FALSE,FALSE,FALSE,FALSE,FALSE,FALSE,FALSE,FALSE,FALSE,FALSE,FALSE,FALSE,FALSE,FALSE,FALSE,FALSE,FALSE,FALSE,FALSE,FALSE,-40.25,-20.33,0,19.5,39.68,FALSE,FALSE,FALSE,FALSE,FALSE,1.16,0.97,1.05,1.05,1.07,FALSE,FALSE,FALSE,FALSE,FALSE,49.1,99.908966,50.038235,80.84444,20.00299,FALSE,FALSE,FALSE,FALSE,FALSE,1.09,FALSE,10.84,FALSE,25.6,FALSE
2026-05-25 09:04:14,1205,15,112,346,196,126,115,129,218,301,252,312,208,285,262,306,618,676,646,229,297,314,214,223,242,325,377,383,394,306,252,239,327,460,394,630,426,441,398,398,289,485,462,667,503,350,380,549,639,303,278,207,410,302,359,281,256,328,312,133,197,258,239,231,176,355,208,FALSE,FALSE,FALSE,FALSE,FALSE,FALSE,FALSE,FALSE,FALSE,FALSE,FALSE,FALSE,FALSE,FALSE,FALSE,FALSE,FALSE,FALSE,FALSE,FALSE,FALSE,FALSE,FALSE,FALSE,FALSE,FALSE,FALSE,FALSE,FALSE,FALSE,FALSE,FALSE,FALSE,FALSE,FALSE,FALSE,FALSE,FALSE,FALSE,FALSE,FALSE,FALSE,FALSE,FALSE,FALSE,FALSE,FALSE,FALSE,FALSE,FALSE,FALSE,FALSE,FALSE,FALSE,FALSE,FALSE,FALSE,FALSE,FALSE,FALSE,FALSE,FALSE,FALSE,FALSE,FALSE,FALSE,FALSE,2.5242047,5.1123395,3.1797085,1.1805367,1.4905388,2.1049562,2.2246716,2.3601186,2.5068936,2.527192,2.3584008,2.146489,1.9801742,1.9082814,1.9345883,1.9047117,1.9169506,2.0515068,2.0383854,1.1824644,1.3778706,1.428458,1.5400732,1.5766677,1.4321166,1.2784389,1.0181817,1.0510197,0.9066552,0.8650829,0.9280069,0.9919253,1.027782,1.0636828,1.221237,2.1043541,1.9864165,1.952323,2.00362,1.9487927,2.037383,2.0492656,2.014788,2.0831687,2.0167904,2.1425934,2.0354118,2.2455583,2.2466452,1.9402391,1.8767176,1.978046,1.9870112,1.9716086,1.97141,1.8967993,1.9415329,1.9702289,2.005079,1.3995017,1.310812,1.3733809,1.2816908,1.4018555,1.2850999,1.430091,1.442742,FALSE,FALSE,FALSE,FALSE,FALSE,FALSE,FALSE,FALSE,FALSE,FALSE,FALSE,FALSE,FALSE,FALSE,FALSE,FALSE,FALSE,FALSE,FALSE,FALSE,FALSE,FALSE,FALSE,FALSE,FALSE,FALSE,FALSE,FALSE,FALSE,FALSE,FALSE,FALSE,FALSE,FALSE,FALSE,FALSE,FALSE,FALSE,FALSE,FALSE,FALSE,FALSE,FALSE,FALSE,FALSE,FALSE,FALSE,FALSE,FALSE,FALSE,FALSE,FALSE,FALSE,FALSE,FALSE,FALSE,FALSE,FALSE,FALSE,FALSE,FALSE,FALSE,FALSE,FALSE,FALSE,FALSE,FALSE,-40.28,-20.33,0,19.55,39.83,FALSE,FALSE,FALSE,FALSE,FALSE,1.16,0.97,1.05,1.05,1.07,FALSE,FALSE,FALSE,FALSE,FALSE,49.1,100,50.038235,80.84444,19.971087,FALSE,FALSE,FALSE,FALSE,FALSE,1.09,FALSE,10.32,FALSE,25.2,FALSE
2026-05-22 09:22:41,1205,15,112,346,196,126,115,129,218,301,252,312,208,285,262,306,618,676,646,229,297,314,214,223,242,325,377,383,394,306,252,239,327,460,394,630,426,441,398,398,289,485,462,667,503,350,380,549,639,303,278,207,410,302,359,281,256,328,312,133,197,258,239,231,176,355,208,FALSE,FALSE,FALSE,FALSE,FALSE,FALSE,FALSE,FALSE,FALSE,FALSE,FALSE,FALSE,FALSE,FALSE,FALSE,FALSE,FALSE,FALSE,FALSE,FALSE,FALSE,FALSE,FALSE,FALSE,FALSE,FALSE,FALSE,FALSE,FALSE,FALSE,FALSE,FALSE,FALSE,FALSE,FALSE,FALSE,FALSE,FALSE,FALSE,FALSE,FALSE,FALSE,FALSE,FALSE,FALSE,FALSE,FALSE,FALSE,FALSE,FALSE,FALSE,FALSE,FALSE,FALSE,FALSE,FALSE,FALSE,FALSE,FALSE,FALSE,FALSE,FALSE,FALSE,FALSE,FALSE,FALSE,FALSE,2.5463192,5.036231,3.0602684,1.8649069,0.94976723,1.3063769,1.4302709,1.5098852,1.6611118,1.7306437,1.5487683,1.411138,1.2546856,1.2646677,1.2743342,1.3160678,1.4170907,1.5987965,1.619982,1.2532376,1.4134264,1.5019381,1.5805086,1.6021812,1.4889332,1.337257,1.128223,1.1173102,0.98940843,0.9421886,0.9910582,1.0594612,1.0801201,1.1490672,1.2587802,2.1048377,1.989459,1.9098672,1.9584341,1.9050847,2.010742,1.9886149,1.9675214,2.0490174,1.9462239,2.0983605,2.0090475,2.180167,2.1923263,1.9081105,1.8449671,1.9373751,1.9418422,1.9017563,1.9233114,1.8634126,1.9086066,1.9507623,1.9181463,1.3426962,1.2677625,1.3363819,1.2581412,1.3590671,1.2582679,1.3770763,1.3586078,FALSE,FALSE,FALSE,FALSE,FALSE,FALSE,FALSE,FALSE,FALSE,FALSE,FALSE,FALSE,FALSE,FALSE,FALSE,FALSE,FALSE,FALSE,FALSE,FALSE,FALSE,FALSE,FALSE,FALSE,FALSE,FALSE,FALSE,FALSE,FALSE,FALSE,FALSE,FALSE,FALSE,FALSE,FALSE,FALSE,FALSE,FALSE,FALSE,FALSE,FALSE,FALSE,FALSE,FALSE,FALSE,FALSE,FALSE,FALSE,FALSE,FALSE,FALSE,FALSE,FALSE,FALSE,FALSE,FALSE,FALSE,FALSE,FALSE,FALSE,FALSE,FALSE,FALSE,FALSE,FALSE,FALSE,FALSE,-40.28,-20.33,0,19.5,39.67,FALSE,FALSE,FALSE,FALSE,FALSE,1.16,0.97,1.05,1.05,1.07,FALSE,FALSE,FALSE,FALSE,FALSE,49.1,99.908966,50.038235,80.84444,19.978065,FALSE,FALSE,FALSE,FALSE,FALSE,1.1,FALSE,10.36,FALSE,25.9,FALSE
2026-05-21 18:31:46,1205,15,112,346,196,126,115,129,218,301,252,312,208,285,262,306,618,676,646,229,297,314,214,223,242,325,377,383,394,306,252,239,327,460,394,630,426,441,398,398,289,485,462,667,503,350,380,549,639,303,278,207,410,302,359,281,256,328,312,133,197,258,239,231,176,355,208,FALSE,FALSE,FALSE,FALSE,FALSE,FALSE,FALSE,FALSE,FALSE,FALSE,FALSE,FALSE,FALSE,FALSE,FALSE,FALSE,FALSE,FALSE,FALSE,FALSE,FALSE,FALSE,FALSE,FALSE,FALSE,FALSE,FALSE,FALSE,FALSE,FALSE,FALSE,FALSE,FALSE,FALSE,FALSE,FALSE,FALSE,FALSE,FALSE,FALSE,FALSE,FALSE,FALSE,FALSE,FALSE,FALSE,FALSE,FALSE,FALSE,FALSE,FALSE,FALSE,FALSE,FALSE,FALSE,FALSE,FALSE,FALSE,FALSE,FALSE,FALSE,FALSE,FALSE,FALSE,FALSE,FALSE,FALSE,2.667925,5.074908,3.1695752,1.2207512,1.4023066,2.0338078,2.1996126,2.3055766,2.5034099,2.5301788,2.3450983,2.1549075,1.9881848,1.9126639,1.9215226,1.9129432,1.9482102,2.0831535,2.082278,1.4760838,1.6470132,1.7659849,1.8483334,1.8551385,1.7416888,1.5850252,1.3085189,1.2824908,1.1555231,1.0862812,1.164046,1.2561617,1.2802241,1.3267993,1.4221127,2.1260245,1.9977537,1.952412,2.033367,1.954637,2.0511298,2.0506446,1.9947944,2.1033938,2.0193436,2.1719813,2.0460591,2.2390764,2.2543564,1.197845,1.107589,1.2419056,1.2161907,1.2219412,1.320297,1.293888,1.3444439,1.4467703,1.4916742,1.3836989,1.2741162,1.3764733,1.2773623,1.4131855,1.3256053,1.4609035,1.4303473,FALSE,FALSE,FALSE,FALSE,FALSE,FALSE,FALSE,FALSE,FALSE,FALSE,FALSE,FALSE,FALSE,FALSE,FALSE,FALSE,FALSE,FALSE,FALSE,FALSE,FALSE,FALSE,FALSE,FALSE,FALSE,FALSE,FALSE,FALSE,FALSE,FALSE,FALSE,FALSE,FALSE,FALSE,FALSE,FALSE,FALSE,FALSE,FALSE,FALSE,FALSE,FALSE,FALSE,FALSE,FALSE,FALSE,FALSE,FALSE,FALSE,FALSE,FALSE,FALSE,FALSE,FALSE,FALSE,FALSE,FALSE,FALSE,FALSE,FALSE,FALSE,FALSE,FALSE,FALSE,FALSE,FALSE,FALSE,-40.15,-20.3,0,19.55,39.72,FALSE,FALSE,FALSE,FALSE,FALSE,1.16,0.97,1.05,1.05,1.08,FALSE,FALSE,FALSE,FALSE,FALSE,49.1,100,50.038235,80.84444,19.937191,FALSE,FALSE,FALSE,FALSE,FALSE,1.09,FALSE,11.25,FALSE,26,FALSE
2026-05-21 08:41:34,1205,15,112,346,196,126,115,129,218,301,252,312,208,285,262,306,618,676,646,229,297,314,214,223,242,325,377,383,394,306,252,239,327,460,394,630,426,441,398,398,289,485,462,667,503,350,380,549,639,303,278,207,410,302,359,281,256,328,312,133,197,258,239,231,176,355,208,FALSE,FALSE,FALSE,FALSE,FALSE,FALSE,FALSE,FALSE,FALSE,FALSE,FALSE,FALSE,FALSE,FALSE,FALSE,FALSE,FALSE,FALSE,FALSE,FALSE,FALSE,FALSE,FALSE,FALSE,FALSE,FALSE,FALSE,FALSE,FALSE,FALSE,FALSE,FALSE,FALSE,FALSE,FALSE,FALSE,FALSE,FALSE,FALSE,FALSE,FALSE,FALSE,FALSE,FALSE,FALSE,FALSE,FALSE,FALSE,FALSE,FALSE,FALSE,FALSE,FALSE,FALSE,FALSE,FALSE,FALSE,FALSE,FALSE,FALSE,FALSE,FALSE,FALSE,FALSE,FALSE,FALSE,FALSE,2.5469172,5.021452,3.1865082,1.6169561,1.1187913,1.6583914,1.822873,1.9343337,2.095819,2.156272,2.0040443,1.7999142,1.6383258,1.5994313,1.5909625,1.634564,1.6922877,1.8188413,1.8555874,1.1041639,1.2871045,1.3714805,1.4684354,1.4974172,1.3656355,1.1989217,0.9712552,0.9945578,0.8625537,0.8341705,0.9064896,0.95523083,0.9746442,1.0487108,1.1516868,2.1297324,2.0109568,1.9998726,2.0550222,1.9911246,2.0785716,2.0695271,2.0376596,2.1514955,2.0537515,2.2038193,2.1048465,2.2988698,2.249914,1.982074,1.9491451,2.0357726,2.0596611,2.0368598,2.0255759,1.9647954,2.0031638,2.0186267,2.0593297,1.3530012,1.3060387,1.3939198,1.2916999,1.4104965,1.3262235,1.4432727,1.4353521,FALSE,FALSE,FALSE,FALSE,FALSE,FALSE,FALSE,FALSE,FALSE,FALSE,FALSE,FALSE,FALSE,FALSE,FALSE,FALSE,FALSE,FALSE,FALSE,FALSE,FALSE,FALSE,FALSE,FALSE,FALSE,FALSE,FALSE,FALSE,FALSE,FALSE,FALSE,FALSE,FALSE,FALSE,FALSE,FALSE,FALSE,FALSE,FALSE,FALSE,FALSE,FALSE,FALSE,FALSE,FALSE,FALSE,FALSE,FALSE,FALSE,FALSE,FALSE,FALSE,FALSE,FALSE,FALSE,FALSE,FALSE,FALSE,FALSE,FALSE,FALSE,FALSE,FALSE,FALSE,FALSE,FALSE,FALSE,-40.32,-20.38,0,19.5,39.68,FALSE,FALSE,FALSE,FALSE,FALSE,1.16,0.97,1.05,1.05,1.07,FALSE,FALSE,FALSE,FALSE,FALSE,49.1,100,50.038235,80.79399,19.984049,FALSE,FALSE,FALSE,FALSE,FALSE,1.09,FALSE,10.72,FALSE,25.4,FALSE
2026-05-20 08:51:39,1205,15,112,346,196,126,115,129,218,301,252,312,208,285,262,306,618,676,646,229,297,314,214,223,242,325,377,383,394,306,252,239,327,460,394,630,426,441,398,398,289,485,462,667,503,350,380,549,639,303,278,207,410,302,359,281,256,328,312,133,197,258,239,231,176,355,208,FALSE,FALSE,FALSE,FALSE,FALSE,FALSE,FALSE,FALSE,FALSE,FALSE,FALSE,FALSE,FALSE,FALSE,FALSE,FALSE,FALSE,FALSE,FALSE,FALSE,FALSE,FALSE,FALSE,FALSE,FALSE,FALSE,FALSE,FALSE,FALSE,FALSE,FALSE,FALSE,FALSE,FALSE,FALSE,FALSE,FALSE,FALSE,FALSE,FALSE,FALSE,FALSE,FALSE,FALSE,FALSE,FALSE,FALSE,FALSE,FALSE,FALSE,FALSE,FALSE,FALSE,FALSE,FALSE,FALSE,FALSE,FALSE,FALSE,FALSE,FALSE,FALSE,FALSE,FALSE,FALSE,FALSE,FALSE,2.6590466,5.035709,3.3366423,1.3518378,1.4598479,2.2155128,2.3860004,2.5415995,2.7149,2.7430334,2.5814586,2.3204634,2.1040614,2.0006,2.0097015,2.0031023,2.023227,2.1449366,2.131814,1.1208844,1.2992889,1.3760756,1.4813323,1.5381861,1.3825666,1.1985292,0.9385921,0.9940669,0.84400755,0.82347465,0.9077256,0.97243243,0.9920027,1.0583324,1.179493,2.1707215,2.062852,2.045527,2.1513722,2.0767481,2.1469047,2.1843119,2.1426196,2.2015839,2.0850997,2.2456455,2.1565506,2.3430421,2.3138502,2.0651672,2.024898,2.1106298,2.1500528,2.1211255,2.1194744,2.0643291,2.0812073,2.106486,2.1342263,1.4595625,1.358429,1.4461601,1.338696,1.4690971,1.3555017,1.4935119,1.492035,FALSE,FALSE,FALSE,FALSE,FALSE,FALSE,FALSE,FALSE,FALSE,FALSE,FALSE,FALSE,FALSE,FALSE,FALSE,FALSE,FALSE,FALSE,FALSE,FALSE,FALSE,FALSE,FALSE,FALSE,FALSE,FALSE,FALSE,FALSE,FALSE,FALSE,FALSE,FALSE,FALSE,FALSE,FALSE,FALSE,FALSE,FALSE,FALSE,FALSE,FALSE,FALSE,FALSE,FALSE,FALSE,FALSE,FALSE,FALSE,FALSE,FALSE,FALSE,FALSE,FALSE,FALSE,FALSE,FALSE,FALSE,FALSE,FALSE,FALSE,FALSE,FALSE,FALSE,FALSE,FALSE,FALSE,FALSE,-40.22,-20.32,0,19.53,39.8,FALSE,FALSE,FALSE,FALSE,FALSE,1.16,0.97,1.05,1.05,1.07,FALSE,FALSE,FALSE,FALSE,FALSE,49.1,99.908966,50,80.84444,19.987038,FALSE,FALSE,FALSE,FALSE,FALSE,1.09,FALSE,13.15,FALSE,25,FALSE
2026-05-19 08:26:04,1205,15,112,346,196,126,115,129,218,301,252,312,208,285,262,306,618,676,646,229,297,314,214,223,242,325,377,383,394,306,252,239,327,460,394,630,426,441,398,398,289,485,462,667,503,350,380,549,639,303,278,207,410,302,359,281,256,328,312,133,197,258,239,231,176,355,208,FALSE,FALSE,FALSE,FALSE,FALSE,FALSE,FALSE,FALSE,FALSE,FALSE,FALSE,FALSE,FALSE,FALSE,FALSE,FALSE,FALSE,FALSE,FALSE,FALSE,FALSE,FALSE,FALSE,FALSE,FALSE,FALSE,FALSE,FALSE,FALSE,FALSE,FALSE,FALSE,FALSE,FALSE,FALSE,FALSE,FALSE,FALSE,FALSE,FALSE,FALSE,FALSE,FALSE,FALSE,FALSE,FALSE,FALSE,FALSE,FALSE,FALSE,FALSE,FALSE,FALSE,FALSE,FALSE,FALSE,FALSE,FALSE,FALSE,FALSE,FALSE,FALSE,FALSE,FALSE,FALSE,FALSE,FALSE,2.7144752,5.004758,3.3420444,1.1927063,1.7509851,2.4626415,2.6438463,2.8164928,2.9742653,2.9948163,2.8187356,2.5732322,2.3565385,2.259442,2.2287858,2.2297616,2.2383847,2.3326936,2.3218465,1.1563383,1.3556377,1.4225682,1.5547559,1.6012464,1.4430737,1.2736392,0.97912085,1.0255398,0.8887501,0.86130387,0.92708284,1.0060493,1.0117426,1.0787233,1.1847053,2.1733515,2.086356,2.0399265,2.118499,2.0644085,2.163431,2.162954,2.1328714,2.2161727,2.1103902,2.2380445,2.1583016,2.3541765,2.32091,2.0819693,2.0537345,2.140991,2.1685972,2.1670754,2.1463573,2.0928993,2.1220174,2.1432412,2.1862364,1.5155326,1.375314,1.4518459,1.3578049,1.4794122,1.3821263,1.5108511,1.4944851,FALSE,FALSE,FALSE,FALSE,FALSE,FALSE,FALSE,FALSE,FALSE,FALSE,FALSE,FALSE,FALSE,FALSE,FALSE,FALSE,FALSE,FALSE,FALSE,FALSE,FALSE,FALSE,FALSE,FALSE,FALSE,FALSE,FALSE,FALSE,FALSE,FALSE,FALSE,FALSE,FALSE,FALSE,FALSE,FALSE,FALSE,FALSE,FALSE,FALSE,FALSE,FALSE,FALSE,FALSE,FALSE,FALSE,FALSE,FALSE,FALSE,FALSE,FALSE,FALSE,FALSE,FALSE,FALSE,FALSE,FALSE,FALSE,FALSE,FALSE,FALSE,FALSE,FALSE,FALSE,FALSE,FALSE,FALSE,-40.3,-20.35,0,19.5,39.63,FALSE,FALSE,FALSE,FALSE,FALSE,1.16,0.97,1.05,1.05,1.07,FALSE,FALSE,FALSE,FALSE,FALSE,49.1,100,50.07647,80.84444,19.980059,FALSE,FALSE,FALSE,FALSE,FALSE,1.09,FALSE,13.03,FALSE,24.9,FALSE
2026-05-18 09:03:58,1205,15,112,346,196,126,115,129,218,301,252,312,208,285,262,306,618,676,646,229,297,314,214,223,242,325,377,383,394,306,252,239,327,460,394,630,426,441,398,398,289,485,462,667,503,350,380,549,639,303,278,207,410,302,359,281,256,328,312,133,197,258,239,231,176,355,208,FALSE,FALSE,FALSE,FALSE,FALSE,FALSE,FALSE,FALSE,FALSE,FALSE,FALSE,FALSE,FALSE,FALSE,FALSE,FALSE,FALSE,FALSE,FALSE,FALSE,FALSE,FALSE,FALSE,FALSE,FALSE,FALSE,FALSE,FALSE,FALSE,FALSE,FALSE,FALSE,FALSE,FALSE,FALSE,FALSE,FALSE,FALSE,FALSE,FALSE,FALSE,FALSE,FALSE,FALSE,FALSE,FALSE,FALSE,FALSE,FALSE,FALSE,FALSE,FALSE,FALSE,FALSE,FALSE,FALSE,FALSE,FALSE,FALSE,FALSE,FALSE,FALSE,FALSE,FALSE,FALSE,FALSE,FALSE,2.877767,5.0181894,3.3753366,1.2445986,1.6739739,2.4736989,2.6681905,2.836797,3.0306642,3.0701745,2.8386211,2.5925758,2.331983,2.2145355,2.170232,2.1468024,2.1654046,2.2535355,2.2897747,1.3496912,1.5708764,1.6811198,1.8087093,1.851216,1.7096864,1.4976783,1.1457969,1.1804948,1.035652,0.94045055,1.024702,1.1025965,1.1215426,1.1722281,1.2617441,2.2065253,2.161919,2.0896099,2.183679,2.1394746,2.1960633,2.2508888,2.2048903,2.2788818,2.1766639,2.2681844,2.1900496,2.3928084,2.4171042,2.2285697,2.204502,2.3020566,2.3554661,2.327337,2.2616584,2.23215,2.2084265,2.2875822,2.2842777,1.4711245,1.383337,1.4656591,1.378701,1.5001302,1.4113328,1.5408372,1.513862,FALSE,FALSE,FALSE,FALSE,FALSE,FALSE,FALSE,FALSE,FALSE,FALSE,FALSE,FALSE,FALSE,FALSE,FALSE,FALSE,FALSE,FALSE,FALSE,FALSE,FALSE,FALSE,FALSE,FALSE,FALSE,FALSE,FALSE,FALSE,FALSE,FALSE,FALSE,FALSE,FALSE,FALSE,FALSE,FALSE,FALSE,FALSE,FALSE,FALSE,FALSE,FALSE,FALSE,FALSE,FALSE,FALSE,FALSE,FALSE,FALSE,FALSE,FALSE,FALSE,FALSE,FALSE,FALSE,FALSE,FALSE,FALSE,FALSE,FALSE,FALSE,FALSE,FALSE,FALSE,FALSE,FALSE,FALSE,-40.22,-20.27,0,19.53,39.65,FALSE,FALSE,FALSE,FALSE,FALSE,1.16,0.97,1.05,1.05,1.07,FALSE,FALSE,FALSE,FALSE,FALSE,49.1,100,50.038235,80.84444,19.981058,FALSE,FALSE,FALSE,FALSE,FALSE,1.09,FALSE,15.5,FALSE,25.8,FALSE
2026-05-15 09:07:29,1205,15,112,346,197,127,115,130,220,304,251,312,208,284,269,323,657,724,689,228,294,312,214,221,238,322,371,376,390,301,261,251,344,492,423,625,418,431,392,390,284,478,460,686,525,366,401,584,677,297,276,207,411,305,372,297,272,353,338,131,200,269,253,249,189,384,228,FALSE,FALSE,FALSE,FALSE,FALSE,FALSE,FALSE,FALSE,FALSE,FALSE,FALSE,FALSE,FALSE,FALSE,FALSE,FALSE,FALSE,FALSE,FALSE,FALSE,FALSE,FALSE,FALSE,FALSE,FALSE,FALSE,FALSE,FALSE,FALSE,FALSE,FALSE,FALSE,FALSE,FALSE,FALSE,FALSE,FALSE,FALSE,FALSE,FALSE,FALSE,FALSE,FALSE,FALSE,FALSE,FALSE,FALSE,FALSE,FALSE,FALSE,FALSE,FALSE,FALSE,FALSE,FALSE,FALSE,FALSE,FALSE,FALSE,FALSE,FALSE,FALSE,FALSE,FALSE,FALSE,FALSE,FALSE,2.9106584,4.9655313,3.3787668,1.9475881,1.0195658,1.4908797,1.6397078,1.7636422,1.9341049,1.9710027,1.904227,1.9237294,1.4878786,1.4431499,2.3246536,3.407173,3.9197125,4.292086,4.3442764,1.3328993,1.5704824,1.6338464,1.7038213,1.7436763,1.6194466,1.5363957,1.6157935,1.5116012,1.2110487,0.96538866,2.1769118,3.2535288,3.6698904,3.9747908,4.154098,2.3718948,2.4085736,2.576414,2.7312615,2.586486,2.5433369,2.4348161,2.099683,2.5600379,3.0383127,3.4175606,3.615874,3.9669104,3.9674237,2.6520197,2.2137558,2.1733227,2.0641472,1.9479828,2.6907809,3.385944,3.788951,4.0416975,4.2597094,1.5139093,2.0484178,3.298305,3.9790795,4.3362575,4.3228,4.5261135,4.742942,FALSE,FALSE,FALSE,FALSE,FALSE,FALSE,FALSE,FALSE,FALSE,FALSE,FALSE,FALSE,FALSE,FALSE,FALSE,FALSE,FALSE,FALSE,FALSE,FALSE,FALSE,FALSE,FALSE,FALSE,FALSE,FALSE,FALSE,FALSE,FALSE,FALSE,FALSE,FALSE,FALSE,FALSE,FALSE,FALSE,FALSE,FALSE,FALSE,FALSE,FALSE,FALSE,FALSE,FALSE,FALSE,FALSE,FALSE,FALSE,FALSE,FALSE,FALSE,FALSE,FALSE,FALSE,FALSE,FALSE,FALSE,FALSE,FALSE,FALSE,FALSE,FALSE,FALSE,FALSE,FALSE,FALSE,FALSE,-40.35,-20.37,0,19.53,39.83,FALSE,FALSE,FALSE,FALSE,FALSE,1.16,0.97,1.05,1.05,1.07,FALSE,FALSE,FALSE,FALSE,FALSE,49.1,99.908966,50.038235,80.79399,20.058823,FALSE,FALSE,FALSE,FALSE,FALSE,1.09,FALSE,13.56,FALSE,25.5,FALSE
2026-05-14 09:07:43,1205,15,112,349,197,127,116,131,222,308,259,320,213,291,268,313,632,695,660,229,295,310,213,221,241,326,377,383,390,306,253,240,325,462,394,624,425,440,398,394,290,485,459,659,510,351,382,551,637,303,276,208,412,300,360,279,254,327,311,134,195,256,239,232,176,355,207,FALSE,FALSE,FALSE,FALSE,FALSE,FALSE,FALSE,FALSE,FALSE,FALSE,FALSE,FALSE,FALSE,FALSE,FALSE,FALSE,FALSE,FALSE,FALSE,FALSE,FALSE,FALSE,FALSE,FALSE,FALSE,FALSE,FALSE,FALSE,FALSE,FALSE,FALSE,FALSE,FALSE,FALSE,FALSE,FALSE,FALSE,FALSE,FALSE,FALSE,FALSE,FALSE,FALSE,FALSE,FALSE,FALSE,FALSE,FALSE,FALSE,FALSE,FALSE,FALSE,FALSE,FALSE,FALSE,FALSE,FALSE,FALSE,FALSE,FALSE,FALSE,FALSE,FALSE,FALSE,FALSE,FALSE,FALSE,2.4278045,5.008484,3.1107285,1.5792323,0.97179693,1.4355162,1.5427941,1.6332762,1.7717259,1.8507812,1.6820176,1.5274199,1.3885964,1.3517877,1.3865281,1.4032621,1.491629,1.7039213,1.722867,0.99034923,1.131959,1.2193729,1.2737272,1.286067,1.1777693,1.0564576,0.88501394,0.88827294,0.796921,0.7694984,0.8150821,0.9062934,0.9144303,0.9944547,1.1450242,2.1148643,1.9855926,1.8994513,1.9536481,1.8938996,2.0098085,1.9853876,1.9403921,2.0491638,1.9974911,2.1304123,1.9668308,2.1944053,2.211413,1.8593978,1.79171,1.9046767,1.9246874,1.8698205,1.8912697,1.8188417,1.8518076,1.8863748,1.9368734,1.3690681,1.3088638,1.354792,1.2641573,1.3809838,1.2690413,1.427779,1.4082887,FALSE,FALSE,FALSE,FALSE,FALSE,FALSE,FALSE,FALSE,FALSE,FALSE,FALSE,FALSE,FALSE,FALSE,FALSE,FALSE,FALSE,FALSE,FALSE,FALSE,FALSE,FALSE,FALSE,FALSE,FALSE,FALSE,FALSE,FALSE,FALSE,FALSE,FALSE,FALSE,FALSE,FALSE,FALSE,FALSE,FALSE,FALSE,FALSE,FALSE,FALSE,FALSE,FALSE,FALSE,FALSE,FALSE,FALSE,FALSE,FALSE,FALSE,FALSE,FALSE,FALSE,FALSE,FALSE,FALSE,FALSE,FALSE,FALSE,FALSE,FALSE,FALSE,FALSE,FALSE,FALSE,FALSE,FALSE,-40.32,-20.35,0,19.5,39.68,FALSE,FALSE,FALSE,FALSE,FALSE,1.16,0.97,1.05,1.05,1.07,FALSE,FALSE,FALSE,FALSE,FALSE,49.1,99.908966,50.038235,80.79399,20.014956,FALSE,FALSE,FALSE,FALSE,FALSE,1.09,FALSE,9.2,FALSE,25.1,FALSE
2026-05-13 09:18:54,1205,15,112,349,197,127,116,131,222,308,259,320,213,291,268,313,632,695,660,229,295,310,213,221,241,326,377,383,390,306,253,240,325,462,394,624,425,440,398,394,290,485,459,659,510,351,382,551,637,303,276,208,412,300,360,279,254,327,311,134,195,256,239,232,176,355,207,FALSE,FALSE,FALSE,FALSE,FALSE,FALSE,FALSE,FALSE,FALSE,FALSE,FALSE,FALSE,FALSE,FALSE,FALSE,FALSE,FALSE,FALSE,FALSE,FALSE,FALSE,FALSE,FALSE,FALSE,FALSE,FALSE,FALSE,FALSE,FALSE,FALSE,FALSE,FALSE,FALSE,FALSE,FALSE,FALSE,FALSE,FALSE,FALSE,FALSE,FALSE,FALSE,FALSE,FALSE,FALSE,FALSE,FALSE,FALSE,FALSE,FALSE,FALSE,FALSE,FALSE,FALSE,FALSE,FALSE,FALSE,FALSE,FALSE,FALSE,FALSE,FALSE,FALSE,FALSE,FALSE,FALSE,FALSE,2.5143852,4.9977994,3.0562868,2.0170646,1.0601147,1.0714693,1.1127368,1.1598732,1.2726595,1.3416144,1.2149928,1.1335447,1.0509523,1.0897847,1.1362731,1.2125294,1.3484982,1.5755296,1.6152455,1.2483007,1.3955429,1.505757,1.5616075,1.5621195,1.4784745,1.3600981,1.1736178,1.148446,1.0447788,0.99987173,1.0234499,1.0839391,1.120029,1.1510606,1.2790369,2.0740411,1.9452906,1.9046569,1.9559684,1.8864765,1.9859688,1.9696374,1.9467711,2.0269437,1.9231688,2.0685012,1.9948738,2.2175274,2.1886945,1.8659074,1.773349,1.8778898,1.8915497,1.8725449,1.8654068,1.813972,1.8631598,1.9005729,1.9086542,1.382854,1.257355,1.3433285,1.2433151,1.365291,1.2685446,1.4048235,1.3713121,FALSE,FALSE,FALSE,FALSE,FALSE,FALSE,FALSE,FALSE,FALSE,FALSE,FALSE,FALSE,FALSE,FALSE,FALSE,FALSE,FALSE,FALSE,FALSE,FALSE,FALSE,FALSE,FALSE,FALSE,FALSE,FALSE,FALSE,FALSE,FALSE,FALSE,FALSE,FALSE,FALSE,FALSE,FALSE,FALSE,FALSE,FALSE,FALSE,FALSE,FALSE,FALSE,FALSE,FALSE,FALSE,FALSE,FALSE,FALSE,FALSE,FALSE,FALSE,FALSE,FALSE,FALSE,FALSE,FALSE,FALSE,FALSE,FALSE,FALSE,FALSE,FALSE,FALSE,FALSE,FALSE,FALSE,FALSE,-40.2,-20.28,0,19.6,39.85,FALSE,FALSE,FALSE,FALSE,FALSE,1.16,0.97,1.05,1.05,1.08,FALSE,FALSE,FALSE,FALSE,FALSE,49.1,99.908966,50.038235,80.79399,19.957129,FALSE,FALSE,FALSE,FALSE,FALSE,1.09,FALSE,8.54,FALSE,25.9,FALSE
2026-05-12 09:58:24,1205,15,112,349,197,127,116,131,222,308,259,320,213,291,268,313,632,695,660,229,295,310,213,221,241,326,377,383,390,306,253,240,325,462,394,624,425,440,398,394,290,485,459,659,510,351,382,551,637,303,276,208,412,300,360,279,254,327,311,134,195,256,239,232,176,355,207,FALSE,FALSE,FALSE,FALSE,FALSE,FALSE,FALSE,FALSE,FALSE,FALSE,FALSE,FALSE,FALSE,FALSE,FALSE,FALSE,FALSE,FALSE,FALSE,FALSE,FALSE,FALSE,FALSE,FALSE,FALSE,FALSE,FALSE,FALSE,FALSE,FALSE,FALSE,FALSE,FALSE,FALSE,FALSE,FALSE,FALSE,FALSE,FALSE,FALSE,FALSE,FALSE,FALSE,FALSE,FALSE,FALSE,FALSE,FALSE,FALSE,FALSE,FALSE,FALSE,FALSE,FALSE,FALSE,FALSE,FALSE,FALSE,FALSE,FALSE,FALSE,FALSE,FALSE,FALSE,FALSE,FALSE,FALSE,2.3658576,5.036762,3.0744708,2.2250793,1.1542885,1.1077312,1.1539637,1.178774,1.2762465,1.3344718,1.1884952,1.1386448,1.057215,1.1078424,1.1564804,1.2185874,1.3231004,1.5772357,1.5921377,1.0179054,1.15034,1.2280213,1.288168,1.3155726,1.2046429,1.0751002,0.9154881,0.9297164,0.8250626,0.80576015,0.8620914,0.9165059,0.94420004,1.0289644,1.1521018,2.0448205,1.9509169,1.912531,1.94227,1.8777735,1.9803646,1.9665784,1.9314091,2.049678,1.9654677,2.0923185,2.0005171,2.1746867,2.2053144,1.8206872,1.763325,1.855469,1.857592,1.8409699,1.8545916,1.7932076,1.8434892,1.88211,1.9178838,1.3503972,1.2623315,1.3516083,1.2471731,1.3605781,1.25016,1.3961637,1.3990812,FALSE,FALSE,FALSE,FALSE,FALSE,FALSE,FALSE,FALSE,FALSE,FALSE,FALSE,FALSE,FALSE,FALSE,FALSE,FALSE,FALSE,FALSE,FALSE,FALSE,FALSE,FALSE,FALSE,FALSE,FALSE,FALSE,FALSE,FALSE,FALSE,FALSE,FALSE,FALSE,FALSE,FALSE,FALSE,FALSE,FALSE,FALSE,FALSE,FALSE,FALSE,FALSE,FALSE,FALSE,FALSE,FALSE,FALSE,FALSE,FALSE,FALSE,FALSE,FALSE,FALSE,FALSE,FALSE,FALSE,FALSE,FALSE,FALSE,FALSE,FALSE,FALSE,FALSE,FALSE,FALSE,FALSE,FALSE,-40.22,-20.3,0,19.58,39.83,FALSE,FALSE,FALSE,FALSE,FALSE,1.16,0.97,1.05,1.05,1.07,FALSE,FALSE,FALSE,FALSE,FALSE,49.1,99.908966,50.038235,80.84444,19.929213,FALSE,FALSE,FALSE,FALSE,FALSE,1.09,FALSE,9.25,FALSE,25.4,FALSE
2026-05-11 09:02:44,1205,15,112,349,197,127,116,131,222,308,259,320,213,291,268,313,632,695,660,229,295,310,213,221,241,326,377,383,390,306,253,240,325,462,394,624,425,440,398,394,290,485,459,659,510,351,382,551,637,303,276,208,412,300,360,279,254,327,311,134,195,256,239,232,176,355,207,FALSE,FALSE,FALSE,FALSE,FALSE,FALSE,FALSE,FALSE,FALSE,FALSE,FALSE,FALSE,FALSE,FALSE,FALSE,FALSE,FALSE,FALSE,FALSE,FALSE,FALSE,FALSE,FALSE,FALSE,FALSE,FALSE,FALSE,FALSE,FALSE,FALSE,FALSE,FALSE,FALSE,FALSE,FALSE,FALSE,FALSE,FALSE,FALSE,FALSE,FALSE,FALSE,FALSE,FALSE,FALSE,FALSE,FALSE,FALSE,FALSE,FALSE,FALSE,FALSE,FALSE,FALSE,FALSE,FALSE,FALSE,FALSE,FALSE,FALSE,FALSE,FALSE,FALSE,FALSE,FALSE,FALSE,FALSE,2.4244626,5.037483,3.1650774,2.9164183,1.7010341,1.381549,1.3106446,1.2193223,1.2260375,1.277782,1.1807308,1.2277081,1.2555139,1.3278612,1.3722888,1.4455793,1.5002662,1.7089386,1.7276624,0.9251562,1.0726842,1.1558307,1.211997,1.2614874,1.1275783,0.9882985,0.8232913,0.8503574,0.73861974,0.7238535,0.77818173,0.84443855,0.86283153,0.9396295,1.0962247,2.0786586,1.9995722,1.9565182,2.0231729,1.9610096,2.0511117,2.0268643,2.0291936,2.0987947,1.9978848,2.136147,2.0329382,2.254679,2.2326856,1.945397,1.8573169,1.965083,1.9811565,1.9259648,1.9324543,1.8909305,1.911919,1.9621607,1.9778274,1.3584152,1.2910138,1.3750117,1.2728753,1.3855397,1.2774711,1.4230909,1.4139578,FALSE,FALSE,FALSE,FALSE,FALSE,FALSE,FALSE,FALSE,FALSE,FALSE,FALSE,FALSE,FALSE,FALSE,FALSE,FALSE,FALSE,FALSE,FALSE,FALSE,FALSE,FALSE,FALSE,FALSE,FALSE,FALSE,FALSE,FALSE,FALSE,FALSE,FALSE,FALSE,FALSE,FALSE,FALSE,FALSE,FALSE,FALSE,FALSE,FALSE,FALSE,FALSE,FALSE,FALSE,FALSE,FALSE,FALSE,FALSE,FALSE,FALSE,FALSE,FALSE,FALSE,FALSE,FALSE,FALSE,FALSE,FALSE,FALSE,FALSE,FALSE,FALSE,FALSE,FALSE,FALSE,FALSE,FALSE,-40.18,-20.3,0,19.55,39.88,FALSE,FALSE,FALSE,FALSE,FALSE,1.16,0.97,1.05,1.05,1.07,FALSE,FALSE,FALSE,FALSE,FALSE,49.1,100,50.038235,80.79399,19.955133,FALSE,FALSE,FALSE,FALSE,FALSE,1.09,FALSE,9.52,FALSE,25,FALSE
2026-05-10 12:40:14,1205,15,113,348,199,127,116,130,220,306,252,316,208,286,269,318,642,713,678,226,293,309,212,219,238,324,372,373,381,301,256,243,332,473,409,621,422,436,392,392,285,485,465,678,523,361,391,572,660,298,271,204,412,303,368,286,262,339,324,136,198,261,248,241,183,372,221,FALSE,FALSE,FALSE,FALSE,FALSE,FALSE,FALSE,FALSE,FALSE,FALSE,FALSE,FALSE,FALSE,FALSE,FALSE,FALSE,FALSE,FALSE,FALSE,FALSE,FALSE,FALSE,FALSE,FALSE,FALSE,FALSE,FALSE,FALSE,FALSE,FALSE,FALSE,FALSE,FALSE,FALSE,FALSE,FALSE,FALSE,FALSE,FALSE,FALSE,FALSE,FALSE,FALSE,FALSE,FALSE,FALSE,FALSE,FALSE,FALSE,FALSE,FALSE,FALSE,FALSE,FALSE,FALSE,FALSE,FALSE,FALSE,FALSE,FALSE,FALSE,FALSE,FALSE,FALSE,FALSE,FALSE,FALSE,2.5859692,5.1636434,3.180223,2.9277303,1.7846498,1.44804,1.351606,1.2519417,1.2367827,1.293629,1.1991227,1.2856532,1.3067938,1.4207548,1.4652753,1.5143489,1.6086247,1.8322278,1.8344611,1.2117091,1.3788886,1.4759693,1.5789009,1.5918258,1.4717606,1.3113586,1.0833629,1.0803775,0.97537255,0.91215754,0.981916,1.0510864,1.0824564,1.1632868,1.2564814,2.1251822,2.027051,1.9774444,2.0238907,1.983678,2.0861382,2.0802307,2.068092,2.1453657,2.062515,2.2057874,2.1481228,2.314751,2.3218384,1.9920686,1.9796541,2.0379772,2.0674067,2.0467372,2.0912127,2.0164769,2.0651314,2.1192112,2.1170552,1.417051,1.3168154,1.4348674,1.3234621,1.4535929,1.3247787,1.4830897,1.4613929,FALSE,FALSE,FALSE,FALSE,FALSE,FALSE,FALSE,FALSE,FALSE,FALSE,FALSE,FALSE,FALSE,FALSE,FALSE,FALSE,FALSE,FALSE,FALSE,FALSE,FALSE,FALSE,FALSE,FALSE,FALSE,FALSE,FALSE,FALSE,FALSE,FALSE,FALSE,FALSE,FALSE,FALSE,FALSE,FALSE,FALSE,FALSE,FALSE,FALSE,FALSE,FALSE,FALSE,FALSE,FALSE,FALSE,FALSE,FALSE,FALSE,FALSE,FALSE,FALSE,FALSE,FALSE,FALSE,FALSE,FALSE,FALSE,FALSE,FALSE,FALSE,FALSE,FALSE,FALSE,FALSE,FALSE,FALSE,-40.28,-20.33,0,19.5,39.75,FALSE,FALSE,FALSE,FALSE,FALSE,1.16,0.97,1.05,1.05,1.08,FALSE,FALSE,FALSE,FALSE,FALSE,49.1,99.908966,50.038235,80.79399,20.028913,FALSE,FALSE,FALSE,FALSE,FALSE,1.09,FALSE,9.39,FALSE,26.5,FALSE
2026-05-08 09:10:04,1205,15,113,348,199,127,116,130,220,306,252,316,208,286,269,318,642,713,678,226,293,309,212,219,238,324,372,373,381,301,256,243,332,473,409,621,422,436,392,392,285,485,465,678,523,361,391,572,660,298,271,204,412,303,368,286,262,339,324,136,198,261,248,241,183,372,221,FALSE,FALSE,FALSE,FALSE,FALSE,FALSE,FALSE,FALSE,FALSE,FALSE,FALSE,FALSE,FALSE,FALSE,FALSE,FALSE,FALSE,FALSE,FALSE,FALSE,FALSE,FALSE,FALSE,FALSE,FALSE,FALSE,FALSE,FALSE,FALSE,FALSE,FALSE,FALSE,FALSE,FALSE,FALSE,FALSE,FALSE,FALSE,FALSE,FALSE,FALSE,FALSE,FALSE,FALSE,FALSE,FALSE,FALSE,FALSE,FALSE,FALSE,FALSE,FALSE,FALSE,FALSE,FALSE,FALSE,FALSE,FALSE,FALSE,FALSE,FALSE,FALSE,FALSE,FALSE,FALSE,FALSE,FALSE,2.6532528,5.0699754,3.2276187,1.3764123,1.3036585,1.9860334,2.149349,2.3161407,2.4942079,2.5806677,2.4082146,2.3141384,2.0003424,1.8787977,2.0056567,2.4383726,2.761468,3.0307,3.1241062,1.2952396,1.4500263,1.547443,1.6414807,1.6692741,1.5408359,1.4062953,1.4362282,1.3749367,1.2201343,0.977595,1.258702,1.8318597,2.1487472,2.3639421,2.616044,2.1886642,2.1259518,2.1399758,2.2470164,2.173254,2.2218285,2.1685677,2.0922217,2.5239146,2.7239106,3.0661502,3.0475934,3.320215,3.4778185,2.1254866,1.963182,2.062514,2.0871944,2.1155899,2.508409,2.8024251,3.057537,3.2312367,3.4315777,1.4569902,1.7092055,2.434829,2.755438,3.1174572,3.0578618,3.2487483,3.541934,FALSE,FALSE,FALSE,FALSE,FALSE,FALSE,FALSE,FALSE,FALSE,FALSE,FALSE,FALSE,FALSE,FALSE,FALSE,FALSE,FALSE,FALSE,FALSE,FALSE,FALSE,FALSE,FALSE,FALSE,FALSE,FALSE,FALSE,FALSE,FALSE,FALSE,FALSE,FALSE,FALSE,FALSE,FALSE,FALSE,FALSE,FALSE,FALSE,FALSE,FALSE,FALSE,FALSE,FALSE,FALSE,FALSE,FALSE,FALSE,FALSE,FALSE,FALSE,FALSE,FALSE,FALSE,FALSE,FALSE,FALSE,FALSE,FALSE,FALSE,FALSE,FALSE,FALSE,FALSE,FALSE,FALSE,FALSE,-40.42,-20.42,0,19.5,39.75,FALSE,FALSE,FALSE,FALSE,FALSE,1.16,0.97,1.05,1.05,1.08,FALSE,FALSE,FALSE,FALSE,FALSE,49.1,99.908966,50.038235,80.79399,19.972084,FALSE,FALSE,FALSE,FALSE,FALSE,1.09,FALSE,11.67,FALSE,25.5,FALSE
2026-05-07 09:04:04,1205,15,112,345,198,127,115,130,222,305,255,318,211,288,266,312,624,686,656,227,294,310,213,219,240,325,378,383,391,306,253,239,326,460,394,631,422,437,395,395,287,488,463,670,506,350,381,548,637,303,277,208,411,304,359,281,256,329,312,133,196,257,240,232,176,355,208,FALSE,FALSE,FALSE,FALSE,FALSE,FALSE,FALSE,FALSE,FALSE,FALSE,FALSE,FALSE,FALSE,FALSE,FALSE,FALSE,FALSE,FALSE,FALSE,FALSE,FALSE,FALSE,FALSE,FALSE,FALSE,FALSE,FALSE,FALSE,FALSE,FALSE,FALSE,FALSE,FALSE,FALSE,FALSE,FALSE,FALSE,FALSE,FALSE,FALSE,FALSE,FALSE,FALSE,FALSE,FALSE,FALSE,FALSE,FALSE,FALSE,FALSE,FALSE,FALSE,FALSE,FALSE,FALSE,FALSE,FALSE,FALSE,FALSE,FALSE,FALSE,FALSE,FALSE,FALSE,FALSE,FALSE,FALSE,2.4220965,5.0071936,3.0541139,1.7435653,0.9560959,1.2523268,1.3729738,1.4559591,1.6202768,1.6613603,1.5128406,1.3734701,1.228583,1.1937312,1.2670097,1.3086865,1.4504615,1.6439328,1.675765,1.0632656,1.2257259,1.2999732,1.3797204,1.4062197,1.2903571,1.150472,0.9515606,0.9526261,0.8490297,0.8013839,0.89120406,0.95520747,0.98976463,1.0514108,1.1971613,2.1031113,1.9664421,1.8757403,1.976721,1.8986022,1.9897676,1.9739639,1.9708401,2.060002,1.9775636,2.1496913,2.0224354,2.2302158,2.237483,1.8298411,1.7831167,1.8773059,1.8739936,1.8375224,1.8882301,1.8470919,1.8920693,1.9474605,1.978298,1.3231952,1.2590296,1.3557398,1.2827096,1.3845848,1.2993908,1.4233804,1.4440726,FALSE,FALSE,FALSE,FALSE,FALSE,FALSE,FALSE,FALSE,FALSE,FALSE,FALSE,FALSE,FALSE,FALSE,FALSE,FALSE,FALSE,FALSE,FALSE,FALSE,FALSE,FALSE,FALSE,FALSE,FALSE,FALSE,FALSE,FALSE,FALSE,FALSE,FALSE,FALSE,FALSE,FALSE,FALSE,FALSE,FALSE,FALSE,FALSE,FALSE,FALSE,FALSE,FALSE,FALSE,FALSE,FALSE,FALSE,FALSE,FALSE,FALSE,FALSE,FALSE,FALSE,FALSE,FALSE,FALSE,FALSE,FALSE,FALSE,FALSE,FALSE,FALSE,FALSE,FALSE,FALSE,FALSE,FALSE,-40.2,-20.33,0,19.58,39.8,FALSE,FALSE,FALSE,FALSE,FALSE,1.16,0.97,1.05,1.05,1.07,FALSE,FALSE,FALSE,FALSE,FALSE,49.1,99.908966,50.038235,80.84444,20.034895,FALSE,FALSE,FALSE,FALSE,FALSE,1.09,FALSE,9.59,FALSE,25.5,FALSE
2026-05-06 09:13:27,1205,15,113,349,198,128,117,132,223,306,256,314,210,289,269,319,645,719,683,227,294,310,213,220,238,321,374,377,388,302,256,245,336,478,412,628,425,435,395,393,283,489,461,673,517,361,392,571,661,301,274,207,417,305,370,289,264,342,328,136,198,265,248,243,184,373,222,FALSE,FALSE,FALSE,FALSE,FALSE,FALSE,FALSE,FALSE,FALSE,FALSE,FALSE,FALSE,FALSE,FALSE,FALSE,FALSE,FALSE,FALSE,FALSE,FALSE,FALSE,FALSE,FALSE,FALSE,FALSE,FALSE,FALSE,FALSE,FALSE,FALSE,FALSE,FALSE,FALSE,FALSE,FALSE,FALSE,FALSE,FALSE,FALSE,FALSE,FALSE,FALSE,FALSE,FALSE,FALSE,FALSE,FALSE,FALSE,FALSE,FALSE,FALSE,FALSE,FALSE,FALSE,FALSE,FALSE,FALSE,FALSE,FALSE,FALSE,FALSE,FALSE,FALSE,FALSE,FALSE,FALSE,FALSE,2.3287098,4.9353385,3.007558,1.4598538,0.95368093,1.3684905,1.4610653,1.557849,1.7005736,1.7278036,1.6131918,1.4798044,1.3426276,1.3283929,1.3570447,1.4037194,1.4995819,1.6965231,1.7461872,0.9853108,1.1252449,1.1995633,1.2499821,1.2701676,1.1759969,1.0600612,0.9034248,0.90624195,0.7950506,0.75593776,0.827965,0.9010368,0.9305325,1.0098319,1.1139466,2.0175292,1.9210601,1.8684428,1.9025359,1.853075,1.9245758,1.9241846,1.8950601,2.008426,1.9295043,2.102718,1.9914554,2.159655,2.1589937,1.7482808,1.6669633,1.7624911,1.7805742,1.7689397,1.8148111,1.7609844,1.7910614,1.8535627,1.8566711,1.3107527,1.227505,1.3292072,1.2297434,1.3571566,1.2317644,1.4010715,1.3801206,FALSE,FALSE,FALSE,FALSE,FALSE,FALSE,FALSE,FALSE,FALSE,FALSE,FALSE,FALSE,FALSE,FALSE,FALSE,FALSE,FALSE,FALSE,FALSE,FALSE,FALSE,FALSE,FALSE,FALSE,FALSE,FALSE,FALSE,FALSE,FALSE,FALSE,FALSE,FALSE,FALSE,FALSE,FALSE,FALSE,FALSE,FALSE,FALSE,FALSE,FALSE,FALSE,FALSE,FALSE,FALSE,FALSE,FALSE,FALSE,FALSE,FALSE,FALSE,FALSE,FALSE,FALSE,FALSE,FALSE,FALSE,FALSE,FALSE,FALSE,FALSE,FALSE,FALSE,FALSE,FALSE,FALSE,FALSE,-40.18,-20.3,0,19.58,39.88,FALSE,FALSE,FALSE,FALSE,FALSE,1.16,0.97,1.05,1.05,1.08,FALSE,FALSE,FALSE,FALSE,FALSE,49.1,99.908966,50.038235,80.84444,19.964108,FALSE,FALSE,FALSE,FALSE,FALSE,1.09,FALSE,8.1,FALSE,25.5,FALSE
2026-05-05 09:44:16,1205,15,113,349,198,128,117,132,223,306,256,314,210,289,269,319,645,719,683,227,294,310,213,220,238,321,374,377,388,302,256,245,336,478,412,628,425,435,395,393,283,489,461,673,517,361,392,571,661,301,274,207,417,305,370,289,264,342,328,136,198,265,248,243,184,373,222,FALSE,FALSE,FALSE,FALSE,FALSE,FALSE,FALSE,FALSE,FALSE,FALSE,FALSE,FALSE,FALSE,FALSE,FALSE,FALSE,FALSE,FALSE,FALSE,FALSE,FALSE,FALSE,FALSE,FALSE,FALSE,FALSE,FALSE,FALSE,FALSE,FALSE,FALSE,FALSE,FALSE,FALSE,FALSE,FALSE,FALSE,FALSE,FALSE,FALSE,FALSE,FALSE,FALSE,FALSE,FALSE,FALSE,FALSE,FALSE,FALSE,FALSE,FALSE,FALSE,FALSE,FALSE,FALSE,FALSE,FALSE,FALSE,FALSE,FALSE,FALSE,FALSE,FALSE,FALSE,FALSE,FALSE,FALSE,2.5273645,4.944099,3.1596494,1.5556201,1.0301006,1.5730683,1.7145422,1.8359065,1.983948,2.043209,1.9539132,1.9406018,1.5202873,1.5153474,2.6989045,4.0216527,4.616413,5.104028,5.183371,1.168892,1.3639646,1.4317986,1.5337743,1.5978055,1.4769874,1.459525,1.5627096,1.3943068,1.0635405,0.8825762,2.252001,3.709511,4.297662,4.7210226,4.904104,2.315242,2.3490617,2.5489311,2.7097576,2.4898047,2.4316247,2.2821984,1.9830621,2.5350447,3.092821,3.5064073,3.8513548,4.150852,4.087045,2.5587707,1.9604232,1.9197624,1.8870089,1.8719593,2.926043,3.8956468,4.4055967,4.780163,5.017137,1.3655566,2.1504805,3.7306323,4.639824,4.9639945,4.981045,5.27866,5.423087,FALSE,FALSE,FALSE,FALSE,FALSE,FALSE,FALSE,FALSE,FALSE,FALSE,FALSE,FALSE,FALSE,FALSE,FALSE,FALSE,FALSE,FALSE,FALSE,FALSE,FALSE,FALSE,FALSE,FALSE,FALSE,FALSE,FALSE,FALSE,FALSE,FALSE,FALSE,FALSE,FALSE,FALSE,FALSE,FALSE,FALSE,FALSE,FALSE,FALSE,FALSE,FALSE,FALSE,FALSE,FALSE,FALSE,FALSE,FALSE,FALSE,FALSE,FALSE,FALSE,FALSE,FALSE,FALSE,FALSE,FALSE,FALSE,FALSE,FALSE,FALSE,FALSE,FALSE,FALSE,FALSE,FALSE,FALSE,-40.22,-20.3,0,19.6,39.9,FALSE,FALSE,FALSE,FALSE,FALSE,1.16,0.97,1.05,1.05,1.07,FALSE,FALSE,FALSE,FALSE,FALSE,49.1,99.908966,50.038235,80.84444,19.9671,FALSE,FALSE,FALSE,FALSE,FALSE,1.09,FALSE,10.99,FALSE,25.6,FALSE
2026-05-04 10:03:00,1205,15,113,342,195,124,113,128,216,294,249,311,206,280,256,303,610,679,640,226,293,310,211,219,239,322,378,380,389,306,256,240,325,461,394,625,424,441,398,396,291,491,466,679,517,353,383,554,640,301,277,208,410,301,364,282,255,329,311,132,197,259,241,234,177,359,210,FALSE,FALSE,FALSE,FALSE,FALSE,FALSE,FALSE,FALSE,FALSE,FALSE,FALSE,FALSE,FALSE,FALSE,FALSE,FALSE,FALSE,FALSE,FALSE,FALSE,FALSE,FALSE,FALSE,FALSE,FALSE,FALSE,FALSE,FALSE,FALSE,FALSE,FALSE,FALSE,FALSE,FALSE,FALSE,FALSE,FALSE,FALSE,FALSE,FALSE,FALSE,FALSE,FALSE,FALSE,FALSE,FALSE,FALSE,FALSE,FALSE,FALSE,FALSE,FALSE,FALSE,FALSE,FALSE,FALSE,FALSE,FALSE,FALSE,FALSE,FALSE,FALSE,FALSE,FALSE,FALSE,FALSE,FALSE,2.451132,4.9498906,3.1478405,1.2480304,1.2008392,1.8037792,1.9620106,2.0961387,2.2307405,2.2822464,2.111694,1.8973641,1.7234967,1.6643097,1.6597295,1.6954839,1.737725,1.8670719,1.8312361,1.0260214,1.1847112,1.2511537,1.3357804,1.3677927,1.2556297,1.0928046,0.8835894,0.9011806,0.8000188,0.7702705,0.84524584,0.91067797,0.9345298,1.0081286,1.1408875,2.0757654,1.9997692,1.9243362,1.9881561,1.9368017,2.0200026,2.01444,1.98298,2.0666306,1.9710194,2.0919268,2.012612,2.1976602,2.1954885,2.0261588,1.9438218,2.037458,2.0696244,2.0038433,2.0073628,1.931077,1.9790202,2.0054753,2.0534475,1.3527286,1.282709,1.3478408,1.2461958,1.3763535,1.2719314,1.4081786,1.3990623,FALSE,FALSE,FALSE,FALSE,FALSE,FALSE,FALSE,FALSE,FALSE,FALSE,FALSE,FALSE,FALSE,FALSE,FALSE,FALSE,FALSE,FALSE,FALSE,FALSE,FALSE,FALSE,FALSE,FALSE,FALSE,FALSE,FALSE,FALSE,FALSE,FALSE,FALSE,FALSE,FALSE,FALSE,FALSE,FALSE,FALSE,FALSE,FALSE,FALSE,FALSE,FALSE,FALSE,FALSE,FALSE,FALSE,FALSE,FALSE,FALSE,FALSE,FALSE,FALSE,FALSE,FALSE,FALSE,FALSE,FALSE,FALSE,FALSE,FALSE,FALSE,FALSE,FALSE,FALSE,FALSE,FALSE,FALSE,-40.18,-20.28,0,19.65,39.92,FALSE,FALSE,FALSE,FALSE,FALSE,1.16,0.97,1.05,1.05,1.07,FALSE,FALSE,FALSE,FALSE,FALSE,49.1,99.908966,50.038235,80.79399,20.00299,FALSE,FALSE,FALSE,FALSE,FALSE,1.09,FALSE,9.46,FALSE,25.5,FALSE
2026-05-03 07:47:26,1205,15,113,342,195,124,113,128,216,294,249,311,206,280,256,303,610,679,640,226,293,310,211,219,239,322,378,380,389,306,256,240,325,461,394,625,424,441,398,396,291,491,466,679,517,353,383,554,640,301,277,208,410,301,364,282,255,329,311,132,197,259,241,234,177,359,210,FALSE,FALSE,FALSE,FALSE,FALSE,FALSE,FALSE,FALSE,FALSE,FALSE,FALSE,FALSE,FALSE,FALSE,FALSE,FALSE,FALSE,FALSE,FALSE,FALSE,FALSE,FALSE,FALSE,FALSE,FALSE,FALSE,FALSE,FALSE,FALSE,FALSE,FALSE,FALSE,FALSE,FALSE,FALSE,FALSE,FALSE,FALSE,FALSE,FALSE,FALSE,FALSE,FALSE,FALSE,FALSE,FALSE,FALSE,FALSE,FALSE,FALSE,FALSE,FALSE,FALSE,FALSE,FALSE,FALSE,FALSE,FALSE,FALSE,FALSE,FALSE,FALSE,FALSE,FALSE,FALSE,FALSE,FALSE,2.4976594,5.0262237,3.2034385,1.4248478,1.3394252,2.0360756,2.2039855,2.3590283,2.523289,2.5778,2.4035695,2.2183895,1.9613171,1.8896269,2.0895298,2.272624,2.383761,2.574863,2.649482,0.94666976,1.1044458,1.1361012,1.2537445,1.318635,1.1769207,1.0456104,0.93214625,0.91255534,0.77387685,0.81490713,1.1737438,1.4577836,1.5595794,1.7025878,1.8013232,2.1472428,2.0564322,2.0557857,2.1235805,2.0487695,2.1146417,2.0955157,2.1405387,2.4406276,2.4837294,2.692172,2.6327715,2.8571696,2.8643088,2.0723867,2.0003564,2.09693,2.114559,2.216812,2.4533806,2.528776,2.62621,2.7465222,2.8000462,1.4629692,1.606494,1.9344451,1.9554455,2.1357446,2.042477,2.2066045,2.1985679,FALSE,FALSE,FALSE,FALSE,FALSE,FALSE,FALSE,FALSE,FALSE,FALSE,FALSE,FALSE,FALSE,FALSE,FALSE,FALSE,FALSE,FALSE,FALSE,FALSE,FALSE,FALSE,FALSE,FALSE,FALSE,FALSE,FALSE,FALSE,FALSE,FALSE,FALSE,FALSE,FALSE,FALSE,FALSE,FALSE,FALSE,FALSE,FALSE,FALSE,FALSE,FALSE,FALSE,FALSE,FALSE,FALSE,FALSE,FALSE,FALSE,FALSE,FALSE,FALSE,FALSE,FALSE,FALSE,FALSE,FALSE,FALSE,FALSE,FALSE,FALSE,FALSE,FALSE,FALSE,FALSE,FALSE,FALSE,-40.12,-20.2,0,19.62,39.9,FALSE,FALSE,FALSE,FALSE,FALSE,1.15,0.97,1.05,1.05,1.07,FALSE,FALSE,FALSE,FALSE,FALSE,49.1,99.908966,50.038235,80.79399,20.06979,FALSE,FALSE,FALSE,FALSE,FALSE,1.09,FALSE,11.69,FALSE,24.6,FALSE
2026-05-01 09:58:50,1205,15,113,342,195,124,113,128,216,294,249,311,206,280,256,303,610,679,640,226,293,310,211,219,239,322,378,380,389,306,256,240,325,461,394,625,424,441,398,396,291,491,466,679,517,353,383,554,640,301,277,208,410,301,364,282,255,329,311,132,197,259,241,234,177,359,210,FALSE,FALSE,FALSE,FALSE,FALSE,FALSE,FALSE,FALSE,FALSE,FALSE,FALSE,FALSE,FALSE,FALSE,FALSE,FALSE,FALSE,FALSE,FALSE,FALSE,FALSE,FALSE,FALSE,FALSE,FALSE,FALSE,FALSE,FALSE,FALSE,FALSE,FALSE,FALSE,FALSE,FALSE,FALSE,FALSE,FALSE,FALSE,FALSE,FALSE,FALSE,FALSE,FALSE,FALSE,FALSE,FALSE,FALSE,FALSE,FALSE,FALSE,FALSE,FALSE,FALSE,FALSE,FALSE,FALSE,FALSE,FALSE,FALSE,FALSE,FALSE,FALSE,FALSE,FALSE,FALSE,FALSE,FALSE,2.7988224,4.996026,3.311437,1.1767994,1.7708782,2.5015607,2.6927109,2.8315427,3.0152035,3.0548048,2.87333,2.633974,2.409759,2.2748082,2.357094,2.5614948,2.7800155,2.9335647,3.0373013,1.3187752,1.5261416,1.6028739,1.6930676,1.7102832,1.5760633,1.4750491,1.4097868,1.3553687,1.1921549,1.02576,1.2704004,1.6978211,1.92424,2.0677936,2.293789,2.2404811,2.1829765,2.2149355,2.3361807,2.2403355,2.2861693,2.256774,2.1527135,2.4656396,2.5864584,2.878381,2.8441532,3.1076589,3.1690974,1.4438521,1.2493358,1.3787694,1.3637931,1.5148675,1.9214664,2.171089,2.4707673,2.6595323,2.8121161,1.5529698,1.620596,2.1291695,2.3421135,2.6516745,2.6029167,2.784198,2.9696136,FALSE,FALSE,FALSE,FALSE,FALSE,FALSE,FALSE,FALSE,FALSE,FALSE,FALSE,FALSE,FALSE,FALSE,FALSE,FALSE,FALSE,FALSE,FALSE,FALSE,FALSE,FALSE,FALSE,FALSE,FALSE,FALSE,FALSE,FALSE,FALSE,FALSE,FALSE,FALSE,FALSE,FALSE,FALSE,FALSE,FALSE,FALSE,FALSE,FALSE,FALSE,FALSE,FALSE,FALSE,FALSE,FALSE,FALSE,FALSE,FALSE,FALSE,FALSE,FALSE,FALSE,FALSE,FALSE,FALSE,FALSE,FALSE,FALSE,FALSE,FALSE,FALSE,FALSE,FALSE,FALSE,FALSE,FALSE,-40.35,-20.35,0,19.67,40.03,FALSE,FALSE,FALSE,FALSE,FALSE,1.16,0.97,1.05,1.05,1.09,FALSE,FALSE,FALSE,FALSE,FALSE,49.1,99.908966,50.038235,80.84444,19.986042,FALSE,FALSE,FALSE,FALSE,FALSE,1.09,FALSE,13.06,FALSE,25.5,FALSE
2026-04-30 13:27:32,1205,15,113,342,195,124,113,128,216,294,249,311,206,280,256,303,610,679,640,226,293,310,211,219,239,322,378,380,389,306,256,240,325,461,394,625,424,441,398,396,291,491,466,679,517,353,383,554,640,301,277,208,410,301,364,282,255,329,311,132,197,259,241,234,177,359,210,FALSE,FALSE,FALSE,FALSE,FALSE,FALSE,FALSE,FALSE,FALSE,FALSE,FALSE,FALSE,FALSE,FALSE,FALSE,FALSE,FALSE,FALSE,FALSE,FALSE,FALSE,FALSE,FALSE,FALSE,FALSE,FALSE,FALSE,FALSE,FALSE,FALSE,FALSE,FALSE,FALSE,FALSE,FALSE,FALSE,FALSE,FALSE,FALSE,FALSE,FALSE,FALSE,FALSE,FALSE,FALSE,FALSE,FALSE,FALSE,FALSE,FALSE,FALSE,FALSE,FALSE,FALSE,FALSE,FALSE,FALSE,FALSE,FALSE,FALSE,FALSE,FALSE,FALSE,FALSE,FALSE,FALSE,FALSE,2.7471204,5.030863,3.1883113,1.1285598,1.8034959,2.4244082,2.5919964,2.7280054,2.8735814,2.9099,2.7297075,2.513234,2.3117406,2.2467916,2.2092743,2.212865,2.2065742,2.2787979,2.2747624,1.3630805,1.5602657,1.672749,1.743573,1.7763535,1.6533802,1.5028237,1.2250162,1.2192972,1.0849209,1.0247523,1.0704579,1.1454985,1.1482334,1.2069125,1.3276374,2.1873684,2.0836394,2.0150938,2.1096618,2.0529878,2.15456,2.1367145,2.1126199,2.2029343,2.0899355,2.2199554,2.1485074,2.3005822,2.2958598,1.2531338,1.1757554,1.2977858,1.27323,1.277633,1.3600028,1.2750516,1.359203,1.3994125,1.4263724,1.3792468,1.2986403,1.3901184,1.309063,1.4191725,1.3135209,1.4605788,1.440315,FALSE,FALSE,FALSE,FALSE,FALSE,FALSE,FALSE,FALSE,FALSE,FALSE,FALSE,FALSE,FALSE,FALSE,FALSE,FALSE,FALSE,FALSE,FALSE,FALSE,FALSE,FALSE,FALSE,FALSE,FALSE,FALSE,FALSE,FALSE,FALSE,FALSE,FALSE,FALSE,FALSE,FALSE,FALSE,FALSE,FALSE,FALSE,FALSE,FALSE,FALSE,FALSE,FALSE,FALSE,FALSE,FALSE,FALSE,FALSE,FALSE,FALSE,FALSE,FALSE,FALSE,FALSE,FALSE,FALSE,FALSE,FALSE,FALSE,FALSE,FALSE,FALSE,FALSE,FALSE,FALSE,FALSE,FALSE,-40.18,-20.25,0,19.55,39.82,FALSE,FALSE,FALSE,FALSE,FALSE,1.16,0.97,1.05,1.05,1.09,FALSE,FALSE,FALSE,FALSE,FALSE,49.1,99.908966,50.038235,80.79399,19.920238,FALSE,FALSE,FALSE,FALSE,FALSE,1.09,FALSE,11,FALSE,26,FALSE
2026-04-30 09:49:28,1205,15,112,336,191,122,111,125,212,293,243,305,201,277,252,297,598,662,623,227,293,310,212,220,240,322,374,379,389,302,253,238,323,457,390,623,421,436,397,393,285,483,455,660,506,348,378,546,630,302,274,206,412,299,359,279,253,327,309,135,194,253,239,231,175,354,207,FALSE,FALSE,FALSE,FALSE,FALSE,FALSE,FALSE,FALSE,FALSE,FALSE,FALSE,FALSE,FALSE,FALSE,FALSE,FALSE,FALSE,FALSE,FALSE,FALSE,FALSE,FALSE,FALSE,FALSE,FALSE,FALSE,FALSE,FALSE,FALSE,FALSE,FALSE,FALSE,FALSE,FALSE,FALSE,FALSE,FALSE,FALSE,FALSE,FALSE,FALSE,FALSE,FALSE,FALSE,FALSE,FALSE,FALSE,FALSE,FALSE,FALSE,FALSE,FALSE,FALSE,FALSE,FALSE,FALSE,FALSE,FALSE,FALSE,FALSE,FALSE,FALSE,FALSE,FALSE,FALSE,FALSE,FALSE,2.591073,4.9617147,3.1149545,1.2298396,1.4341717,2.0725636,2.2275667,2.348392,2.5071778,2.5635571,2.3889346,2.1772768,1.992433,1.919613,1.9045407,1.8888901,1.9073881,2.0325942,2.0473285,1.239705,1.4207206,1.4960778,1.5928801,1.625587,1.4908527,1.3307875,1.0814482,1.0858086,0.9697184,0.9119348,0.97787064,1.027143,1.0654004,1.1215378,1.2412549,2.1443048,2.0243878,1.9763876,2.048501,1.980307,2.0886753,2.066399,2.052308,2.1297715,2.023034,2.164995,2.0532308,2.2638052,2.2215834,1.2293268,1.1397635,1.2728664,1.2677872,1.2329415,1.3179888,1.2443956,1.3099121,1.3793501,1.3878701,1.4060584,1.3064878,1.3739243,1.2836543,1.3918827,1.3043556,1.4244435,1.422186,FALSE,FALSE,FALSE,FALSE,FALSE,FALSE,FALSE,FALSE,FALSE,FALSE,FALSE,FALSE,FALSE,FALSE,FALSE,FALSE,FALSE,FALSE,FALSE,FALSE,FALSE,FALSE,FALSE,FALSE,FALSE,FALSE,FALSE,FALSE,FALSE,FALSE,FALSE,FALSE,FALSE,FALSE,FALSE,FALSE,FALSE,FALSE,FALSE,FALSE,FALSE,FALSE,FALSE,FALSE,FALSE,FALSE,FALSE,FALSE,FALSE,FALSE,FALSE,FALSE,FALSE,FALSE,FALSE,FALSE,FALSE,FALSE,FALSE,FALSE,FALSE,FALSE,FALSE,FALSE,FALSE,FALSE,FALSE,-40.25,-20.3,0,19.58,39.9,FALSE,FALSE,FALSE,FALSE,FALSE,1.16,0.97,1.05,1.05,1.08,FALSE,FALSE,FALSE,FALSE,FALSE,49.1,99.908966,50.038235,80.79399,20.058823,FALSE,FALSE,FALSE,FALSE,FALSE,1.09,FALSE,11.47,FALSE,25.8,FALSE
2026-04-30 09:06:46,1205,15,112,336,191,122,111,125,212,293,243,305,201,277,252,297,598,662,623,227,293,310,212,220,240,322,374,379,389,302,253,238,323,457,390,623,421,436,397,393,285,483,455,660,506,348,378,546,630,302,274,206,412,299,359,279,253,327,309,135,194,253,239,231,175,354,207,FALSE,FALSE,FALSE,FALSE,FALSE,FALSE,FALSE,FALSE,FALSE,FALSE,FALSE,FALSE,FALSE,FALSE,FALSE,FALSE,FALSE,FALSE,FALSE,FALSE,FALSE,FALSE,FALSE,FALSE,FALSE,FALSE,FALSE,FALSE,FALSE,FALSE,FALSE,FALSE,FALSE,FALSE,FALSE,FALSE,FALSE,FALSE,FALSE,FALSE,FALSE,FALSE,FALSE,FALSE,FALSE,FALSE,FALSE,FALSE,FALSE,FALSE,FALSE,FALSE,FALSE,FALSE,FALSE,FALSE,FALSE,FALSE,FALSE,FALSE,FALSE,FALSE,FALSE,FALSE,FALSE,FALSE,FALSE,2.5590663,5.05608,3.2053738,1.1269044,1.6176935,2.2698169,2.4044147,2.5355847,2.6817386,2.7291784,2.5473905,2.3644168,2.149279,2.0821285,2.064375,2.0642676,2.099881,2.1535335,2.1859775,1.0644147,1.2367711,1.3084298,1.3833679,1.4359661,1.3083788,1.144735,0.9241389,0.94105804,0.8386367,0.81681097,0.88394016,0.9514042,0.9835368,1.0583248,1.1997709,2.1527452,2.0251276,2.0283449,2.0789642,2.0195973,2.1013627,2.0599809,2.0427854,2.1360965,2.034882,2.186842,2.0784042,2.2867026,2.2560177,1.992433,1.9211693,2.0241077,2.030214,2.0060816,2.0000513,1.9450347,1.9927789,2.0154853,2.048134,1.3877344,1.3151294,1.3817339,1.2988001,1.4191025,1.3267509,1.4639928,1.4724412,FALSE,FALSE,FALSE,FALSE,FALSE,FALSE,FALSE,FALSE,FALSE,FALSE,FALSE,FALSE,FALSE,FALSE,FALSE,FALSE,FALSE,FALSE,FALSE,FALSE,FALSE,FALSE,FALSE,FALSE,FALSE,FALSE,FALSE,FALSE,FALSE,FALSE,FALSE,FALSE,FALSE,FALSE,FALSE,FALSE,FALSE,FALSE,FALSE,FALSE,FALSE,FALSE,FALSE,FALSE,FALSE,FALSE,FALSE,FALSE,FALSE,FALSE,FALSE,FALSE,FALSE,FALSE,FALSE,FALSE,FALSE,FALSE,FALSE,FALSE,FALSE,FALSE,FALSE,FALSE,FALSE,FALSE,FALSE,-40.2,-20.3,0,19.58,39.85,FALSE,FALSE,FALSE,FALSE,FALSE,1.16,0.97,1.05,1.05,1.08,FALSE,FALSE,FALSE,FALSE,FALSE,49.1,99.908966,50.038235,80.84444,19.945166,FALSE,FALSE,FALSE,FALSE,FALSE,1.09,FALSE,10.82,FALSE,25.6,FALSE
2026-04-30 09:01:53,1205,15,112,336,191,122,111,125,212,293,243,305,201,277,252,297,598,662,623,227,293,310,212,220,240,322,374,379,389,302,253,238,323,457,390,623,421,436,397,393,285,483,455,660,506,348,378,546,630,302,274,206,412,299,359,279,253,327,309,135,194,253,239,231,175,354,207,FALSE,FALSE,FALSE,FALSE,FALSE,FALSE,FALSE,FALSE,FALSE,FALSE,FALSE,FALSE,FALSE,FALSE,FALSE,FALSE,FALSE,FALSE,FALSE,FALSE,FALSE,FALSE,FALSE,FALSE,FALSE,FALSE,FALSE,FALSE,FALSE,FALSE,FALSE,FALSE,FALSE,FALSE,FALSE,FALSE,FALSE,FALSE,FALSE,FALSE,FALSE,FALSE,FALSE,FALSE,FALSE,FALSE,FALSE,FALSE,FALSE,FALSE,FALSE,FALSE,FALSE,FALSE,FALSE,FALSE,FALSE,FALSE,FALSE,FALSE,FALSE,FALSE,FALSE,FALSE,FALSE,FALSE,FALSE,2.5172818,5.0221825,3.1762767,1.1796601,1.6317021,2.274386,2.4273362,2.5704203,2.726372,2.7487192,2.5786185,2.3543186,2.164092,2.071535,2.0549886,2.0619624,2.1013772,2.1673477,2.1665964,1.0584173,1.2188681,1.2939434,1.3691405,1.40623,1.2808205,1.1412019,0.932308,0.9671544,0.8417831,0.8294021,0.88848245,0.9524474,0.9749162,1.0563494,1.1737709,2.1505146,2.0039473,1.9662797,2.05185,1.9739015,2.0738764,2.063245,2.025619,2.1154623,2.028585,2.147916,2.0542305,2.294809,2.2411203,1.9739826,1.9041548,2.005725,2.017946,1.9948276,1.9861125,1.9288158,1.9734524,2.0018775,2.0218394,1.3967214,1.3233958,1.3812932,1.2952685,1.4273807,1.3166801,1.4515085,1.4432783,FALSE,FALSE,FALSE,FALSE,FALSE,FALSE,FALSE,FALSE,FALSE,FALSE,FALSE,FALSE,FALSE,FALSE,FALSE,FALSE,FALSE,FALSE,FALSE,FALSE,FALSE,FALSE,FALSE,FALSE,FALSE,FALSE,FALSE,FALSE,FALSE,FALSE,FALSE,FALSE,FALSE,FALSE,FALSE,FALSE,FALSE,FALSE,FALSE,FALSE,FALSE,FALSE,FALSE,FALSE,FALSE,FALSE,FALSE,FALSE,FALSE,FALSE,FALSE,FALSE,FALSE,FALSE,FALSE,FALSE,FALSE,FALSE,FALSE,FALSE,FALSE,FALSE,FALSE,FALSE,FALSE,FALSE,FALSE,-40.12,-20.22,0,19.55,39.8,FALSE,FALSE,FALSE,FALSE,FALSE,1.16,0.97,1.05,1.05,1.08,FALSE,FALSE,FALSE,FALSE,FALSE,49.1,99.908966,50.038235,80.79399,19.977068,FALSE,FALSE,FALSE,FALSE,FALSE,1.09,FALSE,10.86,FALSE,25.4,FALSE
2026-04-29 08:51:23,1144,15,112,336,191,122,111,125,212,293,243,305,201,277,252,297,598,662,623,227,293,310,212,220,240,322,374,379,389,302,253,238,323,457,390,623,421,436,397,393,285,483,455,660,506,348,378,546,630,302,274,206,412,299,359,279,253,327,309,135,194,253,239,231,175,354,207,FALSE,FALSE,FALSE,FALSE,FALSE,FALSE,FALSE,FALSE,FALSE,FALSE,FALSE,FALSE,FALSE,FALSE,FALSE,FALSE,FALSE,FALSE,FALSE,FALSE,FALSE,FALSE,FALSE,FALSE,FALSE,FALSE,FALSE,FALSE,FALSE,FALSE,FALSE,FALSE,FALSE,FALSE,FALSE,FALSE,FALSE,FALSE,FALSE,FALSE,FALSE,FALSE,FALSE,FALSE,FALSE,FALSE,FALSE,FALSE,FALSE,FALSE,FALSE,FALSE,FALSE,FALSE,FALSE,FALSE,FALSE,FALSE,FALSE,FALSE,FALSE,FALSE,FALSE,FALSE,FALSE,FALSE,FALSE,2.3586788,4.9397445,3.0550148,1.1191232,1.5289806,2.0269783,2.1412835,2.2390563,2.3310168,2.3590007,2.2323735,2.0591571,1.9257843,1.8631302,1.8776426,1.8820828,1.9005293,2.0089867,2.0418043,0.8782356,1.0023164,1.071837,1.1205977,1.1348863,1.041505,0.94051033,0.80474544,0.8388905,0.73476183,0.6998008,0.76555556,0.83264494,0.8680945,0.9532427,1.101732,2.060748,1.959217,1.8732978,1.9268421,1.8810632,1.9832041,1.9477136,1.9447546,2.0196478,1.9570025,2.0956762,1.9984443,2.1832445,2.181089,1.7262051,1.671163,1.7821372,1.7738076,1.771998,1.7767614,1.7183466,1.7714344,1.8054436,1.8233808,1.3479693,1.2462865,1.3415756,1.2311294,1.3727459,1.2451394,1.4140416,1.3641441,FALSE,FALSE,FALSE,FALSE,FALSE,FALSE,FALSE,FALSE,FALSE,FALSE,FALSE,FALSE,FALSE,FALSE,FALSE,FALSE,FALSE,FALSE,FALSE,FALSE,FALSE,FALSE,FALSE,FALSE,FALSE,FALSE,FALSE,FALSE,FALSE,FALSE,FALSE,FALSE,FALSE,FALSE,FALSE,FALSE,FALSE,FALSE,FALSE,FALSE,FALSE,FALSE,FALSE,FALSE,FALSE,FALSE,FALSE,FALSE,FALSE,FALSE,FALSE,FALSE,FALSE,FALSE,FALSE,FALSE,FALSE,FALSE,FALSE,FALSE,FALSE,FALSE,FALSE,FALSE,FALSE,FALSE,FALSE,-40.2,-20.28,0,19.67,39.95,FALSE,FALSE,FALSE,FALSE,FALSE,1.16,0.97,1.05,1.05,1.08,FALSE,FALSE,FALSE,FALSE,FALSE,49.1,100,50.038235,80.84444,19.993021,FALSE,FALSE,FALSE,FALSE,FALSE,1.09,FALSE,8.77,FALSE,25.1,FALSE
2026-04-28 08:58:30,1144,15,112,336,191,122,111,125,212,293,243,305,201,277,252,297,598,662,623,227,293,310,212,220,240,322,374,379,389,302,253,238,323,457,390,623,421,436,397,393,285,483,455,660,506,348,378,546,630,302,274,206,412,299,359,279,253,327,309,135,194,253,239,231,175,354,207,FALSE,FALSE,FALSE,FALSE,FALSE,FALSE,FALSE,FALSE,FALSE,FALSE,FALSE,FALSE,FALSE,FALSE,FALSE,FALSE,FALSE,FALSE,FALSE,FALSE,FALSE,FALSE,FALSE,FALSE,FALSE,FALSE,FALSE,FALSE,FALSE,FALSE,FALSE,FALSE,FALSE,FALSE,FALSE,FALSE,FALSE,FALSE,FALSE,FALSE,FALSE,FALSE,FALSE,FALSE,FALSE,FALSE,FALSE,FALSE,FALSE,FALSE,FALSE,FALSE,FALSE,FALSE,FALSE,FALSE,FALSE,FALSE,FALSE,FALSE,FALSE,FALSE,FALSE,FALSE,FALSE,FALSE,FALSE,2.4470146,4.915728,3.0818253,1.0808108,1.6405704,2.225505,2.3649411,2.4910681,2.6217728,2.639369,2.4756079,2.283293,2.1101794,2.035132,2.0367537,2.0054977,2.0369356,2.1557796,2.1609616,1.0925047,1.2508228,1.3289169,1.4038135,1.4368255,1.2965539,1.174129,0.9758357,0.9854542,0.88184905,0.8474634,0.9339555,0.9955853,1.0128864,1.0898703,1.1956455,2.0917716,1.9916568,1.9438643,2.0135727,1.9286711,2.0167537,2.0244257,1.9768453,2.054489,1.9728154,2.0996985,1.9835217,2.1836803,2.1971214,1.9298695,1.8446085,1.9441876,1.9918597,1.9183587,1.9341764,1.857949,1.8665516,1.9215422,1.9774178,1.3898735,1.2859968,1.3562846,1.2528428,1.3800437,1.2732689,1.4047587,1.3930784,FALSE,FALSE,FALSE,FALSE,FALSE,FALSE,FALSE,FALSE,FALSE,FALSE,FALSE,FALSE,FALSE,FALSE,FALSE,FALSE,FALSE,FALSE,FALSE,FALSE,FALSE,FALSE,FALSE,FALSE,FALSE,FALSE,FALSE,FALSE,FALSE,FALSE,FALSE,FALSE,FALSE,FALSE,FALSE,FALSE,FALSE,FALSE,FALSE,FALSE,FALSE,FALSE,FALSE,FALSE,FALSE,FALSE,FALSE,FALSE,FALSE,FALSE,FALSE,FALSE,FALSE,FALSE,FALSE,FALSE,FALSE,FALSE,FALSE,FALSE,FALSE,FALSE,FALSE,FALSE,FALSE,FALSE,FALSE,-40.32,-20.33,0,19.62,39.87,FALSE,FALSE,FALSE,FALSE,FALSE,1.16,0.97,1.05,1.05,1.08,FALSE,FALSE,FALSE,FALSE,FALSE,49.1,99.908966,50.038235,80.79399,20.00698,FALSE,FALSE,FALSE,FALSE,FALSE,1.09,FALSE,10.05,FALSE,25.4,FALSE
2026-04-24 09:32:05,1144,15,112,347,196,126,115,131,223,305,257,318,211,290,264,311,626,690,655,226,293,308,211,219,238,322,376,375,388,306,252,237,322,457,391,625,421,441,398,394,286,487,457,658,506,350,380,549,637,301,271,204,415,299,354,277,252,324,308,138,197,257,240,233,176,357,209,FALSE,FALSE,FALSE,FALSE,FALSE,FALSE,FALSE,FALSE,FALSE,FALSE,FALSE,FALSE,FALSE,FALSE,FALSE,FALSE,FALSE,FALSE,FALSE,FALSE,FALSE,FALSE,FALSE,FALSE,FALSE,FALSE,FALSE,FALSE,FALSE,FALSE,FALSE,FALSE,FALSE,FALSE,FALSE,FALSE,FALSE,FALSE,FALSE,FALSE,FALSE,FALSE,FALSE,FALSE,FALSE,FALSE,FALSE,FALSE,FALSE,FALSE,FALSE,FALSE,FALSE,FALSE,FALSE,FALSE,FALSE,FALSE,FALSE,FALSE,FALSE,FALSE,FALSE,FALSE,FALSE,FALSE,FALSE,2.7571635,5.053015,3.286477,3.1725955,1.7495464,1.3646766,1.3201721,1.2343111,1.2532128,1.2997689,1.1865026,1.22897,1.211707,1.3203052,1.3498031,1.4054251,1.50221,1.7089741,1.7639209,1.2092365,1.3816643,1.483358,1.5726397,1.6120802,1.4750376,1.2963165,1.0346142,1.0565742,0.9268337,0.89067453,0.9517004,1.0133153,1.0480038,1.103462,1.2000548,2.2077966,2.0924358,2.0560515,2.1495442,2.0880375,2.1537142,2.1874194,2.1714242,2.1996534,2.1452336,2.2508922,2.1815646,2.3680253,2.346567,2.1218162,2.076192,2.1718135,2.1774595,2.1463096,2.169332,2.0925179,2.1306567,2.1511579,2.2040832,1.3873029,1.3477373,1.4290327,1.324774,1.4441339,1.3524985,1.4769558,1.466381,FALSE,FALSE,FALSE,FALSE,FALSE,FALSE,FALSE,FALSE,FALSE,FALSE,FALSE,FALSE,FALSE,FALSE,FALSE,FALSE,FALSE,FALSE,FALSE,FALSE,FALSE,FALSE,FALSE,FALSE,FALSE,FALSE,FALSE,FALSE,FALSE,FALSE,FALSE,FALSE,FALSE,FALSE,FALSE,FALSE,FALSE,FALSE,FALSE,FALSE,FALSE,FALSE,FALSE,FALSE,FALSE,FALSE,FALSE,FALSE,FALSE,FALSE,FALSE,FALSE,FALSE,FALSE,FALSE,FALSE,FALSE,FALSE,FALSE,FALSE,FALSE,FALSE,FALSE,FALSE,FALSE,FALSE,FALSE,-40.3,-20.32,0,19.6,39.88,FALSE,FALSE,FALSE,FALSE,FALSE,1.16,0.96,1.05,1.05,1.08,FALSE,FALSE,FALSE,FALSE,FALSE,49.1,99.908966,50.038235,80.84444,20.008974,FALSE,FALSE,FALSE,FALSE,FALSE,1.09,FALSE,14.07,FALSE,26,FALSE
2026-04-24 09:22:15,1144,15,112,347,196,126,115,131,223,305,257,318,211,290,264,311,626,690,655,226,293,308,211,219,238,322,376,375,388,306,252,237,322,457,391,625,421,441,398,394,286,487,457,658,506,350,380,549,637,301,271,204,415,299,354,277,252,324,308,138,197,257,240,233,176,357,209,FALSE,FALSE,FALSE,FALSE,FALSE,FALSE,FALSE,FALSE,FALSE,FALSE,FALSE,FALSE,FALSE,FALSE,FALSE,FALSE,FALSE,FALSE,FALSE,FALSE,FALSE,FALSE,FALSE,FALSE,FALSE,FALSE,FALSE,FALSE,FALSE,FALSE,FALSE,FALSE,FALSE,FALSE,FALSE,FALSE,FALSE,FALSE,FALSE,FALSE,FALSE,FALSE,FALSE,FALSE,FALSE,FALSE,FALSE,FALSE,FALSE,FALSE,FALSE,FALSE,FALSE,FALSE,FALSE,FALSE,FALSE,FALSE,FALSE,FALSE,FALSE,FALSE,FALSE,FALSE,FALSE,FALSE,FALSE,2.3972814,5.0889587,3.0841358,2.643817,1.5440624,1.2936554,1.2235997,1.176581,1.1985105,1.2478068,1.1475348,1.1778604,1.1862867,1.2639875,1.2956756,1.358416,1.4440186,1.6333828,1.684254,0.9707835,1.112936,1.1774491,1.2584308,1.2789485,1.161657,1.030708,0.85844857,0.8895669,0.7764347,0.75311244,0.8242589,0.8756809,0.91278136,0.9758151,1.0774946,2.096973,1.9881166,1.9112896,1.9707073,1.9195123,2.0123708,1.9823827,1.9671755,2.0338516,1.9403826,2.1022997,2.0002549,2.1623812,2.1659966,1.8336902,1.7756912,1.8798461,1.8692132,1.8413361,1.870765,1.8033094,1.8282043,1.8773592,1.9224524,1.3474187,1.2420483,1.3122227,1.2047932,1.34114,1.2352383,1.3771101,1.3660041,FALSE,FALSE,FALSE,FALSE,FALSE,FALSE,FALSE,FALSE,FALSE,FALSE,FALSE,FALSE,FALSE,FALSE,FALSE,FALSE,FALSE,FALSE,FALSE,FALSE,FALSE,FALSE,FALSE,FALSE,FALSE,FALSE,FALSE,FALSE,FALSE,FALSE,FALSE,FALSE,FALSE,FALSE,FALSE,FALSE,FALSE,FALSE,FALSE,FALSE,FALSE,FALSE,FALSE,FALSE,FALSE,FALSE,FALSE,FALSE,FALSE,FALSE,FALSE,FALSE,FALSE,FALSE,FALSE,FALSE,FALSE,FALSE,FALSE,FALSE,FALSE,FALSE,FALSE,FALSE,FALSE,FALSE,FALSE,-40.2,-20.3,0,19.55,39.82,FALSE,FALSE,FALSE,FALSE,FALSE,1.16,0.97,1.05,1.05,1.08,FALSE,FALSE,FALSE,FALSE,FALSE,49.1,99.908966,50.038235,80.84444,20.031904,FALSE,FALSE,FALSE,FALSE,FALSE,1.09,FALSE,8.74,FALSE,25.6,FALSE
2026-04-23 08:43:50,1144,15,111,344,195,126,114,129,218,303,251,315,210,286,263,311,621,691,652,225,291,308,210,219,237,322,373,383,389,302,255,242,327,464,398,616,420,432,393,395,287,486,457,677,512,351,385,559,639,303,281,211,415,301,366,285,259,336,317,130,196,259,242,234,177,361,212,FALSE,FALSE,FALSE,FALSE,FALSE,FALSE,FALSE,FALSE,FALSE,FALSE,FALSE,FALSE,FALSE,FALSE,FALSE,FALSE,FALSE,FALSE,FALSE,FALSE,FALSE,FALSE,FALSE,FALSE,FALSE,FALSE,FALSE,FALSE,FALSE,FALSE,FALSE,FALSE,FALSE,FALSE,FALSE,FALSE,FALSE,FALSE,FALSE,FALSE,FALSE,FALSE,FALSE,FALSE,FALSE,FALSE,FALSE,FALSE,FALSE,FALSE,FALSE,FALSE,FALSE,FALSE,FALSE,FALSE,FALSE,FALSE,FALSE,FALSE,FALSE,FALSE,FALSE,FALSE,FALSE,FALSE,FALSE,2.3657594,5.005264,3.0968885,2.3165855,1.13381,1.1648728,1.230417,1.2785983,1.3978063,1.4549272,1.2963756,1.2184659,1.1119027,1.11999,1.197712,1.2777594,1.4151926,1.6987594,1.694712,0.8860802,1.0351583,1.0779282,1.142396,1.1933635,1.0472138,0.9427104,0.795416,0.8159247,0.72685385,0.7145028,0.8115859,0.89932436,0.9554129,1.0361556,1.1592962,2.113576,1.9916217,1.9553589,2.0219612,1.9470615,2.0305479,2.040594,2.0048568,2.120453,2.0553894,2.2113807,2.145122,2.3552356,2.3217537,1.8839061,1.833727,1.9265888,1.9309089,1.9115938,1.9445773,1.8905388,1.9814607,1.9898263,2.0237017,1.3771199,1.2966354,1.4334853,1.3713123,1.5140936,1.3951551,1.5276728,1.539369,FALSE,FALSE,FALSE,FALSE,FALSE,FALSE,FALSE,FALSE,FALSE,FALSE,FALSE,FALSE,FALSE,FALSE,FALSE,FALSE,FALSE,FALSE,FALSE,FALSE,FALSE,FALSE,FALSE,FALSE,FALSE,FALSE,FALSE,FALSE,FALSE,FALSE,FALSE,FALSE,FALSE,FALSE,FALSE,FALSE,FALSE,FALSE,FALSE,FALSE,FALSE,FALSE,FALSE,FALSE,FALSE,FALSE,FALSE,FALSE,FALSE,FALSE,FALSE,FALSE,FALSE,FALSE,FALSE,FALSE,FALSE,FALSE,FALSE,FALSE,FALSE,FALSE,FALSE,FALSE,FALSE,FALSE,FALSE,-40.22,-20.3,0,19.65,39.97,FALSE,FALSE,FALSE,FALSE,FALSE,1.16,0.97,1.05,1.05,1.07,FALSE,FALSE,FALSE,FALSE,FALSE,49.1,99.908966,50.038235,80.84444,20.037888,FALSE,FALSE,FALSE,FALSE,FALSE,1.09,FALSE,9.97,FALSE,25,FALSE
2026-04-22 08:33:37,1144,15,111,344,195,126,114,129,218,303,251,315,210,286,263,311,621,691,652,225,291,308,210,219,237,322,373,383,389,302,255,242,327,464,398,616,420,432,393,395,287,486,457,677,512,351,385,559,639,303,281,211,415,301,366,285,259,336,317,130,196,259,242,234,177,361,212,FALSE,FALSE,FALSE,FALSE,FALSE,FALSE,FALSE,FALSE,FALSE,FALSE,FALSE,FALSE,FALSE,FALSE,FALSE,FALSE,FALSE,FALSE,FALSE,FALSE,FALSE,FALSE,FALSE,FALSE,FALSE,FALSE,FALSE,FALSE,FALSE,FALSE,FALSE,FALSE,FALSE,FALSE,FALSE,FALSE,FALSE,FALSE,FALSE,FALSE,FALSE,FALSE,FALSE,FALSE,FALSE,FALSE,FALSE,FALSE,FALSE,FALSE,FALSE,FALSE,FALSE,FALSE,FALSE,FALSE,FALSE,FALSE,FALSE,FALSE,FALSE,FALSE,FALSE,FALSE,FALSE,FALSE,FALSE,2.3822284,4.989363,3.126659,2.833342,1.5492125,1.2727506,1.239804,1.1845082,1.2017367,1.2462173,1.1539329,1.1634872,1.1494505,1.2371261,1.2811574,1.3258495,1.423417,1.654445,1.6957667,0.83505327,0.9600417,1.0033844,1.0816833,1.1213442,0.9916432,0.8771893,0.7359806,0.78004336,0.7048027,0.70896417,0.76806056,0.8254919,0.83932567,0.9189548,1.0729289,2.1061125,2.0026238,1.945323,2.018376,1.9434092,2.0463414,2.0283647,2.0044987,2.0882754,2.0100427,2.1296809,2.018663,2.2497292,2.2147362,1.8835764,1.8234495,1.913443,1.93071,1.879138,1.8975083,1.8531336,1.906186,1.9181683,1.9451876,1.4095429,1.2881947,1.3560523,1.2825466,1.3897619,1.2970479,1.4167955,1.4182782,FALSE,FALSE,FALSE,FALSE,FALSE,FALSE,FALSE,FALSE,FALSE,FALSE,FALSE,FALSE,FALSE,FALSE,FALSE,FALSE,FALSE,FALSE,FALSE,FALSE,FALSE,FALSE,FALSE,FALSE,FALSE,FALSE,FALSE,FALSE,FALSE,FALSE,FALSE,FALSE,FALSE,FALSE,FALSE,FALSE,FALSE,FALSE,FALSE,FALSE,FALSE,FALSE,FALSE,FALSE,FALSE,FALSE,FALSE,FALSE,FALSE,FALSE,FALSE,FALSE,FALSE,FALSE,FALSE,FALSE,FALSE,FALSE,FALSE,FALSE,FALSE,FALSE,FALSE,FALSE,FALSE,FALSE,FALSE,-40.3,-20.3,0,19.6,39.85,FALSE,FALSE,FALSE,FALSE,FALSE,1.16,0.97,1.05,1.05,1.07,FALSE,FALSE,FALSE,FALSE,FALSE,49.1,99.908966,50.038235,80.84444,19.957129,FALSE,FALSE,FALSE,FALSE,FALSE,1.09,FALSE,10.28,FALSE,25,FALSE
2026-04-21 09:29:59,1144,15,111,344,195,126,114,129,218,303,251,315,210,286,263,311,621,691,652,225,291,308,210,219,237,322,373,383,389,302,255,242,327,464,398,616,420,432,393,395,287,486,457,677,512,351,385,559,639,303,281,211,415,301,366,285,259,336,317,130,196,259,242,234,177,361,212,FALSE,FALSE,FALSE,FALSE,FALSE,FALSE,FALSE,FALSE,FALSE,FALSE,FALSE,FALSE,FALSE,FALSE,FALSE,FALSE,FALSE,FALSE,FALSE,FALSE,FALSE,FALSE,FALSE,FALSE,FALSE,FALSE,FALSE,FALSE,FALSE,FALSE,FALSE,FALSE,FALSE,FALSE,FALSE,FALSE,FALSE,FALSE,FALSE,FALSE,FALSE,FALSE,FALSE,FALSE,FALSE,FALSE,FALSE,FALSE,FALSE,FALSE,FALSE,FALSE,FALSE,FALSE,FALSE,FALSE,FALSE,FALSE,FALSE,FALSE,FALSE,FALSE,FALSE,FALSE,FALSE,FALSE,FALSE,2.441857,5.0316505,3.1084857,2.4856915,1.3355479,1.1195613,1.1302938,1.12316,1.2245017,1.2795124,1.1481236,1.0866618,1.0395095,1.1253632,1.1584226,1.2255191,1.3475115,1.5572168,1.6038649,0.9377703,1.0987991,1.1416694,1.2211443,1.2840873,1.1424172,1.0139412,0.8176737,0.85416317,0.7498617,0.74627113,0.81372446,0.8715231,0.90440196,0.9793751,1.1381468,2.11532,2.0273273,1.9494385,2.0011165,1.9589623,2.0291505,2.0212033,2.0183847,2.0989692,2.0135283,2.1394956,2.0463507,2.2322905,2.2099667,1.8903985,1.8594489,1.9423243,1.9526968,1.9312305,1.9340895,1.8733414,1.9042107,1.9368268,1.9757671,1.3552226,1.2712432,1.3506396,1.2369918,1.3690469,1.2592348,1.4039842,1.4077363,FALSE,FALSE,FALSE,FALSE,FALSE,FALSE,FALSE,FALSE,FALSE,FALSE,FALSE,FALSE,FALSE,FALSE,FALSE,FALSE,FALSE,FALSE,FALSE,FALSE,FALSE,FALSE,FALSE,FALSE,FALSE,FALSE,FALSE,FALSE,FALSE,FALSE,FALSE,FALSE,FALSE,FALSE,FALSE,FALSE,FALSE,FALSE,FALSE,FALSE,FALSE,FALSE,FALSE,FALSE,FALSE,FALSE,FALSE,FALSE,FALSE,FALSE,FALSE,FALSE,FALSE,FALSE,FALSE,FALSE,FALSE,FALSE,FALSE,FALSE,FALSE,FALSE,FALSE,FALSE,FALSE,FALSE,FALSE,-40.15,-20.25,0,19.65,40.03,FALSE,FALSE,FALSE,FALSE,FALSE,1.16,0.97,1.05,1.05,1.08,FALSE,FALSE,FALSE,FALSE,FALSE,49.1,99.908966,50.038235,80.84444,19.966103,FALSE,FALSE,FALSE,FALSE,FALSE,1.09,FALSE,9.38,FALSE,25.6,FALSE
2026-04-20 08:58:38,1144,15,111,341,193,125,114,129,219,302,255,314,208,287,261,307,618,682,646,223,290,305,210,217,235,321,373,373,381,301,249,235,321,455,390,622,418,434,391,390,284,484,457,650,496,344,375,539,627,302,272,204,409,298,357,278,252,324,309,137,196,253,239,231,175,355,208,FALSE,FALSE,FALSE,FALSE,FALSE,FALSE,FALSE,FALSE,FALSE,FALSE,FALSE,FALSE,FALSE,FALSE,FALSE,FALSE,FALSE,FALSE,FALSE,FALSE,FALSE,FALSE,FALSE,FALSE,FALSE,FALSE,FALSE,FALSE,FALSE,FALSE,FALSE,FALSE,FALSE,FALSE,FALSE,FALSE,FALSE,FALSE,FALSE,FALSE,FALSE,FALSE,FALSE,FALSE,FALSE,FALSE,FALSE,FALSE,FALSE,FALSE,FALSE,FALSE,FALSE,FALSE,FALSE,FALSE,FALSE,FALSE,FALSE,FALSE,FALSE,FALSE,FALSE,FALSE,FALSE,FALSE,FALSE,2.4355066,4.9247594,3.0858333,2.6042778,1.4763128,1.2339395,1.2335651,1.1890689,1.2674142,1.3099835,1.1774733,1.1487154,1.2023085,1.1987821,1.2845087,1.3633751,1.4161001,1.6656995,1.700237,0.9827053,1.141327,1.2137457,1.3070858,1.3237848,1.2039161,1.0604119,0.8593584,0.9802603,0.94104654,0.7628432,0.9513906,0.98881507,1.0001932,1.0965532,1.2143356,2.1117768,1.9891886,1.9550126,2.0461853,1.9975222,2.0957503,2.0747452,2.0311954,2.1434448,2.04438,2.176133,2.0900912,2.2088745,2.2610517,1.8955191,2.091036,2.1560342,1.9824272,2.0314467,2.0887945,2.0235126,2.046209,2.0881097,2.1258485,2.13482,1.3113227,1.3713611,1.2700534,1.3886508,1.3062288,1.4334497,1.4821175,FALSE,FALSE,FALSE,FALSE,FALSE,FALSE,FALSE,FALSE,FALSE,FALSE,FALSE,FALSE,FALSE,FALSE,FALSE,FALSE,FALSE,FALSE,FALSE,FALSE,FALSE,FALSE,FALSE,FALSE,FALSE,FALSE,FALSE,FALSE,FALSE,FALSE,FALSE,FALSE,FALSE,FALSE,FALSE,FALSE,FALSE,FALSE,FALSE,FALSE,FALSE,FALSE,FALSE,FALSE,FALSE,FALSE,FALSE,FALSE,FALSE,FALSE,FALSE,FALSE,FALSE,FALSE,FALSE,FALSE,FALSE,FALSE,FALSE,FALSE,FALSE,FALSE,FALSE,FALSE,FALSE,FALSE,FALSE,-40.18,-20.25,0,19.6,39.95,FALSE,FALSE,FALSE,FALSE,FALSE,1.16,0.97,1.05,1.05,1.08,FALSE,FALSE,FALSE,FALSE,FALSE,49.1,99.908966,50.038235,80.84444,20.040876,FALSE,FALSE,FALSE,FALSE,FALSE,1.09,FALSE,10.52,FALSE,25.5,FALSE
2026-04-18 10:18:57,1144,15,111,341,193,125,114,129,219,302,255,314,208,287,261,307,618,682,646,223,290,305,210,217,235,321,373,373,381,301,249,235,321,455,390,622,418,434,391,390,284,484,457,650,496,344,375,539,627,302,272,204,409,298,357,278,252,324,309,137,196,253,239,231,175,355,208,FALSE,FALSE,FALSE,FALSE,FALSE,FALSE,FALSE,FALSE,FALSE,FALSE,FALSE,FALSE,FALSE,FALSE,FALSE,FALSE,FALSE,FALSE,FALSE,FALSE,FALSE,FALSE,FALSE,FALSE,FALSE,FALSE,FALSE,FALSE,FALSE,FALSE,FALSE,FALSE,FALSE,FALSE,FALSE,FALSE,FALSE,FALSE,FALSE,FALSE,FALSE,FALSE,FALSE,FALSE,FALSE,FALSE,FALSE,FALSE,FALSE,FALSE,FALSE,FALSE,FALSE,FALSE,FALSE,FALSE,FALSE,FALSE,FALSE,FALSE,FALSE,FALSE,FALSE,FALSE,FALSE,FALSE,FALSE,2.4117775,5.0628314,3.1893532,3.0626006,1.8322282,1.4808393,1.3823886,1.3036323,1.292008,1.3369775,1.2429004,1.2838366,1.3249344,1.4260306,1.4583205,1.5026045,1.5917331,1.7728838,1.8182586,0.9100558,1.0580647,1.1106836,1.2053766,1.2279743,1.1186161,0.96116084,0.7841358,0.85489124,0.7363338,0.728157,0.7706675,0.8304548,0.85706395,0.9362547,1.0597932,2.1449785,2.0700536,2.004805,2.0679078,1.9885994,2.09008,2.076589,2.0750594,2.1314418,2.043212,2.1908054,2.0657673,2.2572794,2.2695916,1.891064,1.8757598,1.9755341,1.9640492,1.9609096,1.9785477,1.9028703,1.9487226,1.9978132,2.003919,1.4039478,1.2877091,1.3695127,1.2880139,1.3979839,1.2944471,1.4375513,1.4488442,FALSE,FALSE,FALSE,FALSE,FALSE,FALSE,FALSE,FALSE,FALSE,FALSE,FALSE,FALSE,FALSE,FALSE,FALSE,FALSE,FALSE,FALSE,FALSE,FALSE,FALSE,FALSE,FALSE,FALSE,FALSE,FALSE,FALSE,FALSE,FALSE,FALSE,FALSE,FALSE,FALSE,FALSE,FALSE,FALSE,FALSE,FALSE,FALSE,FALSE,FALSE,FALSE,FALSE,FALSE,FALSE,FALSE,FALSE,FALSE,FALSE,FALSE,FALSE,FALSE,FALSE,FALSE,FALSE,FALSE,FALSE,FALSE,FALSE,FALSE,FALSE,FALSE,FALSE,FALSE,FALSE,FALSE,FALSE,-40.2,-20.25,0,19.67,40.03,FALSE,FALSE,FALSE,FALSE,FALSE,1.16,0.97,1.05,1.05,1.08,FALSE,FALSE,FALSE,FALSE,FALSE,49.1,99.908966,50.038235,80.79399,19.847458,FALSE,FALSE,FALSE,FALSE,FALSE,1.09,FALSE,10.59,FALSE,25.1,FALSE
2026-04-17 09:21:27,1144,15,111,341,193,125,114,129,219,302,255,314,208,287,261,307,618,682,646,223,290,305,210,217,235,321,373,373,381,301,249,235,321,455,390,622,418,434,391,390,284,484,457,650,496,344,375,539,627,302,272,204,409,298,357,278,252,324,309,137,196,253,239,231,175,355,208,FALSE,FALSE,FALSE,FALSE,FALSE,FALSE,FALSE,FALSE,FALSE,FALSE,FALSE,FALSE,FALSE,FALSE,FALSE,FALSE,FALSE,FALSE,FALSE,FALSE,FALSE,FALSE,FALSE,FALSE,FALSE,FALSE,FALSE,FALSE,FALSE,FALSE,FALSE,FALSE,FALSE,FALSE,FALSE,FALSE,FALSE,FALSE,FALSE,FALSE,FALSE,FALSE,FALSE,FALSE,FALSE,FALSE,FALSE,FALSE,FALSE,FALSE,FALSE,FALSE,FALSE,FALSE,FALSE,FALSE,FALSE,FALSE,FALSE,FALSE,FALSE,FALSE,FALSE,FALSE,FALSE,FALSE,FALSE,2.580814,5.0032783,3.2647138,3.4316843,2.0731947,1.6816225,1.5719373,1.4512042,1.4074588,1.4340208,1.3796761,1.4688936,1.529773,1.6522557,1.658194,1.6829984,1.7629186,1.9239776,1.9376765,1.0001655,1.1800197,1.2518834,1.3558322,1.4155204,1.2651871,1.0989988,0.8672772,0.9079994,0.79799753,0.7973042,0.825266,0.88627684,0.90133005,0.9898484,1.1169416,2.2291868,2.0753129,2.0294814,2.111091,2.0760067,2.1786816,2.1670508,2.1341155,2.2115116,2.1270409,2.3072145,2.1702106,2.3721282,2.3411942,1.9339604,1.8808672,1.9772847,2.018168,1.9957032,2.0007896,1.9534284,1.97459,2.0021763,2.058592,1.3990905,1.3488419,1.4376655,1.3388542,1.4598365,1.352421,1.5110644,1.5617098,FALSE,FALSE,FALSE,FALSE,FALSE,FALSE,FALSE,FALSE,FALSE,FALSE,FALSE,FALSE,FALSE,FALSE,FALSE,FALSE,FALSE,FALSE,FALSE,FALSE,FALSE,FALSE,FALSE,FALSE,FALSE,FALSE,FALSE,FALSE,FALSE,FALSE,FALSE,FALSE,FALSE,FALSE,FALSE,FALSE,FALSE,FALSE,FALSE,FALSE,FALSE,FALSE,FALSE,FALSE,FALSE,FALSE,FALSE,FALSE,FALSE,FALSE,FALSE,FALSE,FALSE,FALSE,FALSE,FALSE,FALSE,FALSE,FALSE,FALSE,FALSE,FALSE,FALSE,FALSE,FALSE,FALSE,FALSE,-40.18,-20.25,0,19.67,40.02,FALSE,FALSE,FALSE,FALSE,FALSE,1.16,0.97,1.05,1.05,1.07,FALSE,FALSE,FALSE,FALSE,FALSE,49.1,99.908966,50.038235,80.84444,20.093718,FALSE,FALSE,FALSE,FALSE,FALSE,1.09,FALSE,11.97,FALSE,25.4,FALSE
2026-04-16 09:28:30,1144,15,111,333,191,123,112,127,215,300,250,310,206,284,262,314,631,704,667,224,290,306,209,218,236,317,370,374,384,300,254,242,330,470,405,618,416,430,391,389,281,482,455,665,508,357,389,564,655,298,272,206,412,302,364,287,262,340,324,135,198,260,248,240,181,369,219,FALSE,FALSE,FALSE,FALSE,FALSE,FALSE,FALSE,FALSE,FALSE,FALSE,FALSE,FALSE,FALSE,FALSE,FALSE,FALSE,FALSE,FALSE,FALSE,FALSE,FALSE,FALSE,FALSE,FALSE,FALSE,FALSE,FALSE,FALSE,FALSE,FALSE,FALSE,FALSE,FALSE,FALSE,FALSE,FALSE,FALSE,FALSE,FALSE,FALSE,FALSE,FALSE,FALSE,FALSE,FALSE,FALSE,FALSE,FALSE,FALSE,FALSE,FALSE,FALSE,FALSE,FALSE,FALSE,FALSE,FALSE,FALSE,FALSE,FALSE,FALSE,FALSE,FALSE,FALSE,FALSE,FALSE,FALSE,2.693454,5.031997,3.2690036,3.9206438,2.5131264,2.0081108,1.9030627,1.782085,1.7175097,1.7691694,1.8989224,2.1349602,2.0065737,1.9639533,1.9339504,2.4670324,2.8363717,3.1195245,3.264892,1.1804092,1.3933533,1.4510701,1.554493,1.5885589,1.4664919,1.3725928,1.3779328,1.3356832,1.1342149,0.91204184,1.5371916,2.260247,2.546784,2.7955139,2.9823308,2.320004,2.2755601,2.3558009,2.5040722,2.3956513,2.386932,2.3419642,2.1321557,2.3532538,2.5775857,2.877121,2.9936233,3.246538,3.2334332,2.326782,2.0824037,2.1090717,2.081757,1.9407394,2.2400374,2.5976322,2.8561375,3.0637994,3.2038574,1.4522938,1.6221209,2.4156752,2.8214042,3.1623013,3.093375,3.280739,3.513109,FALSE,FALSE,FALSE,FALSE,FALSE,FALSE,FALSE,FALSE,FALSE,FALSE,FALSE,FALSE,FALSE,FALSE,FALSE,FALSE,FALSE,FALSE,FALSE,FALSE,FALSE,FALSE,FALSE,FALSE,FALSE,FALSE,FALSE,FALSE,FALSE,FALSE,FALSE,FALSE,FALSE,FALSE,FALSE,FALSE,FALSE,FALSE,FALSE,FALSE,FALSE,FALSE,FALSE,FALSE,FALSE,FALSE,FALSE,FALSE,FALSE,FALSE,FALSE,FALSE,FALSE,FALSE,FALSE,FALSE,FALSE,FALSE,FALSE,FALSE,FALSE,FALSE,FALSE,FALSE,FALSE,FALSE,FALSE,-40.12,-20.2,0,19.67,40.05,FALSE,FALSE,FALSE,FALSE,FALSE,1.16,0.97,1.05,1.05,1.08,FALSE,FALSE,FALSE,FALSE,FALSE,49.1,99.908966,50.038235,80.84444,20.00698,FALSE,FALSE,FALSE,FALSE,FALSE,1.09,FALSE,12.22,FALSE,25.6,FALSE
2026-04-15 08:30:40,1144,15,110,349,197,127,115,130,220,302,254,317,210,287,263,306,618,678,644,223,290,304,210,217,235,322,374,377,385,300,250,235,319,450,387,616,415,430,389,391,283,482,450,653,498,342,370,537,622,300,274,206,413,299,356,278,252,324,308,132,193,254,238,229,174,352,206,FALSE,FALSE,FALSE,FALSE,FALSE,FALSE,FALSE,FALSE,FALSE,FALSE,FALSE,FALSE,FALSE,FALSE,FALSE,FALSE,FALSE,FALSE,FALSE,FALSE,FALSE,FALSE,FALSE,FALSE,FALSE,FALSE,FALSE,FALSE,FALSE,FALSE,FALSE,FALSE,FALSE,FALSE,FALSE,FALSE,FALSE,FALSE,FALSE,FALSE,FALSE,FALSE,FALSE,FALSE,FALSE,FALSE,FALSE,FALSE,FALSE,FALSE,FALSE,FALSE,FALSE,FALSE,FALSE,FALSE,FALSE,FALSE,FALSE,FALSE,FALSE,FALSE,FALSE,FALSE,FALSE,FALSE,FALSE,2.646671,5.1099124,3.3413649,4.1376014,2.644424,2.1096592,1.9991165,1.8620759,1.7496012,1.7540759,1.7548194,1.8705493,1.9289551,2.056039,2.0746384,2.0446806,2.1211774,2.2510643,2.2820096,1.0304917,1.2115166,1.2957984,1.375008,1.4288331,1.2840441,1.1089867,0.85496145,0.932475,0.8234966,0.80935407,0.86379796,0.9293611,0.94433063,1.0235119,1.1335477,2.2037253,2.1407855,2.1139662,2.2044306,2.1422052,2.2349539,2.236928,2.2005174,2.2468472,2.145997,2.2608852,2.173776,2.3638577,2.3527722,2.0560746,2.0438993,2.1419396,2.1919143,2.1264117,2.0972695,2.0549746,2.106955,2.1076508,2.1367195,1.5267229,1.3490611,1.4251386,1.3167524,1.441762,1.3553354,1.4797213,1.4583951,FALSE,FALSE,FALSE,FALSE,FALSE,FALSE,FALSE,FALSE,FALSE,FALSE,FALSE,FALSE,FALSE,FALSE,FALSE,FALSE,FALSE,FALSE,FALSE,FALSE,FALSE,FALSE,FALSE,FALSE,FALSE,FALSE,FALSE,FALSE,FALSE,FALSE,FALSE,FALSE,FALSE,FALSE,FALSE,FALSE,FALSE,FALSE,FALSE,FALSE,FALSE,FALSE,FALSE,FALSE,FALSE,FALSE,FALSE,FALSE,FALSE,FALSE,FALSE,FALSE,FALSE,FALSE,FALSE,FALSE,FALSE,FALSE,FALSE,FALSE,FALSE,FALSE,FALSE,FALSE,FALSE,FALSE,FALSE,-40.25,-20.28,0,19.62,40.03,FALSE,FALSE,FALSE,FALSE,FALSE,1.16,0.97,1.05,1.05,1.07,FALSE,FALSE,FALSE,FALSE,FALSE,49.1,99.908966,50.038235,80.84444,19.995016,FALSE,FALSE,FALSE,FALSE,FALSE,1.09,FALSE,12.89,FALSE,25.2,FALSE
2026-04-14 08:14:48,1144,15,110,349,197,127,115,130,220,302,254,317,210,287,263,306,618,678,644,223,290,304,210,217,235,322,374,377,385,300,250,235,319,450,387,616,415,430,389,391,283,482,450,653,498,342,370,537,622,300,274,206,413,299,356,278,252,324,308,132,193,254,238,229,174,352,206,FALSE,FALSE,FALSE,FALSE,FALSE,FALSE,FALSE,FALSE,FALSE,FALSE,FALSE,FALSE,FALSE,FALSE,FALSE,FALSE,FALSE,FALSE,FALSE,FALSE,FALSE,FALSE,FALSE,FALSE,FALSE,FALSE,FALSE,FALSE,FALSE,FALSE,FALSE,FALSE,FALSE,FALSE,FALSE,FALSE,FALSE,FALSE,FALSE,FALSE,FALSE,FALSE,FALSE,FALSE,FALSE,FALSE,FALSE,FALSE,FALSE,FALSE,FALSE,FALSE,FALSE,FALSE,FALSE,FALSE,FALSE,FALSE,FALSE,FALSE,FALSE,FALSE,FALSE,FALSE,FALSE,FALSE,FALSE,2.9338932,5.007744,3.4729536,2.7385185,1.3878015,1.413984,1.5021118,1.5447432,1.6821606,1.7533431,1.5836667,1.4355651,1.3199126,1.334885,1.3485788,1.3780527,1.4546257,1.660843,1.6890035,1.2704823,1.49492,1.5985582,1.7277846,1.7895684,1.6307149,1.4271699,1.0601833,1.1094923,0.963114,0.92188877,0.9944748,1.0499799,1.0669675,1.123592,1.2306465,2.3416252,2.2695944,2.245753,2.3559396,2.3033392,2.3756351,2.450888,2.4071307,2.419473,2.3233886,2.4279459,2.3602097,2.5278385,2.5108614,2.2970142,2.2677836,2.3630795,2.419286,2.4053526,2.369541,2.33041,2.3338501,2.3714406,2.401747,1.494354,1.4008515,1.4919561,1.4074191,1.5152086,1.4352665,1.562992,1.5482103,FALSE,FALSE,FALSE,FALSE,FALSE,FALSE,FALSE,FALSE,FALSE,FALSE,FALSE,FALSE,FALSE,FALSE,FALSE,FALSE,FALSE,FALSE,FALSE,FALSE,FALSE,FALSE,FALSE,FALSE,FALSE,FALSE,FALSE,FALSE,FALSE,FALSE,FALSE,FALSE,FALSE,FALSE,FALSE,FALSE,FALSE,FALSE,FALSE,FALSE,FALSE,FALSE,FALSE,FALSE,FALSE,FALSE,FALSE,FALSE,FALSE,FALSE,FALSE,FALSE,FALSE,FALSE,FALSE,FALSE,FALSE,FALSE,FALSE,FALSE,FALSE,FALSE,FALSE,FALSE,FALSE,FALSE,FALSE,-40.25,-20.28,0,19.58,39.88,FALSE,FALSE,FALSE,FALSE,FALSE,1.16,0.97,1.05,1.05,1.08,FALSE,FALSE,FALSE,FALSE,FALSE,49.1,99.908966,50.038235,80.79399,19.958126,FALSE,FALSE,FALSE,FALSE,FALSE,1.09,FALSE,15.97,FALSE,26,FALSE
2026-04-13 08:56:02,1144,15,110,349,197,127,115,130,220,302,254,317,210,287,263,306,618,678,644,223,290,304,210,217,235,322,374,377,385,300,250,235,319,450,387,616,415,430,389,391,283,482,450,653,498,342,370,537,622,300,274,206,413,299,356,278,252,324,308,132,193,254,238,229,174,352,206,FALSE,FALSE,FALSE,FALSE,FALSE,FALSE,FALSE,FALSE,FALSE,FALSE,FALSE,FALSE,FALSE,FALSE,FALSE,FALSE,FALSE,FALSE,FALSE,FALSE,FALSE,FALSE,FALSE,FALSE,FALSE,FALSE,FALSE,FALSE,FALSE,FALSE,FALSE,FALSE,FALSE,FALSE,FALSE,FALSE,FALSE,FALSE,FALSE,FALSE,FALSE,FALSE,FALSE,FALSE,FALSE,FALSE,FALSE,FALSE,FALSE,FALSE,FALSE,FALSE,FALSE,FALSE,FALSE,FALSE,FALSE,FALSE,FALSE,FALSE,FALSE,FALSE,FALSE,FALSE,FALSE,FALSE,FALSE,2.5277922,5.056279,3.31737,1.901247,1.1332488,1.6194609,1.7926776,1.9209123,2.08919,2.1864119,1.9932598,1.7765119,1.5827425,1.5013961,1.5139973,1.550171,1.6057448,1.7517637,1.8070048,0.9495983,1.100121,1.1624182,1.2531291,1.3172487,1.1759479,1.0118496,0.8277216,0.88217956,0.7969783,0.8005185,0.8581929,0.9053,0.92799366,1.028435,1.134005,2.2295036,2.1322217,2.1000006,2.207164,2.149274,2.2256606,2.2178407,2.1730213,2.255739,2.1476588,2.268166,2.172544,2.328462,2.3507588,2.0796137,2.0272822,2.1084764,2.1456301,2.1207864,2.1089423,2.0557785,2.094501,2.1340978,2.1700087,1.4051605,1.3375186,1.4179287,1.3256513,1.4405392,1.3526199,1.4816737,1.5059011,FALSE,FALSE,FALSE,FALSE,FALSE,FALSE,FALSE,FALSE,FALSE,FALSE,FALSE,FALSE,FALSE,FALSE,FALSE,FALSE,FALSE,FALSE,FALSE,FALSE,FALSE,FALSE,FALSE,FALSE,FALSE,FALSE,FALSE,FALSE,FALSE,FALSE,FALSE,FALSE,FALSE,FALSE,FALSE,FALSE,FALSE,FALSE,FALSE,FALSE,FALSE,FALSE,FALSE,FALSE,FALSE,FALSE,FALSE,FALSE,FALSE,FALSE,FALSE,FALSE,FALSE,FALSE,FALSE,FALSE,FALSE,FALSE,FALSE,FALSE,FALSE,FALSE,FALSE,FALSE,FALSE,FALSE,FALSE,-40.22,-20.27,0,19.55,39.83,FALSE,FALSE,FALSE,FALSE,FALSE,1.16,0.97,1.05,1.05,1.08,FALSE,FALSE,FALSE,FALSE,FALSE,49.1,99.908966,50.038235,80.79399,20.011965,FALSE,FALSE,FALSE,FALSE,FALSE,1.09,FALSE,12.6,FALSE,25.1,FALSE
2026-04-10 09:29:50,1144,15,111,341,194,124,114,128,215,296,248,307,203,280,265,318,646,719,686,223,288,306,209,216,234,318,366,372,379,297,258,249,341,487,421,608,411,424,385,387,281,476,457,685,523,363,397,580,672,296,275,206,410,304,373,298,273,355,338,131,199,267,256,249,189,385,228,FALSE,FALSE,FALSE,FALSE,FALSE,FALSE,FALSE,FALSE,FALSE,FALSE,FALSE,FALSE,FALSE,FALSE,FALSE,FALSE,FALSE,FALSE,FALSE,FALSE,FALSE,FALSE,FALSE,FALSE,FALSE,FALSE,FALSE,FALSE,FALSE,FALSE,FALSE,FALSE,FALSE,FALSE,FALSE,FALSE,FALSE,FALSE,FALSE,FALSE,FALSE,FALSE,FALSE,FALSE,FALSE,FALSE,FALSE,FALSE,FALSE,FALSE,FALSE,FALSE,FALSE,FALSE,FALSE,FALSE,FALSE,FALSE,FALSE,FALSE,FALSE,FALSE,FALSE,FALSE,FALSE,FALSE,FALSE,2.7565546,5.1246476,3.3685174,1.3524165,1.476095,2.249039,2.4238198,2.5807686,2.7380073,2.7582924,2.5270233,2.3366446,2.0687401,2.070396,2.7570033,3.5670784,4.0220203,4.294226,4.3894386,1.271707,1.4813566,1.5127387,1.6143957,1.6838737,1.5396881,1.4711404,1.5305389,1.4350924,1.1419148,0.90852547,1.945184,2.963112,3.2981222,3.5434122,3.7687454,2.4623022,2.472408,2.6031008,2.7922533,2.628152,2.5849757,2.476985,2.150254,2.5067394,2.8698328,3.234782,3.3545508,3.6615148,3.6884136,2.574628,2.1510334,2.101397,2.01617,1.8699011,2.420853,2.928362,3.2842383,3.571831,3.7414293,1.4913749,1.8863459,2.9425106,3.4618561,3.8206398,3.7747934,3.9777622,4.189319,FALSE,FALSE,FALSE,FALSE,FALSE,FALSE,FALSE,FALSE,FALSE,FALSE,FALSE,FALSE,FALSE,FALSE,FALSE,FALSE,FALSE,FALSE,FALSE,FALSE,FALSE,FALSE,FALSE,FALSE,FALSE,FALSE,FALSE,FALSE,FALSE,FALSE,FALSE,FALSE,FALSE,FALSE,FALSE,FALSE,FALSE,FALSE,FALSE,FALSE,FALSE,FALSE,FALSE,FALSE,FALSE,FALSE,FALSE,FALSE,FALSE,FALSE,FALSE,FALSE,FALSE,FALSE,FALSE,FALSE,FALSE,FALSE,FALSE,FALSE,FALSE,FALSE,FALSE,FALSE,FALSE,FALSE,FALSE,-40.2,-20.25,0,19.7,40.03,FALSE,FALSE,FALSE,FALSE,FALSE,1.16,0.97,1.05,1.05,1.08,FALSE,FALSE,FALSE,FALSE,FALSE,49.1,99.908966,50.038235,80.79399,19.964108,FALSE,FALSE,FALSE,FALSE,FALSE,1.09,FALSE,13.79,FALSE,25.4,FALSE
2026-04-09 07:43:54,1144,15,110,339,191,122,111,125,211,291,243,302,200,274,249,295,595,655,623,223,289,305,209,218,236,321,370,376,381,303,250,235,319,452,386,610,420,435,393,387,282,483,454,651,494,343,374,540,624,300,269,203,412,295,350,275,249,321,304,139,196,254,238,230,174,353,207,FALSE,FALSE,FALSE,FALSE,FALSE,FALSE,FALSE,FALSE,FALSE,FALSE,FALSE,FALSE,FALSE,FALSE,FALSE,FALSE,FALSE,FALSE,FALSE,FALSE,FALSE,FALSE,FALSE,FALSE,FALSE,FALSE,FALSE,FALSE,FALSE,FALSE,FALSE,FALSE,FALSE,FALSE,FALSE,FALSE,FALSE,FALSE,FALSE,FALSE,FALSE,FALSE,FALSE,FALSE,FALSE,FALSE,FALSE,FALSE,FALSE,FALSE,FALSE,FALSE,FALSE,FALSE,FALSE,FALSE,FALSE,FALSE,FALSE,FALSE,FALSE,FALSE,FALSE,FALSE,FALSE,FALSE,FALSE,2.110183,5.081805,2.977686,1.0603127,1.5443056,2.0434108,2.1607056,2.266541,2.3827379,2.3989894,2.2624776,2.0834093,1.9288672,1.8711991,1.8629951,1.8860344,1.9008008,2.0206013,2.010299,0.88403934,0.9959549,1.0663228,1.1199462,1.1365443,1.0371449,0.94071245,0.80169076,0.79945904,0.7320769,0.7055735,0.77905136,0.8206119,0.866255,0.9286126,1.0481709,2.0358315,1.8699801,1.8430265,1.862218,1.7869076,1.9236406,1.8847837,1.8563184,1.9813418,1.8712004,2.0247955,1.901247,2.1293163,2.0883827,1.5975256,1.5130954,1.6252553,1.6476557,1.614008,1.6644869,1.6049474,1.6525507,1.6998868,1.6921047,1.3345543,1.1747559,1.2655634,1.1542467,1.2683316,1.1537509,1.3032892,1.3071718,FALSE,FALSE,FALSE,FALSE,FALSE,FALSE,FALSE,FALSE,FALSE,FALSE,FALSE,FALSE,FALSE,FALSE,FALSE,FALSE,FALSE,FALSE,FALSE,FALSE,FALSE,FALSE,FALSE,FALSE,FALSE,FALSE,FALSE,FALSE,FALSE,FALSE,FALSE,FALSE,FALSE,FALSE,FALSE,FALSE,FALSE,FALSE,FALSE,FALSE,FALSE,FALSE,FALSE,FALSE,FALSE,FALSE,FALSE,FALSE,FALSE,FALSE,FALSE,FALSE,FALSE,FALSE,FALSE,FALSE,FALSE,FALSE,FALSE,FALSE,FALSE,FALSE,FALSE,FALSE,FALSE,FALSE,FALSE,-40.15,-20.2,0,19.7,39.97,FALSE,FALSE,FALSE,FALSE,FALSE,1.16,0.97,1.05,1.05,1.09,FALSE,FALSE,FALSE,FALSE,FALSE,49.1,99.908966,50.038235,80.79399,20,FALSE,FALSE,FALSE,FALSE,FALSE,1.1,FALSE,11.72,FALSE,25.6,FALSE
2026-04-08 08:44:16,1144,15,110,341,191,123,113,128,213,292,248,307,201,276,254,295,599,660,623,224,289,306,210,218,236,320,371,372,383,302,248,234,319,452,387,620,419,432,389,388,283,482,454,655,494,343,372,537,622,300,272,204,410,296,356,275,251,323,307,135,195,253,238,229,173,351,206,FALSE,FALSE,FALSE,FALSE,FALSE,FALSE,FALSE,FALSE,FALSE,FALSE,FALSE,FALSE,FALSE,FALSE,FALSE,FALSE,FALSE,FALSE,FALSE,FALSE,FALSE,FALSE,FALSE,FALSE,FALSE,FALSE,FALSE,FALSE,FALSE,FALSE,FALSE,FALSE,FALSE,FALSE,FALSE,FALSE,FALSE,FALSE,FALSE,FALSE,FALSE,FALSE,FALSE,FALSE,FALSE,FALSE,FALSE,FALSE,FALSE,FALSE,FALSE,FALSE,FALSE,FALSE,FALSE,FALSE,FALSE,FALSE,FALSE,FALSE,FALSE,FALSE,FALSE,FALSE,FALSE,FALSE,FALSE,2.5314696,5.0310245,3.3073463,1.153929,2.0227923,2.7079709,2.877371,3.0443132,3.2098744,3.2336805,3.0455809,2.8005493,2.604819,2.4922075,2.4224567,2.3926506,2.4199948,2.4610567,2.4633727,0.97701615,1.1315242,1.2002656,1.2846847,1.3315551,1.1783313,1.0319935,0.8350659,0.8935852,0.8164865,0.7947524,0.85800904,0.9057893,0.9322564,1.0063889,1.1318543,2.2323084,2.0813613,2.0714703,2.161019,2.1101582,2.170128,2.1726258,2.1519952,2.203836,2.1345973,2.252605,2.1474986,2.345462,2.3109622,1.9669446,1.9195639,2.002787,2.0573158,2.0269024,2.0221283,1.9344178,1.9792752,2.0180647,2.0752594,1.4918623,1.3512073,1.4281356,1.3291504,1.4573501,1.340539,1.4875181,1.4810529,FALSE,FALSE,FALSE,FALSE,FALSE,FALSE,FALSE,FALSE,FALSE,FALSE,FALSE,FALSE,FALSE,FALSE,FALSE,FALSE,FALSE,FALSE,FALSE,FALSE,FALSE,FALSE,FALSE,FALSE,FALSE,FALSE,FALSE,FALSE,FALSE,FALSE,FALSE,FALSE,FALSE,FALSE,FALSE,FALSE,FALSE,FALSE,FALSE,FALSE,FALSE,FALSE,FALSE,FALSE,FALSE,FALSE,FALSE,FALSE,FALSE,FALSE,FALSE,FALSE,FALSE,FALSE,FALSE,FALSE,FALSE,FALSE,FALSE,FALSE,FALSE,FALSE,FALSE,FALSE,FALSE,FALSE,FALSE,-40.2,-20.22,0,19.67,39.98,FALSE,FALSE,FALSE,FALSE,FALSE,1.15,0.97,1.05,1.05,1.08,FALSE,FALSE,FALSE,FALSE,FALSE,49.1,99.908966,50.038235,80.79399,19.920238,FALSE,FALSE,FALSE,FALSE,FALSE,1.09,FALSE,12.05,FALSE,25.1,FALSE
2026-04-07 09:17:34,1144,15,110,325,183,118,107,120,204,278,235,292,193,266,244,288,574,637,603,223,290,304,209,217,235,320,373,378,386,299,251,237,322,456,390,619,419,431,391,390,285,476,456,662,494,348,377,549,630,302,277,207,413,302,359,281,255,329,312,131,195,256,238,232,175,354,208,FALSE,FALSE,FALSE,FALSE,FALSE,FALSE,FALSE,FALSE,FALSE,FALSE,FALSE,FALSE,FALSE,FALSE,FALSE,FALSE,FALSE,FALSE,FALSE,FALSE,FALSE,FALSE,FALSE,FALSE,FALSE,FALSE,FALSE,FALSE,FALSE,FALSE,FALSE,FALSE,FALSE,FALSE,FALSE,FALSE,FALSE,FALSE,FALSE,FALSE,FALSE,FALSE,FALSE,FALSE,FALSE,FALSE,FALSE,FALSE,FALSE,FALSE,FALSE,FALSE,FALSE,FALSE,FALSE,FALSE,FALSE,FALSE,FALSE,FALSE,FALSE,FALSE,FALSE,FALSE,FALSE,FALSE,FALSE,2.3213592,5.0201273,3.0907948,1.1970166,1.926846,2.4787352,2.6054418,2.7135417,2.8477356,2.8617597,2.6547878,2.47607,2.2635043,2.2122586,2.1843138,2.166165,2.1989045,2.2828567,2.2640817,1.0022379,1.1337303,1.2329175,1.2935162,1.3286399,1.2146226,1.0853114,0.88892335,0.9034766,0.7946817,0.7768071,0.8335039,0.8830725,0.91419953,0.96367866,1.1284884,2.0991094,1.9877335,1.943984,1.9888682,1.8977772,2.023731,1.9924777,1.973332,2.0968552,2.001779,2.1445882,2.0321355,2.2319067,2.1599414,1.762409,1.7195827,1.8206047,1.8264658,1.7923286,1.8302802,1.7536302,1.796617,1.8339708,1.8371301,1.3016348,1.2532421,1.3271155,1.2279164,1.3647807,1.258671,1.3598384,1.3703092,FALSE,FALSE,FALSE,FALSE,FALSE,FALSE,FALSE,FALSE,FALSE,FALSE,FALSE,FALSE,FALSE,FALSE,FALSE,FALSE,FALSE,FALSE,FALSE,FALSE,FALSE,FALSE,FALSE,FALSE,FALSE,FALSE,FALSE,FALSE,FALSE,FALSE,FALSE,FALSE,FALSE,FALSE,FALSE,FALSE,FALSE,FALSE,FALSE,FALSE,FALSE,FALSE,FALSE,FALSE,FALSE,FALSE,FALSE,FALSE,FALSE,FALSE,FALSE,FALSE,FALSE,FALSE,FALSE,FALSE,FALSE,FALSE,FALSE,FALSE,FALSE,FALSE,FALSE,FALSE,FALSE,FALSE,FALSE,-40.2,-20.22,0,19.65,39.87,FALSE,FALSE,FALSE,FALSE,FALSE,1.16,0.97,1.05,1.05,1.09,FALSE,FALSE,FALSE,FALSE,FALSE,49.1,99.908966,50.038235,80.84444,19.980059,FALSE,FALSE,FALSE,FALSE,FALSE,1.09,FALSE,8.07,FALSE,25.5,FALSE
2026-04-02 09:25:59,1144,15,110,344,195,125,115,130,218,300,252,314,207,284,262,309,623,687,648,223,288,303,209,216,236,320,370,376,387,303,254,239,324,460,395,618,413,428,391,389,284,477,453,661,498,346,379,548,629,303,277,207,414,300,361,283,257,332,314,131,196,256,239,233,177,357,210,FALSE,FALSE,FALSE,FALSE,FALSE,FALSE,FALSE,FALSE,FALSE,FALSE,FALSE,FALSE,FALSE,FALSE,FALSE,FALSE,FALSE,FALSE,FALSE,FALSE,FALSE,FALSE,FALSE,FALSE,FALSE,FALSE,FALSE,FALSE,FALSE,FALSE,FALSE,FALSE,FALSE,FALSE,FALSE,FALSE,FALSE,FALSE,FALSE,FALSE,FALSE,FALSE,FALSE,FALSE,FALSE,FALSE,FALSE,FALSE,FALSE,FALSE,FALSE,FALSE,FALSE,FALSE,FALSE,FALSE,FALSE,FALSE,FALSE,FALSE,FALSE,FALSE,FALSE,FALSE,FALSE,FALSE,FALSE,2.0482883,5.0245953,2.9427922,1.2678957,0.9227344,1.317818,1.3987569,1.4712899,1.5933477,1.6464921,1.5216993,1.4066207,1.287746,1.2693574,1.3087941,1.3383365,1.4187961,1.6213311,1.6023246,0.83369046,0.93856853,0.9959605,1.0408636,1.0511824,0.95031977,0.86708003,0.7720423,0.787154,0.70123583,0.6875269,0.7418252,0.79950637,0.8281352,0.9140849,1.0231259,1.9707143,1.8517606,1.8090794,1.8304086,1.7639753,1.8517444,1.8313475,1.8177873,1.9316014,1.8097976,2.0121064,1.8537635,2.0716586,2.0400481,1.5478739,1.4377353,1.5649772,1.5690336,1.5332309,1.5613976,1.5109758,1.5534232,1.6061904,1.6236607,1.2649602,1.1395092,1.2078799,1.1155956,1.2413005,1.1135393,1.2655262,1.203605,FALSE,FALSE,FALSE,FALSE,FALSE,FALSE,FALSE,FALSE,FALSE,FALSE,FALSE,FALSE,FALSE,FALSE,FALSE,FALSE,FALSE,FALSE,FALSE,FALSE,FALSE,FALSE,FALSE,FALSE,FALSE,FALSE,FALSE,FALSE,FALSE,FALSE,FALSE,FALSE,FALSE,FALSE,FALSE,FALSE,FALSE,FALSE,FALSE,FALSE,FALSE,FALSE,FALSE,FALSE,FALSE,FALSE,FALSE,FALSE,FALSE,FALSE,FALSE,FALSE,FALSE,FALSE,FALSE,FALSE,FALSE,FALSE,FALSE,FALSE,FALSE,FALSE,FALSE,FALSE,FALSE,FALSE,FALSE,-40.2,-20.22,0,19.65,39.92,FALSE,FALSE,FALSE,FALSE,FALSE,1.16,0.96,1.05,1.05,1.09,FALSE,FALSE,FALSE,FALSE,FALSE,49.1,99.908966,50.038235,80.84444,19.9671,FALSE,FALSE,FALSE,FALSE,FALSE,1.1,FALSE,9.84,FALSE,25.6,FALSE
2026-04-01 10:01:34,1144,15,110,344,195,125,115,130,218,300,252,314,207,284,262,309,623,687,648,223,288,303,209,216,236,320,370,376,387,303,254,239,324,460,395,618,413,428,391,389,284,477,453,661,498,346,379,548,629,303,277,207,414,300,361,283,257,332,314,131,196,256,239,233,177,357,210,FALSE,FALSE,FALSE,FALSE,FALSE,FALSE,FALSE,FALSE,FALSE,FALSE,FALSE,FALSE,FALSE,FALSE,FALSE,FALSE,FALSE,FALSE,FALSE,FALSE,FALSE,FALSE,FALSE,FALSE,FALSE,FALSE,FALSE,FALSE,FALSE,FALSE,FALSE,FALSE,FALSE,FALSE,FALSE,FALSE,FALSE,FALSE,FALSE,FALSE,FALSE,FALSE,FALSE,FALSE,FALSE,FALSE,FALSE,FALSE,FALSE,FALSE,FALSE,FALSE,FALSE,FALSE,FALSE,FALSE,FALSE,FALSE,FALSE,FALSE,FALSE,FALSE,FALSE,FALSE,FALSE,FALSE,FALSE,2.067141,5.0764213,2.9364545,1.547129,0.88373095,1.1971475,1.2621115,1.3405834,1.4472002,1.4953938,1.3692718,1.2734028,1.1855983,1.173427,1.2107195,1.2720342,1.3500023,1.5727278,1.6158985,0.86270475,0.9622176,1.0218637,1.067289,1.0865288,0.9949674,0.8937375,0.7952074,0.7971105,0.72628874,0.70922256,0.75336796,0.7985143,0.8296595,0.91312706,1.0336142,1.9958003,1.8498316,1.8219111,1.8415889,1.7700559,1.8682625,1.8536961,1.8658599,1.9628651,1.8549253,2.012091,1.8839784,2.0866876,2.1011364,1.5360066,1.4589996,1.5744922,1.5645713,1.5495083,1.5759524,1.5400147,1.5744431,1.6334957,1.6606599,1.2791764,1.1737962,1.2673925,1.1538954,1.287647,1.1555998,1.2995378,1.2880651,FALSE,FALSE,FALSE,FALSE,FALSE,FALSE,FALSE,FALSE,FALSE,FALSE,FALSE,FALSE,FALSE,FALSE,FALSE,FALSE,FALSE,FALSE,FALSE,FALSE,FALSE,FALSE,FALSE,FALSE,FALSE,FALSE,FALSE,FALSE,FALSE,FALSE,FALSE,FALSE,FALSE,FALSE,FALSE,FALSE,FALSE,FALSE,FALSE,FALSE,FALSE,FALSE,FALSE,FALSE,FALSE,FALSE,FALSE,FALSE,FALSE,FALSE,FALSE,FALSE,FALSE,FALSE,FALSE,FALSE,FALSE,FALSE,FALSE,FALSE,FALSE,FALSE,FALSE,FALSE,FALSE,FALSE,FALSE,-40.18,-20.2,0,19.65,39.95,FALSE,FALSE,FALSE,FALSE,FALSE,1.16,0.96,1.05,1.05,1.08,FALSE,FALSE,FALSE,FALSE,FALSE,49.1,99.908966,50.038235,80.84444,19.919243,FALSE,FALSE,FALSE,FALSE,FALSE,1.1,FALSE,10.24,FALSE,25.8,FALSE
2026-03-31 10:07:02,1144,15,109,336,191,122,111,125,210,291,242,302,200,274,251,295,592,650,620,221,284,302,207,216,233,317,369,370,379,299,248,232,317,449,383,609,410,427,384,384,278,472,445,645,492,339,368,532,615,298,272,203,409,294,355,274,250,321,307,133,193,252,236,228,172,350,205,FALSE,FALSE,FALSE,FALSE,FALSE,FALSE,FALSE,FALSE,FALSE,FALSE,FALSE,FALSE,FALSE,FALSE,FALSE,FALSE,FALSE,FALSE,FALSE,FALSE,FALSE,FALSE,FALSE,FALSE,FALSE,FALSE,FALSE,FALSE,FALSE,FALSE,FALSE,FALSE,FALSE,FALSE,FALSE,FALSE,FALSE,FALSE,FALSE,FALSE,FALSE,FALSE,FALSE,FALSE,FALSE,FALSE,FALSE,FALSE,FALSE,FALSE,FALSE,FALSE,FALSE,FALSE,FALSE,FALSE,FALSE,FALSE,FALSE,FALSE,FALSE,FALSE,FALSE,FALSE,FALSE,FALSE,FALSE,2.1095397,4.9830356,3.0027003,1.5342412,0.8739678,1.2196059,1.2991331,1.3810519,1.4950563,1.5564406,1.4141285,1.2920662,1.1910853,1.1694373,1.2260139,1.2557254,1.3549477,1.5428873,1.5936451,0.90206385,1.0182426,1.0832531,1.1374753,1.1575271,1.0645677,0.9584631,0.8219005,0.8380127,0.74408215,0.73636204,0.7744754,0.83747405,0.87036574,0.938161,1.0520532,2.0145783,1.9321669,1.8469967,1.902013,1.8177489,1.9187752,1.8834617,1.8588588,2.0177193,1.8930302,2.036491,1.9342707,2.1232219,2.088805,1.6516122,1.5856919,1.6843485,1.6969687,1.6600225,1.6945776,1.6377935,1.6646985,1.6999202,1.7187837,1.2967538,1.1821955,1.2616562,1.1405022,1.267063,1.1528482,1.3092065,1.2825553,FALSE,FALSE,FALSE,FALSE,FALSE,FALSE,FALSE,FALSE,FALSE,FALSE,FALSE,FALSE,FALSE,FALSE,FALSE,FALSE,FALSE,FALSE,FALSE,FALSE,FALSE,FALSE,FALSE,FALSE,FALSE,FALSE,FALSE,FALSE,FALSE,FALSE,FALSE,FALSE,FALSE,FALSE,FALSE,FALSE,FALSE,FALSE,FALSE,FALSE,FALSE,FALSE,FALSE,FALSE,FALSE,FALSE,FALSE,FALSE,FALSE,FALSE,FALSE,FALSE,FALSE,FALSE,FALSE,FALSE,FALSE,FALSE,FALSE,FALSE,FALSE,FALSE,FALSE,FALSE,FALSE,FALSE,FALSE,-40.1,-20.17,0,19.67,39.95,FALSE,FALSE,FALSE,FALSE,FALSE,1.16,0.96,1.05,1.05,1.09,FALSE,FALSE,FALSE,FALSE,FALSE,49.1,99.908966,50.038235,80.84444,19.972084,FALSE,FALSE,FALSE,FALSE,FALSE,1.1,FALSE,11.64,FALSE,25.8,FALSE
2026-03-30 10:12:12,1144,15,109,336,191,122,111,125,210,291,242,302,200,274,251,295,592,650,620,221,284,302,207,216,233,317,369,370,379,299,248,232,317,449,383,609,410,427,384,384,278,472,445,645,492,339,368,532,615,298,272,203,409,294,355,274,250,321,307,133,193,252,236,228,172,350,205,FALSE,FALSE,FALSE,FALSE,FALSE,FALSE,FALSE,FALSE,FALSE,FALSE,FALSE,FALSE,FALSE,FALSE,FALSE,FALSE,FALSE,FALSE,FALSE,FALSE,FALSE,FALSE,FALSE,FALSE,FALSE,FALSE,FALSE,FALSE,FALSE,FALSE,FALSE,FALSE,FALSE,FALSE,FALSE,FALSE,FALSE,FALSE,FALSE,FALSE,FALSE,FALSE,FALSE,FALSE,FALSE,FALSE,FALSE,FALSE,FALSE,FALSE,FALSE,FALSE,FALSE,FALSE,FALSE,FALSE,FALSE,FALSE,FALSE,FALSE,FALSE,FALSE,FALSE,FALSE,FALSE,FALSE,FALSE,2.480601,5.0383177,3.5691824,1.3318313,2.3935215,3.2333262,3.475594,3.6198068,3.7798617,3.78352,3.5669901,3.289023,2.9825087,2.8701549,2.994259,3.074694,3.101867,3.1574626,3.1621966,1.2068396,1.3984112,1.4279515,1.5870246,1.6758101,1.4997764,1.338574,1.1637186,1.181169,0.9861125,0.98590916,1.2199302,1.4043065,1.4881601,1.5791705,1.7559072,2.3909554,2.3286626,2.2892654,2.4451697,2.3553927,2.381531,2.3560796,2.3749135,2.5672314,2.5837548,2.7311184,2.7182055,2.8942208,2.915218,2.6210544,2.52378,2.6362016,2.711593,2.7857664,2.9295027,2.960861,3.069244,3.1257377,3.2319994,1.4823055,1.5088956,1.7697062,1.7344668,1.9416871,1.8610451,2.0270371,2.0513291,FALSE,FALSE,FALSE,FALSE,FALSE,FALSE,FALSE,FALSE,FALSE,FALSE,FALSE,FALSE,FALSE,FALSE,FALSE,FALSE,FALSE,FALSE,FALSE,FALSE,FALSE,FALSE,FALSE,FALSE,FALSE,FALSE,FALSE,FALSE,FALSE,FALSE,FALSE,FALSE,FALSE,FALSE,FALSE,FALSE,FALSE,FALSE,FALSE,FALSE,FALSE,FALSE,FALSE,FALSE,FALSE,FALSE,FALSE,FALSE,FALSE,FALSE,FALSE,FALSE,FALSE,FALSE,FALSE,FALSE,FALSE,FALSE,FALSE,FALSE,FALSE,FALSE,FALSE,FALSE,FALSE,FALSE,FALSE,-39.95,-20.1,0,19.62,39.92,FALSE,FALSE,FALSE,FALSE,FALSE,1.14,0.97,1.05,1.04,1.07,FALSE,FALSE,FALSE,FALSE,FALSE,49.1,100.09862,50.114708,81,20.021935,FALSE,FALSE,FALSE,FALSE,FALSE,1.09,FALSE,17.32,FALSE,23.5,FALSE
2026-03-27 09:20:36,1144,15,109,336,191,122,111,125,210,291,242,302,200,274,251,295,592,650,620,221,284,302,207,216,233,317,369,370,379,299,248,232,317,449,383,609,410,427,384,384,278,472,445,645,492,339,368,532,615,298,272,203,409,294,355,274,250,321,307,133,193,252,236,228,172,350,205,FALSE,FALSE,FALSE,FALSE,FALSE,FALSE,FALSE,FALSE,FALSE,FALSE,FALSE,FALSE,FALSE,FALSE,FALSE,FALSE,FALSE,FALSE,FALSE,FALSE,FALSE,FALSE,FALSE,FALSE,FALSE,FALSE,FALSE,FALSE,FALSE,FALSE,FALSE,FALSE,FALSE,FALSE,FALSE,FALSE,FALSE,FALSE,FALSE,FALSE,FALSE,FALSE,FALSE,FALSE,FALSE,FALSE,FALSE,FALSE,FALSE,FALSE,FALSE,FALSE,FALSE,FALSE,FALSE,FALSE,FALSE,FALSE,FALSE,FALSE,FALSE,FALSE,FALSE,FALSE,FALSE,FALSE,FALSE,2.378812,5.063269,3.361406,1.4613283,2.5899575,3.3475235,3.5245836,3.6955369,3.8269181,3.8185704,3.6387894,3.3285081,3.099855,3.0039716,3.039695,3.0204387,3.0051398,3.067534,3.1160352,1.3836147,1.5810441,1.6679604,1.7973315,1.8446207,1.6777359,1.4993314,1.2284482,1.2353659,1.0686718,1.016831,1.1530445,1.2395095,1.2597103,1.3344228,1.5049623,2.2675998,2.2178109,2.1850786,2.2690897,2.219547,2.287091,2.2766042,2.2156143,2.3361876,2.236015,2.3647819,2.2899878,2.4630678,2.4360347,2.7244785,2.6944509,2.7693086,2.73748,2.6793373,2.7361712,2.6660004,2.7057593,2.7410393,2.717998,1.7206731,1.3830668,1.4932307,1.3976477,1.5202738,1.4275762,1.5655797,1.5761211,FALSE,FALSE,FALSE,FALSE,FALSE,FALSE,FALSE,FALSE,FALSE,FALSE,FALSE,FALSE,FALSE,FALSE,FALSE,FALSE,FALSE,FALSE,FALSE,FALSE,FALSE,FALSE,FALSE,FALSE,FALSE,FALSE,FALSE,FALSE,FALSE,FALSE,FALSE,FALSE,FALSE,FALSE,FALSE,FALSE,FALSE,FALSE,FALSE,FALSE,FALSE,FALSE,FALSE,FALSE,FALSE,FALSE,FALSE,FALSE,FALSE,FALSE,FALSE,FALSE,FALSE,FALSE,FALSE,FALSE,FALSE,FALSE,FALSE,FALSE,FALSE,FALSE,FALSE,FALSE,FALSE,FALSE,FALSE,-40.1,-20.2,0,19.67,40.08,FALSE,FALSE,FALSE,FALSE,FALSE,1.15,0.97,1.05,1.04,1.08,FALSE,FALSE,FALSE,FALSE,FALSE,49.1,100.18966,50.114708,81,19.94018,FALSE,FALSE,FALSE,FALSE,FALSE,1.09,FALSE,13.24,FALSE,23.8,FALSE
2026-03-26 08:26:24,1144,15,108,345,196,125,115,130,220,302,255,317,210,286,264,312,632,696,658,221,286,301,207,215,234,316,366,374,382,298,250,239,325,459,395,599,411,426,387,390,283,472,451,656,504,347,378,549,634,303,279,208,415,302,364,285,259,333,317,130,194,258,240,233,177,360,211,FALSE,FALSE,FALSE,FALSE,FALSE,FALSE,FALSE,FALSE,FALSE,FALSE,FALSE,FALSE,FALSE,FALSE,FALSE,FALSE,FALSE,FALSE,FALSE,FALSE,FALSE,FALSE,FALSE,FALSE,FALSE,FALSE,FALSE,FALSE,FALSE,FALSE,FALSE,FALSE,FALSE,FALSE,FALSE,FALSE,FALSE,FALSE,FALSE,FALSE,FALSE,FALSE,FALSE,FALSE,FALSE,FALSE,FALSE,FALSE,FALSE,FALSE,FALSE,FALSE,FALSE,FALSE,FALSE,FALSE,FALSE,FALSE,FALSE,FALSE,FALSE,FALSE,FALSE,FALSE,FALSE,FALSE,FALSE,2.2582269,5.073502,3.0894334,1.3122212,1.225286,1.810617,1.9459705,2.058436,2.1977906,2.2532747,2.0339863,1.8078953,1.6754825,1.655126,1.8304857,2.0329216,2.1264212,2.286385,2.3661501,0.74205774,0.85827094,0.9025231,0.9475749,0.9806507,0.86077267,0.7607977,0.7225334,0.76472515,0.6898523,0.68463427,0.8126024,1.1124609,1.2491441,1.3943415,1.599777,2.1536102,2.0709076,2.0704267,2.1610963,2.0796964,2.1439872,2.0822146,1.9753499,1.9891275,1.8941984,2.0610235,1.9790592,2.214337,2.2304306,1.9047309,1.7875159,1.8618699,1.8377999,1.717522,1.6267164,1.6113092,1.7073052,1.795625,1.8741213,1.3985066,1.2190704,1.4017124,1.4109805,1.6095495,1.5036526,1.6495392,1.8035434,FALSE,FALSE,FALSE,FALSE,FALSE,FALSE,FALSE,FALSE,FALSE,FALSE,FALSE,FALSE,FALSE,FALSE,FALSE,FALSE,FALSE,FALSE,FALSE,FALSE,FALSE,FALSE,FALSE,FALSE,FALSE,FALSE,FALSE,FALSE,FALSE,FALSE,FALSE,FALSE,FALSE,FALSE,FALSE,FALSE,FALSE,FALSE,FALSE,FALSE,FALSE,FALSE,FALSE,FALSE,FALSE,FALSE,FALSE,FALSE,FALSE,FALSE,FALSE,FALSE,FALSE,FALSE,FALSE,FALSE,FALSE,FALSE,FALSE,FALSE,FALSE,FALSE,FALSE,FALSE,FALSE,FALSE,FALSE,-40.1,-20.17,0,19.62,39.9,FALSE,FALSE,FALSE,FALSE,FALSE,1.15,0.97,1.05,1.05,1.08,FALSE,FALSE,FALSE,FALSE,FALSE,49.1,99.908966,50,80.84444,19.887339,FALSE,FALSE,FALSE,FALSE,FALSE,1.09,FALSE,9.34,FALSE,25,FALSE
2026-03-25 09:12:11,1144,15,108,345,196,125,115,130,220,302,255,317,210,286,264,312,632,696,658,221,286,301,207,215,234,316,366,374,382,298,250,239,325,459,395,599,411,426,387,390,283,472,451,656,504,347,378,549,634,303,279,208,415,302,364,285,259,333,317,130,194,258,240,233,177,360,211,FALSE,FALSE,FALSE,FALSE,FALSE,FALSE,FALSE,FALSE,FALSE,FALSE,FALSE,FALSE,FALSE,FALSE,FALSE,FALSE,FALSE,FALSE,FALSE,FALSE,FALSE,FALSE,FALSE,FALSE,FALSE,FALSE,FALSE,FALSE,FALSE,FALSE,FALSE,FALSE,FALSE,FALSE,FALSE,FALSE,FALSE,FALSE,FALSE,FALSE,FALSE,FALSE,FALSE,FALSE,FALSE,FALSE,FALSE,FALSE,FALSE,FALSE,FALSE,FALSE,FALSE,FALSE,FALSE,FALSE,FALSE,FALSE,FALSE,FALSE,FALSE,FALSE,FALSE,FALSE,FALSE,FALSE,FALSE,2.2555802,4.9752545,3.2195926,1.281893,1.3879145,1.9725833,2.1377015,2.2405295,2.4304037,2.4530764,2.3147166,2.119996,1.9589169,1.8785762,1.9275492,1.9352341,1.9385269,2.052366,2.1169386,0.8490895,0.9682689,1.0357058,1.0954871,1.138313,1.0083334,0.88332194,0.73465216,0.79373217,0.7083048,0.6894764,0.74340636,0.8094691,0.8331432,0.926203,1.0701271,2.1327577,2.020627,1.9893776,2.044695,1.9657502,2.0581758,2.0415516,2.0140405,2.119071,1.9980216,2.13159,2.0575395,2.2252097,2.2168188,2.1988873,2.1387107,2.2098658,2.218654,2.209985,2.1985464,2.1340647,2.1544116,2.1762872,2.1882534,1.4350245,1.3213407,1.37687,1.2795925,1.388028,1.310155,1.416179,1.4243711,FALSE,FALSE,FALSE,FALSE,FALSE,FALSE,FALSE,FALSE,FALSE,FALSE,FALSE,FALSE,FALSE,FALSE,FALSE,FALSE,FALSE,FALSE,FALSE,FALSE,FALSE,FALSE,FALSE,FALSE,FALSE,FALSE,FALSE,FALSE,FALSE,FALSE,FALSE,FALSE,FALSE,FALSE,FALSE,FALSE,FALSE,FALSE,FALSE,FALSE,FALSE,FALSE,FALSE,FALSE,FALSE,FALSE,FALSE,FALSE,FALSE,FALSE,FALSE,FALSE,FALSE,FALSE,FALSE,FALSE,FALSE,FALSE,FALSE,FALSE,FALSE,FALSE,FALSE,FALSE,FALSE,FALSE,FALSE,-40.08,-20.15,0,19.73,40.05,FALSE,FALSE,FALSE,FALSE,FALSE,1.15,0.97,1.05,1.04,1.07,FALSE,FALSE,FALSE,FALSE,FALSE,49.1,100,50.07647,80.84444,19.945166,FALSE,FALSE,FALSE,FALSE,FALSE,1.09,FALSE,9.69,FALSE,24.4,FALSE
2026-03-24 09:20:56,1144,15,108,345,196,125,115,130,220,302,255,317,210,286,264,312,632,696,658,221,286,301,207,215,234,316,366,374,382,298,250,239,325,459,395,599,411,426,387,390,283,472,451,656,504,347,378,549,634,303,279,208,415,302,364,285,259,333,317,130,194,258,240,233,177,360,211,FALSE,FALSE,FALSE,FALSE,FALSE,FALSE,FALSE,FALSE,FALSE,FALSE,FALSE,FALSE,FALSE,FALSE,FALSE,FALSE,FALSE,FALSE,FALSE,FALSE,FALSE,FALSE,FALSE,FALSE,FALSE,FALSE,FALSE,FALSE,FALSE,FALSE,FALSE,FALSE,FALSE,FALSE,FALSE,FALSE,FALSE,FALSE,FALSE,FALSE,FALSE,FALSE,FALSE,FALSE,FALSE,FALSE,FALSE,FALSE,FALSE,FALSE,FALSE,FALSE,FALSE,FALSE,FALSE,FALSE,FALSE,FALSE,FALSE,FALSE,FALSE,FALSE,FALSE,FALSE,FALSE,FALSE,FALSE,2.2937613,4.9156013,3.037855,1.0769501,1.5163549,2.072691,2.2186406,2.3310845,2.4586496,2.485411,2.3297422,2.1475675,1.9878691,1.9159324,1.9061078,1.9428512,1.9393187,2.0885925,2.0919898,0.78012574,0.9120779,0.95582724,1.0102447,1.0552294,0.92835146,0.81645846,0.6976393,0.73268723,0.6539834,0.6687516,0.71240103,0.77782327,0.82206863,0.91778946,1.0340284,2.08094,1.9791342,1.9245019,2.0019248,1.9238082,2.0437026,2.0137262,1.9973553,2.0659935,1.9601688,2.122749,2.0244067,2.2319305,2.1882463,1.762421,1.6977823,1.7932061,1.7939117,1.7811596,1.7993188,1.7578427,1.7926786,1.8249052,1.8653032,1.3408864,1.235928,1.3188457,1.2251911,1.3617668,1.2425679,1.3913596,1.3830827,FALSE,FALSE,FALSE,FALSE,FALSE,FALSE,FALSE,FALSE,FALSE,FALSE,FALSE,FALSE,FALSE,FALSE,FALSE,FALSE,FALSE,FALSE,FALSE,FALSE,FALSE,FALSE,FALSE,FALSE,FALSE,FALSE,FALSE,FALSE,FALSE,FALSE,FALSE,FALSE,FALSE,FALSE,FALSE,FALSE,FALSE,FALSE,FALSE,FALSE,FALSE,FALSE,FALSE,FALSE,FALSE,FALSE,FALSE,FALSE,FALSE,FALSE,FALSE,FALSE,FALSE,FALSE,FALSE,FALSE,FALSE,FALSE,FALSE,FALSE,FALSE,FALSE,FALSE,FALSE,FALSE,FALSE,FALSE,-40.18,-20.2,0,19.62,39.85,FALSE,FALSE,FALSE,FALSE,FALSE,1.16,0.96,1.05,1.04,1.09,FALSE,FALSE,FALSE,FALSE,FALSE,49.1,99.908966,50.038235,80.79399,19.929213,FALSE,FALSE,FALSE,FALSE,FALSE,1.09,FALSE,8.99,FALSE,25.5,FALSE
2026-03-23 09:47:08,1144,15,108,345,196,125,115,130,220,302,255,317,210,286,264,312,632,696,658,221,286,301,207,215,234,316,366,374,382,298,250,239,325,459,395,599,411,426,387,390,283,472,451,656,504,347,378,549,634,303,279,208,415,302,364,285,259,333,317,130,194,258,240,233,177,360,211,FALSE,FALSE,FALSE,FALSE,FALSE,FALSE,FALSE,FALSE,FALSE,FALSE,FALSE,FALSE,FALSE,FALSE,FALSE,FALSE,FALSE,FALSE,FALSE,FALSE,FALSE,FALSE,FALSE,FALSE,FALSE,FALSE,FALSE,FALSE,FALSE,FALSE,FALSE,FALSE,FALSE,FALSE,FALSE,FALSE,FALSE,FALSE,FALSE,FALSE,FALSE,FALSE,FALSE,FALSE,FALSE,FALSE,FALSE,FALSE,FALSE,FALSE,FALSE,FALSE,FALSE,FALSE,FALSE,FALSE,FALSE,FALSE,FALSE,FALSE,FALSE,FALSE,FALSE,FALSE,FALSE,FALSE,FALSE,2.3630786,5.0341783,3.1248531,1.4221874,1.0977226,1.645823,1.7855678,1.8947186,2.051475,2.0963151,1.9474715,1.7592496,1.594745,1.5238706,1.5554472,1.5898347,1.6415093,1.7955471,1.8319031,0.903646,1.0562177,1.101533,1.1823804,1.2226027,1.1032068,0.9693101,0.7945331,0.82334644,0.71840686,0.7202767,0.7638219,0.8311609,0.8609977,0.93580306,1.066539,2.1590953,2.0542266,1.9905548,2.058725,1.9876152,2.0764823,2.0714068,2.0318477,2.125024,2.031956,2.1662865,2.1001575,2.2885823,2.2767453,1.8515947,1.8091514,1.8973585,1.9106957,1.8756522,1.918556,1.8569009,1.9032441,1.9413888,1.9576622,1.3234919,1.275414,1.3623589,1.275343,1.3817214,1.294915,1.4229547,1.4172417,FALSE,FALSE,FALSE,FALSE,FALSE,FALSE,FALSE,FALSE,FALSE,FALSE,FALSE,FALSE,FALSE,FALSE,FALSE,FALSE,FALSE,FALSE,FALSE,FALSE,FALSE,FALSE,FALSE,FALSE,FALSE,FALSE,FALSE,FALSE,FALSE,FALSE,FALSE,FALSE,FALSE,FALSE,FALSE,FALSE,FALSE,FALSE,FALSE,FALSE,FALSE,FALSE,FALSE,FALSE,FALSE,FALSE,FALSE,FALSE,FALSE,FALSE,FALSE,FALSE,FALSE,FALSE,FALSE,FALSE,FALSE,FALSE,FALSE,FALSE,FALSE,FALSE,FALSE,FALSE,FALSE,FALSE,FALSE,-40.05,-20.12,0,19.67,39.97,FALSE,FALSE,FALSE,FALSE,FALSE,1.15,0.96,1.04,1.04,1.08,FALSE,FALSE,FALSE,FALSE,FALSE,49.1,99.908966,50.038235,80.79399,20.014956,FALSE,FALSE,FALSE,FALSE,FALSE,1.09,FALSE,10.39,FALSE,25.6,FALSE
2026-03-20 09:28:14,1144,15,108,345,196,125,115,130,220,302,255,317,210,286,264,312,632,696,658,221,286,301,207,215,234,316,366,374,382,298,250,239,325,459,395,599,411,426,387,390,283,472,451,656,504,347,378,549,634,303,279,208,415,302,364,285,259,333,317,130,194,258,240,233,177,360,211,FALSE,FALSE,FALSE,FALSE,FALSE,FALSE,FALSE,FALSE,FALSE,FALSE,FALSE,FALSE,FALSE,FALSE,FALSE,FALSE,FALSE,FALSE,FALSE,FALSE,FALSE,FALSE,FALSE,FALSE,FALSE,FALSE,FALSE,FALSE,FALSE,FALSE,FALSE,FALSE,FALSE,FALSE,FALSE,FALSE,FALSE,FALSE,FALSE,FALSE,FALSE,FALSE,FALSE,FALSE,FALSE,FALSE,FALSE,FALSE,FALSE,FALSE,FALSE,FALSE,FALSE,FALSE,FALSE,FALSE,FALSE,FALSE,FALSE,FALSE,FALSE,FALSE,FALSE,FALSE,FALSE,FALSE,FALSE,2.2261508,5.0346065,2.9753008,1.5960697,0.9314835,1.24317,1.355486,1.4339157,1.5656726,1.6389614,1.4793276,1.356951,1.2237965,1.2252048,1.2616885,1.3044978,1.4188738,1.604928,1.6239437,0.7653608,0.8809744,0.93372643,0.98387736,1.0208784,0.9223658,0.80195534,0.7013209,0.72293115,0.63898283,0.6451787,0.6972718,0.7682585,0.8037807,0.88932484,1.0291094,2.060893,1.9507538,1.9081855,1.9451058,1.9070055,1.9947512,1.9575994,1.947462,2.0613282,1.9692572,2.0992692,2.0075922,2.200878,2.185036,1.6634437,1.6204891,1.722724,1.7352464,1.7120334,1.7461877,1.6757257,1.7174827,1.7604026,1.769864,1.3387363,1.221932,1.3000475,1.1860691,1.3228012,1.2083199,1.3629584,1.3193648,FALSE,FALSE,FALSE,FALSE,FALSE,FALSE,FALSE,FALSE,FALSE,FALSE,FALSE,FALSE,FALSE,FALSE,FALSE,FALSE,FALSE,FALSE,FALSE,FALSE,FALSE,FALSE,FALSE,FALSE,FALSE,FALSE,FALSE,FALSE,FALSE,FALSE,FALSE,FALSE,FALSE,FALSE,FALSE,FALSE,FALSE,FALSE,FALSE,FALSE,FALSE,FALSE,FALSE,FALSE,FALSE,FALSE,FALSE,FALSE,FALSE,FALSE,FALSE,FALSE,FALSE,FALSE,FALSE,FALSE,FALSE,FALSE,FALSE,FALSE,FALSE,FALSE,FALSE,FALSE,FALSE,FALSE,FALSE,-40.1,-20.15,0,19.78,40.05,FALSE,FALSE,FALSE,FALSE,FALSE,1.16,0.96,1.04,1.04,1.08,FALSE,FALSE,FALSE,FALSE,FALSE,49.1,99.908966,50.038235,80.84444,19.955133,FALSE,FALSE,FALSE,FALSE,FALSE,1.09,FALSE,8.66,FALSE,25.6,FALSE
2026-03-19 09:40:27,1144,15,108,345,196,125,115,130,220,302,255,317,210,286,264,312,632,696,658,221,286,301,207,215,234,316,366,374,382,298,250,239,325,459,395,599,411,426,387,390,283,472,451,656,504,347,378,549,634,303,279,208,415,302,364,285,259,333,317,130,194,258,240,233,177,360,211,FALSE,FALSE,FALSE,FALSE,FALSE,FALSE,FALSE,FALSE,FALSE,FALSE,FALSE,FALSE,FALSE,FALSE,FALSE,FALSE,FALSE,FALSE,FALSE,FALSE,FALSE,FALSE,FALSE,FALSE,FALSE,FALSE,FALSE,FALSE,FALSE,FALSE,FALSE,FALSE,FALSE,FALSE,FALSE,FALSE,FALSE,FALSE,FALSE,FALSE,FALSE,FALSE,FALSE,FALSE,FALSE,FALSE,FALSE,FALSE,FALSE,FALSE,FALSE,FALSE,FALSE,FALSE,FALSE,FALSE,FALSE,FALSE,FALSE,FALSE,FALSE,FALSE,FALSE,FALSE,FALSE,FALSE,FALSE,2.2894864,4.8889613,3.0976534,1.5329764,1.0086702,1.4912835,1.6301464,1.7274667,1.885035,1.9204402,1.7665197,1.6080638,1.4629099,1.4186618,1.4091347,1.4373469,1.5018581,1.6716149,1.7066833,0.7886019,0.9233736,0.97469753,1.0460132,1.0873104,0.96078974,0.842807,0.69933194,0.75953513,0.6694703,0.6700608,0.7413976,0.7736809,0.80710846,0.90713704,1.0375183,2.113342,2.0114284,1.9670447,2.0143232,1.964626,2.033542,2.029441,1.9989693,2.0894568,1.991165,2.1462548,2.0441067,2.2354157,2.2110844,1.7536458,1.6977042,1.7901256,1.8201975,1.7959837,1.7978185,1.7475581,1.7774154,1.7995812,1.8657168,1.370868,1.2555902,1.3254838,1.224145,1.3454279,1.2403482,1.3583333,1.3705697,FALSE,FALSE,FALSE,FALSE,FALSE,FALSE,FALSE,FALSE,FALSE,FALSE,FALSE,FALSE,FALSE,FALSE,FALSE,FALSE,FALSE,FALSE,FALSE,FALSE,FALSE,FALSE,FALSE,FALSE,FALSE,FALSE,FALSE,FALSE,FALSE,FALSE,FALSE,FALSE,FALSE,FALSE,FALSE,FALSE,FALSE,FALSE,FALSE,FALSE,FALSE,FALSE,FALSE,FALSE,FALSE,FALSE,FALSE,FALSE,FALSE,FALSE,FALSE,FALSE,FALSE,FALSE,FALSE,FALSE,FALSE,FALSE,FALSE,FALSE,FALSE,FALSE,FALSE,FALSE,FALSE,FALSE,FALSE,-40.22,-20.2,0,19.7,40.03,FALSE,FALSE,FALSE,FALSE,FALSE,1.15,0.96,1.04,1.04,1.08,FALSE,FALSE,FALSE,FALSE,FALSE,49.1,99.908966,50.038235,80.79399,20.017946,FALSE,FALSE,FALSE,FALSE,FALSE,1.09,FALSE,9.26,FALSE,25.2,FALSE
2026-03-18 08:37:09,1144,15,108,345,196,125,115,130,220,302,255,317,210,286,264,312,632,696,658,221,286,301,207,215,234,316,366,374,382,298,250,239,325,459,395,599,411,426,387,390,283,472,451,656,504,347,378,549,634,303,279,208,415,302,364,285,259,333,317,130,194,258,240,233,177,360,211,FALSE,FALSE,FALSE,FALSE,FALSE,FALSE,FALSE,FALSE,FALSE,FALSE,FALSE,FALSE,FALSE,FALSE,FALSE,FALSE,FALSE,FALSE,FALSE,FALSE,FALSE,FALSE,FALSE,FALSE,FALSE,FALSE,FALSE,FALSE,FALSE,FALSE,FALSE,FALSE,FALSE,FALSE,FALSE,FALSE,FALSE,FALSE,FALSE,FALSE,FALSE,FALSE,FALSE,FALSE,FALSE,FALSE,FALSE,FALSE,FALSE,FALSE,FALSE,FALSE,FALSE,FALSE,FALSE,FALSE,FALSE,FALSE,FALSE,FALSE,FALSE,FALSE,FALSE,FALSE,FALSE,FALSE,FALSE,2.2985854,5.1347537,3.1411462,2.2093625,1.1400607,1.1745415,1.2271171,1.2617154,1.3828924,1.4408587,1.3021747,1.2228546,1.1322215,1.1735551,1.1809316,1.2784623,1.3977607,1.6151894,1.6779134,0.77388406,0.88441443,0.94226784,0.99931014,1.0368016,0.92353755,0.80575806,0.70396,0.74131775,0.65940726,0.68084455,0.7232009,0.7772294,0.79633904,0.90263796,1.0559002,2.1361237,2.0389528,1.9990385,2.0485718,1.9817504,2.0877702,2.069437,2.0549269,2.1180327,2.0069966,2.177789,2.0650196,2.238745,2.2398126,1.7638147,1.6890532,1.7915865,1.8127809,1.7782854,1.8080482,1.7590411,1.7864847,1.8389294,1.8654208,1.3544296,1.2839293,1.3578966,1.2497517,1.3867925,1.2651173,1.4162462,1.4160293,FALSE,FALSE,FALSE,FALSE,FALSE,FALSE,FALSE,FALSE,FALSE,FALSE,FALSE,FALSE,FALSE,FALSE,FALSE,FALSE,FALSE,FALSE,FALSE,FALSE,FALSE,FALSE,FALSE,FALSE,FALSE,FALSE,FALSE,FALSE,FALSE,FALSE,FALSE,FALSE,FALSE,FALSE,FALSE,FALSE,FALSE,FALSE,FALSE,FALSE,FALSE,FALSE,FALSE,FALSE,FALSE,FALSE,FALSE,FALSE,FALSE,FALSE,FALSE,FALSE,FALSE,FALSE,FALSE,FALSE,FALSE,FALSE,FALSE,FALSE,FALSE,FALSE,FALSE,FALSE,FALSE,FALSE,FALSE,-40.08,-20.12,0,19.75,40.05,FALSE,FALSE,FALSE,FALSE,FALSE,1.15,0.96,1.04,1.04,1.08,FALSE,FALSE,FALSE,FALSE,FALSE,49.1,99.908966,50.038235,80.79399,19.972084,FALSE,FALSE,FALSE,FALSE,FALSE,1.09,FALSE,9.41,FALSE,25.5,FALSE
2026-03-17 08:52:57,1144,15,108,345,196,125,115,130,220,302,255,317,210,286,264,312,632,696,658,221,286,301,207,215,234,316,366,374,382,298,250,239,325,459,395,599,411,426,387,390,283,472,451,656,504,347,378,549,634,303,279,208,415,302,364,285,259,333,317,130,194,258,240,233,177,360,211,FALSE,FALSE,FALSE,FALSE,FALSE,FALSE,FALSE,FALSE,FALSE,FALSE,FALSE,FALSE,FALSE,FALSE,FALSE,FALSE,FALSE,FALSE,FALSE,FALSE,FALSE,FALSE,FALSE,FALSE,FALSE,FALSE,FALSE,FALSE,FALSE,FALSE,FALSE,FALSE,FALSE,FALSE,FALSE,FALSE,FALSE,FALSE,FALSE,FALSE,FALSE,FALSE,FALSE,FALSE,FALSE,FALSE,FALSE,FALSE,FALSE,FALSE,FALSE,FALSE,FALSE,FALSE,FALSE,FALSE,FALSE,FALSE,FALSE,FALSE,FALSE,FALSE,FALSE,FALSE,FALSE,FALSE,FALSE,2.4285378,5.0294385,3.2406852,2.1603289,1.1172075,1.1895294,1.2583445,1.3324399,1.450519,1.5538644,1.3820341,1.2863973,1.1935717,1.1847464,1.2232528,1.2664425,1.4146163,1.6157064,1.6553409,0.9299156,1.0820547,1.172716,1.2418398,1.2630732,1.1423695,1.0037484,0.8360817,0.8513328,0.7542258,0.74008906,0.78453404,0.84952545,0.8857616,0.9586407,1.1065477,2.1864042,2.125052,2.0504558,2.1422143,2.0506542,2.1504269,2.1490242,2.128198,2.226899,2.1446521,2.2749865,2.1398797,2.3692994,2.3721278,1.9082655,1.8414311,1.9486845,1.9780755,1.9509554,1.9795262,1.9271555,1.9896673,2.0360444,2.0435662,1.3823369,1.3215003,1.4631516,1.3630605,1.4947846,1.3937237,1.5543859,1.5393463,FALSE,FALSE,FALSE,FALSE,FALSE,FALSE,FALSE,FALSE,FALSE,FALSE,FALSE,FALSE,FALSE,FALSE,FALSE,FALSE,FALSE,FALSE,FALSE,FALSE,FALSE,FALSE,FALSE,FALSE,FALSE,FALSE,FALSE,FALSE,FALSE,FALSE,FALSE,FALSE,FALSE,FALSE,FALSE,FALSE,FALSE,FALSE,FALSE,FALSE,FALSE,FALSE,FALSE,FALSE,FALSE,FALSE,FALSE,FALSE,FALSE,FALSE,FALSE,FALSE,FALSE,FALSE,FALSE,FALSE,FALSE,FALSE,FALSE,FALSE,FALSE,FALSE,FALSE,FALSE,FALSE,FALSE,FALSE,-40.15,-20.18,0,19.72,40.03,FALSE,FALSE,FALSE,FALSE,FALSE,1.16,0.96,1.04,1.04,1.08,FALSE,FALSE,FALSE,FALSE,FALSE,49.1,99.908966,50.038235,80.79399,19.972084,FALSE,FALSE,FALSE,FALSE,FALSE,1.09,FALSE,10.49,FALSE,25.6,FALSE
2026-03-16 09:38:59,1144,15,108,337,192,122,111,126,212,288,241,296,199,274,264,323,663,745,706,221,285,303,207,214,231,313,358,366,376,297,262,257,355,510,441,589,405,416,376,377,275,462,450,681,532,371,407,594,690,291,270,203,410,306,384,306,284,370,355,132,205,280,270,263,199,407,243,FALSE,FALSE,FALSE,FALSE,FALSE,FALSE,FALSE,FALSE,FALSE,FALSE,FALSE,FALSE,FALSE,FALSE,FALSE,FALSE,FALSE,FALSE,FALSE,FALSE,FALSE,FALSE,FALSE,FALSE,FALSE,FALSE,FALSE,FALSE,FALSE,FALSE,FALSE,FALSE,FALSE,FALSE,FALSE,FALSE,FALSE,FALSE,FALSE,FALSE,FALSE,FALSE,FALSE,FALSE,FALSE,FALSE,FALSE,FALSE,FALSE,FALSE,FALSE,FALSE,FALSE,FALSE,FALSE,FALSE,FALSE,FALSE,FALSE,FALSE,FALSE,FALSE,FALSE,FALSE,FALSE,FALSE,FALSE,2.5341618,5.110538,3.2763999,1.2475429,1.4614828,2.1623156,2.3312252,2.4585776,2.5491333,2.5127242,2.1875691,1.9472739,1.9262495,2.0864832,3.3099918,4.5558534,5.112397,5.498119,5.5687337,1.0091004,1.1535088,1.1809406,1.2166315,1.2756886,1.1411461,1.1330812,1.3635019,1.1420584,0.8537413,0.8066495,2.326106,3.667401,4.0838017,4.46665,4.6523495,2.4599915,2.4831128,2.7209017,2.96159,2.7238212,2.5669827,2.4167883,2.008691,2.4821548,3.083996,3.4477465,3.6059368,4.024159,4.0447464,2.638413,1.9177272,1.7730919,1.7057538,1.7701573,2.8355715,3.6518364,4.0223546,4.4021606,4.60965,1.4924415,2.1799994,3.6891482,4.487057,4.729554,4.646895,4.916408,5.122459,FALSE,FALSE,FALSE,FALSE,FALSE,FALSE,FALSE,FALSE,FALSE,FALSE,FALSE,FALSE,FALSE,FALSE,FALSE,FALSE,FALSE,FALSE,FALSE,FALSE,FALSE,FALSE,FALSE,FALSE,FALSE,FALSE,FALSE,FALSE,FALSE,FALSE,FALSE,FALSE,FALSE,FALSE,FALSE,FALSE,FALSE,FALSE,FALSE,FALSE,FALSE,FALSE,FALSE,FALSE,FALSE,FALSE,FALSE,FALSE,FALSE,FALSE,FALSE,FALSE,FALSE,FALSE,FALSE,FALSE,FALSE,FALSE,FALSE,FALSE,FALSE,FALSE,FALSE,FALSE,FALSE,FALSE,FALSE,-40.25,-20.22,0,19.8,40.18,FALSE,FALSE,FALSE,FALSE,FALSE,1.16,0.96,1.04,1.04,1.09,FALSE,FALSE,FALSE,FALSE,FALSE,49.1,99.908966,50.038235,80.79399,19.9671,FALSE,FALSE,FALSE,FALSE,FALSE,1.09,FALSE,11.96,FALSE,25.4,FALSE
2026-03-14 10:35:36,1144,15,108,337,192,122,111,126,212,288,241,296,199,274,264,323,663,745,706,221,285,303,207,214,231,313,358,366,376,297,262,257,355,510,441,589,405,416,376,377,275,462,450,681,532,371,407,594,690,291,270,203,410,306,384,306,284,370,355,132,205,280,270,263,199,407,243,FALSE,FALSE,FALSE,FALSE,FALSE,FALSE,FALSE,FALSE,FALSE,FALSE,FALSE,FALSE,FALSE,FALSE,FALSE,FALSE,FALSE,FALSE,FALSE,FALSE,FALSE,FALSE,FALSE,FALSE,FALSE,FALSE,FALSE,FALSE,FALSE,FALSE,FALSE,FALSE,FALSE,FALSE,FALSE,FALSE,FALSE,FALSE,FALSE,FALSE,FALSE,FALSE,FALSE,FALSE,FALSE,FALSE,FALSE,FALSE,FALSE,FALSE,FALSE,FALSE,FALSE,FALSE,FALSE,FALSE,FALSE,FALSE,FALSE,FALSE,FALSE,FALSE,FALSE,FALSE,FALSE,FALSE,FALSE,2.390916,4.9301867,3.2168336,1.154493,1.8305061,2.4327605,2.6037169,2.7521563,2.9214394,2.9297287,2.7641387,2.5437188,2.3804321,2.2677228,2.589217,3.5102189,3.921167,4.2719507,4.321925,0.86208934,1.0108101,1.0390396,1.0852997,1.1368796,1.0209035,1.0583749,1.347914,1.0965823,0.85877377,0.69995576,1.6217808,2.8212128,3.1352136,3.5101247,3.6929612,2.2123451,2.169721,2.2214358,2.3258953,2.1865656,2.2129915,2.1649256,2.101364,2.638974,3.140407,3.4848948,3.6136513,3.9477572,4.0485578,2.013475,1.8267788,1.8937873,1.8890136,1.9797869,2.8534558,3.5704274,3.8485513,4.203862,4.319166,1.543989,2.105473,3.421944,4.0812755,4.3518405,4.264514,4.482736,4.7138414,FALSE,FALSE,FALSE,FALSE,FALSE,FALSE,FALSE,FALSE,FALSE,FALSE,FALSE,FALSE,FALSE,FALSE,FALSE,FALSE,FALSE,FALSE,FALSE,FALSE,FALSE,FALSE,FALSE,FALSE,FALSE,FALSE,FALSE,FALSE,FALSE,FALSE,FALSE,FALSE,FALSE,FALSE,FALSE,FALSE,FALSE,FALSE,FALSE,FALSE,FALSE,FALSE,FALSE,FALSE,FALSE,FALSE,FALSE,FALSE,FALSE,FALSE,FALSE,FALSE,FALSE,FALSE,FALSE,FALSE,FALSE,FALSE,FALSE,FALSE,FALSE,FALSE,FALSE,FALSE,FALSE,FALSE,FALSE,-40.05,-20.12,0,19.75,40,FALSE,FALSE,FALSE,FALSE,FALSE,1.16,0.96,1.04,1.04,1.09,FALSE,FALSE,FALSE,FALSE,FALSE,49.1,100,50.038235,80.84444,19.971087,FALSE,FALSE,FALSE,FALSE,FALSE,1.09,FALSE,10.44,FALSE,25.9,FALSE
2026-03-13 09:38:24,1144,15,108,339,191,123,113,128,214,293,249,309,203,276,258,301,610,671,638,222,286,301,207,216,234,316,367,376,383,297,252,237,323,457,391,600,408,425,384,387,282,469,450,657,497,343,374,540,623,302,276,207,412,299,362,281,255,329,313,128,195,255,238,231,175,356,209,FALSE,FALSE,FALSE,FALSE,FALSE,FALSE,FALSE,FALSE,FALSE,FALSE,FALSE,FALSE,FALSE,FALSE,FALSE,FALSE,FALSE,FALSE,FALSE,FALSE,FALSE,FALSE,FALSE,FALSE,FALSE,FALSE,FALSE,FALSE,FALSE,FALSE,FALSE,FALSE,FALSE,FALSE,FALSE,FALSE,FALSE,FALSE,FALSE,FALSE,FALSE,FALSE,FALSE,FALSE,FALSE,FALSE,FALSE,FALSE,FALSE,FALSE,FALSE,FALSE,FALSE,FALSE,FALSE,FALSE,FALSE,FALSE,FALSE,FALSE,FALSE,FALSE,FALSE,FALSE,FALSE,FALSE,FALSE,2.3979833,5.06936,3.1495814,1.1882495,1.6323606,2.3012352,2.4598892,2.6159668,2.7791247,2.7857666,2.629351,2.408248,2.2149916,2.1397755,2.1242998,2.1122017,2.1478455,2.227106,2.2678266,0.8803373,1.0049673,1.0796915,1.1631262,1.1981268,1.0656861,0.9394851,0.77400833,0.8319715,0.7513294,0.7389503,0.8020116,0.8547076,0.8789423,0.9597288,1.1020169,2.1703677,2.0693226,2.0377388,2.1139925,2.0376189,2.1156406,2.0992665,2.0541165,2.1336174,2.0561874,2.199622,2.117108,2.2722335,2.267489,1.848739,1.8155979,1.9150919,1.9176656,1.8867414,1.9128786,1.8601282,1.9074706,1.9444866,1.943408,1.3979871,1.2987373,1.3699657,1.2816445,1.3970236,1.3001273,1.4362956,1.4332979,FALSE,FALSE,FALSE,FALSE,FALSE,FALSE,FALSE,FALSE,FALSE,FALSE,FALSE,FALSE,FALSE,FALSE,FALSE,FALSE,FALSE,FALSE,FALSE,FALSE,FALSE,FALSE,FALSE,FALSE,FALSE,FALSE,FALSE,FALSE,FALSE,FALSE,FALSE,FALSE,FALSE,FALSE,FALSE,FALSE,FALSE,FALSE,FALSE,FALSE,FALSE,FALSE,FALSE,FALSE,FALSE,FALSE,FALSE,FALSE,FALSE,FALSE,FALSE,FALSE,FALSE,FALSE,FALSE,FALSE,FALSE,FALSE,FALSE,FALSE,FALSE,FALSE,FALSE,FALSE,FALSE,FALSE,FALSE,-40.18,-20.17,0,19.67,39.95,FALSE,FALSE,FALSE,FALSE,FALSE,1.15,0.96,1.04,1.04,1.08,FALSE,FALSE,FALSE,FALSE,FALSE,49.1,99.908966,50.038235,80.79399,20.053839,FALSE,FALSE,FALSE,FALSE,FALSE,1.09,FALSE,10.55,FALSE,25.5,FALSE
2026-03-12 10:15:02,1144,15,108,325,185,118,107,120,203,279,235,293,194,266,246,289,580,645,606,221,284,299,206,215,233,316,367,373,383,300,250,238,322,455,388,611,415,429,386,387,282,477,454,650,494,346,377,543,626,304,278,208,415,302,364,283,256,330,312,130,195,255,239,231,175,355,208,FALSE,FALSE,FALSE,FALSE,FALSE,FALSE,FALSE,FALSE,FALSE,FALSE,FALSE,FALSE,FALSE,FALSE,FALSE,FALSE,FALSE,FALSE,FALSE,FALSE,FALSE,FALSE,FALSE,FALSE,FALSE,FALSE,FALSE,FALSE,FALSE,FALSE,FALSE,FALSE,FALSE,FALSE,FALSE,FALSE,FALSE,FALSE,FALSE,FALSE,FALSE,FALSE,FALSE,FALSE,FALSE,FALSE,FALSE,FALSE,FALSE,FALSE,FALSE,FALSE,FALSE,FALSE,FALSE,FALSE,FALSE,FALSE,FALSE,FALSE,FALSE,FALSE,FALSE,FALSE,FALSE,FALSE,FALSE,2.5310028,5.1298985,3.2988815,1.4363202,2.289495,2.9542675,3.122768,3.2567658,3.3914323,3.3896472,3.190028,2.9265697,2.7016456,2.607731,2.540901,2.5258017,2.549458,2.5813684,2.6427257,1.019595,1.2218426,1.2836473,1.3737121,1.446733,1.2873399,1.1251798,0.88637525,0.918746,0.79343635,0.80121297,0.8560709,0.8973865,0.9431531,0.9998264,1.1214178,2.2632697,2.194428,2.1331692,2.2315907,2.1879675,2.2603054,2.2504008,2.2078304,2.2967029,2.1733007,2.3001468,2.2273564,2.3914874,2.329404,1.9989718,1.9408557,2.0627809,2.076332,2.03345,2.0320175,1.9649642,2.009898,2.0406911,2.0438542,1.3924074,1.3286618,1.4106644,1.3220849,1.4428381,1.3382394,1.4713008,1.4420134,FALSE,FALSE,FALSE,FALSE,FALSE,FALSE,FALSE,FALSE,FALSE,FALSE,FALSE,FALSE,FALSE,FALSE,FALSE,FALSE,FALSE,FALSE,FALSE,FALSE,FALSE,FALSE,FALSE,FALSE,FALSE,FALSE,FALSE,FALSE,FALSE,FALSE,FALSE,FALSE,FALSE,FALSE,FALSE,FALSE,FALSE,FALSE,FALSE,FALSE,FALSE,FALSE,FALSE,FALSE,FALSE,FALSE,FALSE,FALSE,FALSE,FALSE,FALSE,FALSE,FALSE,FALSE,FALSE,FALSE,FALSE,FALSE,FALSE,FALSE,FALSE,FALSE,FALSE,FALSE,FALSE,FALSE,FALSE,-40.15,-20.15,0,19.72,39.97,FALSE,FALSE,FALSE,FALSE,FALSE,1.15,0.97,1.04,1.04,1.09,FALSE,FALSE,FALSE,FALSE,FALSE,49.1,99.908966,50.038235,80.79399,20.014956,FALSE,FALSE,FALSE,FALSE,FALSE,1.09,FALSE,12.04,FALSE,25.8,FALSE
2026-03-06 08:50:02,1144,14,108,339,194,125,114,130,219,303,254,314,209,283,262,306,616,683,646,221,286,302,206,215,234,316,367,374,382,298,251,236,319,454,386,599,409,424,385,384,283,467,448,653,489,342,372,540,618,301,274,205,409,299,359,278,253,327,309,130,194,255,240,230,174,353,207,FALSE,FALSE,FALSE,FALSE,FALSE,FALSE,FALSE,FALSE,FALSE,FALSE,FALSE,FALSE,FALSE,FALSE,FALSE,FALSE,FALSE,FALSE,FALSE,FALSE,FALSE,FALSE,FALSE,FALSE,FALSE,FALSE,FALSE,FALSE,FALSE,FALSE,FALSE,FALSE,FALSE,FALSE,FALSE,FALSE,FALSE,FALSE,FALSE,FALSE,FALSE,FALSE,FALSE,FALSE,FALSE,FALSE,FALSE,FALSE,FALSE,FALSE,FALSE,FALSE,FALSE,FALSE,FALSE,FALSE,FALSE,FALSE,FALSE,FALSE,FALSE,FALSE,FALSE,FALSE,FALSE,FALSE,FALSE,2.5122962,5.019359,3.21817,2.5721738,1.3877333,1.3028423,1.3401077,1.3537967,1.4674472,1.540213,1.3808159,1.2803489,1.1800456,1.246786,1.2833786,1.3434619,1.4776638,1.6873306,1.7318907,0.9777763,1.1355194,1.2154144,1.2950026,1.3447198,1.1977192,1.0422567,0.85936487,0.8936031,0.7813248,0.7693489,0.8387733,0.89061785,0.9203884,1.0054046,1.1662169,2.2163646,2.139296,2.095327,2.2108998,2.1560853,2.2065678,2.2069907,2.1745234,2.2251492,2.177583,2.282299,2.2173104,2.4088724,2.4066558,1.9838498,1.9653333,2.0278656,2.0680423,2.0440693,2.067587,2.0225542,2.026278,2.0827694,2.1259823,1.434332,1.3415548,1.4330088,1.3256761,1.4591063,1.370592,1.4952946,1.5031437,FALSE,FALSE,FALSE,FALSE,FALSE,FALSE,FALSE,FALSE,FALSE,FALSE,FALSE,FALSE,FALSE,FALSE,FALSE,FALSE,FALSE,FALSE,FALSE,FALSE,FALSE,FALSE,FALSE,FALSE,FALSE,FALSE,FALSE,FALSE,FALSE,FALSE,FALSE,FALSE,FALSE,FALSE,FALSE,FALSE,FALSE,FALSE,FALSE,FALSE,FALSE,FALSE,FALSE,FALSE,FALSE,FALSE,FALSE,FALSE,FALSE,FALSE,FALSE,FALSE,FALSE,FALSE,FALSE,FALSE,FALSE,FALSE,FALSE,FALSE,FALSE,FALSE,FALSE,FALSE,FALSE,FALSE,FALSE,-40.03,-20.08,0,19.72,40.1,FALSE,FALSE,FALSE,FALSE,FALSE,1.15,0.96,1.04,1.04,1.08,FALSE,FALSE,FALSE,FALSE,FALSE,49.1,99.908966,50,80.79399,20.01296,FALSE,FALSE,FALSE,FALSE,FALSE,1.09,FALSE,11.56,FALSE,25.6,FALSE
2026-03-05 06:56:24,1144,15,106,349,189,120,110,125,208,286,240,297,197,269,245,290,593,658,622,221,288,305,208,215,235,320,369,376,384,298,248,235,320,456,389,590,405,416,376,379,274,460,439,648,489,337,366,532,619,303,275,205,412,299,358,281,254,329,312,126,185,242,229,222,168,339,202,FALSE,FALSE,FALSE,FALSE,FALSE,FALSE,FALSE,FALSE,FALSE,FALSE,FALSE,FALSE,FALSE,FALSE,FALSE,FALSE,FALSE,FALSE,FALSE,FALSE,FALSE,FALSE,FALSE,FALSE,FALSE,FALSE,FALSE,FALSE,FALSE,FALSE,FALSE,FALSE,FALSE,FALSE,FALSE,FALSE,FALSE,FALSE,FALSE,FALSE,FALSE,FALSE,FALSE,FALSE,FALSE,FALSE,FALSE,FALSE,FALSE,FALSE,FALSE,FALSE,FALSE,FALSE,FALSE,FALSE,FALSE,FALSE,FALSE,FALSE,FALSE,FALSE,FALSE,FALSE,FALSE,FALSE,FALSE,1.9036807,4.9874516,3.158507,1.8633054,1.9212639,2.6559803,2.7955024,2.9149835,3.0475323,3.0596387,2.8554938,2.6649256,2.4465013,2.37046,2.3383732,2.4173198,2.9216619,3.07468,2.9014099,0.8830662,0.9879571,1.0332386,1.0022304,1.1012036,0.98962456,0.97864085,0.9751451,1.0152408,0.95128053,0.89935184,0.9047058,1.0230885,1.0950822,1.3237034,1.3147088,2.4120069,2.231802,2.2301195,2.249086,2.2136457,2.1937191,2.3681104,2.303337,2.7475302,2.408421,2.533079,2.547753,3.0647962,3.2786827,1.5215042,1.3674296,1.4065886,1.7446512,1.5449506,1.7031891,1.7797885,1.6989866,1.9357184,1.8759801,1.3062453,1.1938128,1.2630554,1.1851128,1.3166085,1.1727858,1.3468518,1.2817852,FALSE,FALSE,FALSE,FALSE,FALSE,FALSE,FALSE,FALSE,FALSE,FALSE,FALSE,FALSE,FALSE,FALSE,FALSE,FALSE,FALSE,FALSE,FALSE,FALSE,FALSE,FALSE,FALSE,FALSE,FALSE,FALSE,FALSE,FALSE,FALSE,FALSE,FALSE,FALSE,FALSE,FALSE,FALSE,FALSE,FALSE,FALSE,FALSE,FALSE,FALSE,FALSE,FALSE,FALSE,FALSE,FALSE,FALSE,FALSE,FALSE,FALSE,FALSE,FALSE,FALSE,FALSE,FALSE,FALSE,FALSE,FALSE,FALSE,FALSE,FALSE,FALSE,FALSE,FALSE,FALSE,FALSE,FALSE,-40.12,-20.1,0,19.83,40.32,FALSE,FALSE,FALSE,FALSE,FALSE,1.13,0.96,1.04,1.03,1.06,FALSE,FALSE,FALSE,FALSE,FALSE,49.1,99.62828,49.882103,80.79399,20.032902,FALSE,FALSE,FALSE,FALSE,FALSE,1.09,FALSE,9.2,FALSE,21.8,FALSE
2026-03-04 08:48:50,1144,14,107,335,191,122,111,125,211,290,244,306,201,277,254,298,603,670,629,218,282,298,205,211,232,316,367,373,380,298,247,236,322,455,387,600,411,427,386,387,282,469,447,649,497,342,369,540,620,296,272,203,406,298,355,276,252,322,307,134,194,257,239,231,175,355,208,FALSE,FALSE,FALSE,FALSE,FALSE,FALSE,FALSE,FALSE,FALSE,FALSE,FALSE,FALSE,FALSE,FALSE,FALSE,FALSE,FALSE,FALSE,FALSE,FALSE,FALSE,FALSE,FALSE,FALSE,FALSE,FALSE,FALSE,FALSE,FALSE,FALSE,FALSE,FALSE,FALSE,FALSE,FALSE,FALSE,FALSE,FALSE,FALSE,FALSE,FALSE,FALSE,FALSE,FALSE,FALSE,FALSE,FALSE,FALSE,FALSE,FALSE,FALSE,FALSE,FALSE,FALSE,FALSE,FALSE,FALSE,FALSE,FALSE,FALSE,FALSE,FALSE,FALSE,FALSE,FALSE,FALSE,FALSE,2.3736992,4.8754687,3.153557,1.4977411,1.0968621,1.6867074,1.8112043,1.948404,2.0971842,2.1594179,1.9772792,1.7942708,1.6166141,1.5530919,1.5732411,1.6078062,1.6673306,1.7798209,1.8515077,0.7968082,0.9212239,0.9458275,1.0287482,1.0922909,0.96494555,0.8374558,0.69885254,0.75439197,0.68060297,0.6969552,0.7613145,0.8015608,0.8450998,0.9114011,1.0397733,2.2141478,2.0822697,2.0498393,2.1608562,2.0810711,2.1394684,2.1387596,2.1256278,2.2036455,2.1264462,2.2391412,2.161706,2.3334057,2.320154,1.8140148,1.7458571,1.8487201,1.855274,1.847334,1.8672191,1.8073598,1.8384153,1.8831084,1.9150298,1.3751049,1.295575,1.3775134,1.2876714,1.4001116,1.3057475,1.4513667,1.4340991,FALSE,FALSE,FALSE,FALSE,FALSE,FALSE,FALSE,FALSE,FALSE,FALSE,FALSE,FALSE,FALSE,FALSE,FALSE,FALSE,FALSE,FALSE,FALSE,FALSE,FALSE,FALSE,FALSE,FALSE,FALSE,FALSE,FALSE,FALSE,FALSE,FALSE,FALSE,FALSE,FALSE,FALSE,FALSE,FALSE,FALSE,FALSE,FALSE,FALSE,FALSE,FALSE,FALSE,FALSE,FALSE,FALSE,FALSE,FALSE,FALSE,FALSE,FALSE,FALSE,FALSE,FALSE,FALSE,FALSE,FALSE,FALSE,FALSE,FALSE,FALSE,FALSE,FALSE,FALSE,FALSE,FALSE,FALSE,-40.15,-20.15,0,19.78,40.12,FALSE,FALSE,FALSE,FALSE,FALSE,1.15,0.97,1.04,1.04,1.08,FALSE,FALSE,FALSE,FALSE,FALSE,49.1,99.908966,50,80.79399,20.018944,FALSE,FALSE,FALSE,FALSE,FALSE,1.09,FALSE,10.18,FALSE,25.4,FALSE
2026-03-03 08:49:06,1144,14,107,335,191,122,111,125,211,290,244,306,201,277,254,298,603,670,629,218,282,298,205,211,232,316,367,373,380,298,247,236,322,455,387,600,411,427,386,387,282,469,447,649,497,342,369,540,620,296,272,203,406,298,355,276,252,322,307,134,194,257,239,231,175,355,208,FALSE,FALSE,FALSE,FALSE,FALSE,FALSE,FALSE,FALSE,FALSE,FALSE,FALSE,FALSE,FALSE,FALSE,FALSE,FALSE,FALSE,FALSE,FALSE,FALSE,FALSE,FALSE,FALSE,FALSE,FALSE,FALSE,FALSE,FALSE,FALSE,FALSE,FALSE,FALSE,FALSE,FALSE,FALSE,FALSE,FALSE,FALSE,FALSE,FALSE,FALSE,FALSE,FALSE,FALSE,FALSE,FALSE,FALSE,FALSE,FALSE,FALSE,FALSE,FALSE,FALSE,FALSE,FALSE,FALSE,FALSE,FALSE,FALSE,FALSE,FALSE,FALSE,FALSE,FALSE,FALSE,FALSE,FALSE,2.3281777,4.973055,3.114005,1.9479623,1.0915909,1.3249402,1.4164215,1.5060571,1.6533369,1.7440325,1.547258,1.4262426,1.2793511,1.3002589,1.317574,1.4062977,1.5380812,1.7322689,1.7530925,0.7693264,0.88216364,0.92308956,0.9938354,1.0443834,0.9245735,0.7996819,0.70603716,0.7360854,0.6585795,0.68716586,0.7502998,0.8351763,0.88309246,0.989761,1.1199212,2.1881523,2.0503287,2.0502782,2.1000657,2.0548186,2.1262453,2.120012,2.066642,2.183191,2.0693932,2.20501,2.1525788,2.3062613,2.29231,1.7911822,1.7328849,1.827896,1.8154541,1.7971033,1.8427249,1.7870692,1.8481729,1.8683248,1.9363638,1.4086677,1.2796061,1.3686801,1.2896603,1.4206122,1.3348755,1.471656,1.4532325,FALSE,FALSE,FALSE,FALSE,FALSE,FALSE,FALSE,FALSE,FALSE,FALSE,FALSE,FALSE,FALSE,FALSE,FALSE,FALSE,FALSE,FALSE,FALSE,FALSE,FALSE,FALSE,FALSE,FALSE,FALSE,FALSE,FALSE,FALSE,FALSE,FALSE,FALSE,FALSE,FALSE,FALSE,FALSE,FALSE,FALSE,FALSE,FALSE,FALSE,FALSE,FALSE,FALSE,FALSE,FALSE,FALSE,FALSE,FALSE,FALSE,FALSE,FALSE,FALSE,FALSE,FALSE,FALSE,FALSE,FALSE,FALSE,FALSE,FALSE,FALSE,FALSE,FALSE,FALSE,FALSE,FALSE,FALSE,-40.03,-20.08,0,19.75,40.08,FALSE,FALSE,FALSE,FALSE,FALSE,1.15,0.96,1.04,1.04,1.07,FALSE,FALSE,FALSE,FALSE,FALSE,49.1,99.908966,50,80.84444,19.99003,FALSE,FALSE,FALSE,FALSE,FALSE,1.09,FALSE,9.46,FALSE,25.4,FALSE
2026-03-02 08:54:42,1144,14,107,335,191,122,111,125,211,290,244,306,201,277,254,298,603,670,629,218,282,298,205,211,232,316,367,373,380,298,247,236,322,455,387,600,411,427,386,387,282,469,447,649,497,342,369,540,620,296,272,203,406,298,355,276,252,322,307,134,194,257,239,231,175,355,208,FALSE,FALSE,FALSE,FALSE,FALSE,FALSE,FALSE,FALSE,FALSE,FALSE,FALSE,FALSE,FALSE,FALSE,FALSE,FALSE,FALSE,FALSE,FALSE,FALSE,FALSE,FALSE,FALSE,FALSE,FALSE,FALSE,FALSE,FALSE,FALSE,FALSE,FALSE,FALSE,FALSE,FALSE,FALSE,FALSE,FALSE,FALSE,FALSE,FALSE,FALSE,FALSE,FALSE,FALSE,FALSE,FALSE,FALSE,FALSE,FALSE,FALSE,FALSE,FALSE,FALSE,FALSE,FALSE,FALSE,FALSE,FALSE,FALSE,FALSE,FALSE,FALSE,FALSE,FALSE,FALSE,FALSE,FALSE,2.5998414,4.897057,3.3105612,1.7014842,1.1236893,1.7218614,1.8877143,2.0358946,2.2152035,2.2851846,2.1048028,1.8551705,1.6680945,1.586107,1.5879314,1.5992897,1.6351644,1.8438855,1.806223,0.91764283,1.0806503,1.1045084,1.2114766,1.3000754,1.1342269,0.97411114,0.80720466,0.87997794,0.7875156,0.79604185,0.83726513,0.9014944,0.9285836,1.0067263,1.1395915,2.273417,2.190435,2.1584778,2.2593014,2.2076857,2.2683706,2.3158653,2.2536676,2.2982516,2.20335,2.3109686,2.2234678,2.3836875,2.414357,1.9777259,1.9752499,2.0496016,2.108299,2.074403,2.0679774,2.0026138,2.027974,2.0468955,2.0958166,1.521418,1.3552995,1.4301181,1.3307055,1.4490958,1.3767503,1.5123308,1.4947565,FALSE,FALSE,FALSE,FALSE,FALSE,FALSE,FALSE,FALSE,FALSE,FALSE,FALSE,FALSE,FALSE,FALSE,FALSE,FALSE,FALSE,FALSE,FALSE,FALSE,FALSE,FALSE,FALSE,FALSE,FALSE,FALSE,FALSE,FALSE,FALSE,FALSE,FALSE,FALSE,FALSE,FALSE,FALSE,FALSE,FALSE,FALSE,FALSE,FALSE,FALSE,FALSE,FALSE,FALSE,FALSE,FALSE,FALSE,FALSE,FALSE,FALSE,FALSE,FALSE,FALSE,FALSE,FALSE,FALSE,FALSE,FALSE,FALSE,FALSE,FALSE,FALSE,FALSE,FALSE,FALSE,FALSE,FALSE,-40.18,-20.15,0,19.77,40.13,FALSE,FALSE,FALSE,FALSE,FALSE,1.15,0.96,1.04,1.04,1.08,FALSE,FALSE,FALSE,FALSE,FALSE,49.1,100,50,80.79399,19.905285,FALSE,FALSE,FALSE,FALSE,FALSE,1.09,FALSE,12.98,FALSE,25.5,FALSE
2026-02-27 09:51:43,1144,14,107,335,191,122,111,125,211,290,244,306,201,277,254,298,603,670,629,218,282,298,205,211,232,316,367,373,380,298,247,236,322,455,387,600,411,427,386,387,282,469,447,649,497,342,369,540,620,296,272,203,406,298,355,276,252,322,307,134,194,257,239,231,175,355,208,FALSE,FALSE,FALSE,FALSE,FALSE,FALSE,FALSE,FALSE,FALSE,FALSE,FALSE,FALSE,FALSE,FALSE,FALSE,FALSE,FALSE,FALSE,FALSE,FALSE,FALSE,FALSE,FALSE,FALSE,FALSE,FALSE,FALSE,FALSE,FALSE,FALSE,FALSE,FALSE,FALSE,FALSE,FALSE,FALSE,FALSE,FALSE,FALSE,FALSE,FALSE,FALSE,FALSE,FALSE,FALSE,FALSE,FALSE,FALSE,FALSE,FALSE,FALSE,FALSE,FALSE,FALSE,FALSE,FALSE,FALSE,FALSE,FALSE,FALSE,FALSE,FALSE,FALSE,FALSE,FALSE,FALSE,FALSE,2.8499322,5.066272,3.541671,2.765344,1.3072846,1.4059367,1.5253607,1.6073873,1.7661992,1.8447913,1.7367847,1.7084211,1.4939116,1.3736467,1.4771423,1.830447,2.0357351,2.3388293,2.4335542,1.0411831,1.213691,1.2427384,1.3765091,1.446576,1.316254,1.2205464,1.1855618,1.2391434,1.1135914,0.98697275,0.9919716,1.4115418,1.5663797,1.7097248,1.9590551,2.4827178,2.462542,2.5338833,2.6680746,2.6152384,2.6336734,2.6244612,2.382434,2.446405,2.487631,2.725502,2.698036,2.9738665,3.0322022,2.3614998,2.2055695,2.2948623,2.2860382,2.087774,2.0991325,2.211645,2.3788042,2.512824,2.6526244,1.4704399,1.4863279,1.9337105,2.1311934,2.359963,2.2811022,2.4636834,2.668867,FALSE,FALSE,FALSE,FALSE,FALSE,FALSE,FALSE,FALSE,FALSE,FALSE,FALSE,FALSE,FALSE,FALSE,FALSE,FALSE,FALSE,FALSE,FALSE,FALSE,FALSE,FALSE,FALSE,FALSE,FALSE,FALSE,FALSE,FALSE,FALSE,FALSE,FALSE,FALSE,FALSE,FALSE,FALSE,FALSE,FALSE,FALSE,FALSE,FALSE,FALSE,FALSE,FALSE,FALSE,FALSE,FALSE,FALSE,FALSE,FALSE,FALSE,FALSE,FALSE,FALSE,FALSE,FALSE,FALSE,FALSE,FALSE,FALSE,FALSE,FALSE,FALSE,FALSE,FALSE,FALSE,FALSE,FALSE,-40.25,-20.2,0,19.85,40.28,FALSE,FALSE,FALSE,FALSE,FALSE,1.15,0.96,1.04,1.04,1.08,FALSE,FALSE,FALSE,FALSE,FALSE,49.1,99.908966,50,80.79399,19.97408,FALSE,FALSE,FALSE,FALSE,FALSE,1.09,FALSE,15.81,FALSE,25.6,FALSE
2026-02-26 09:20:07,1144,14,107,335,191,122,111,125,211,290,244,306,201,277,254,298,603,670,629,218,282,298,205,211,232,316,367,373,380,298,247,236,322,455,387,600,411,427,386,387,282,469,447,649,497,342,369,540,620,296,272,203,406,298,355,276,252,322,307,134,194,257,239,231,175,355,208,FALSE,FALSE,FALSE,FALSE,FALSE,FALSE,FALSE,FALSE,FALSE,FALSE,FALSE,FALSE,FALSE,FALSE,FALSE,FALSE,FALSE,FALSE,FALSE,FALSE,FALSE,FALSE,FALSE,FALSE,FALSE,FALSE,FALSE,FALSE,FALSE,FALSE,FALSE,FALSE,FALSE,FALSE,FALSE,FALSE,FALSE,FALSE,FALSE,FALSE,FALSE,FALSE,FALSE,FALSE,FALSE,FALSE,FALSE,FALSE,FALSE,FALSE,FALSE,FALSE,FALSE,FALSE,FALSE,FALSE,FALSE,FALSE,FALSE,FALSE,FALSE,FALSE,FALSE,FALSE,FALSE,FALSE,FALSE,2.2302601,4.8665686,3.086574,1.3271246,1.1111696,1.6720412,1.8053377,1.9173241,2.045195,2.1012702,1.9316888,1.7827908,1.595299,1.577159,1.5803512,1.6120596,1.6638359,1.8295318,1.8148246,0.69694555,0.800253,0.8456775,0.87029356,0.92752457,0.81909096,0.716477,0.6584169,0.7107493,0.63904595,0.6408553,0.70437205,0.76227266,0.7935274,0.89172494,1.0030323,2.1170092,1.9834188,1.9645544,2.0378337,1.964588,2.0358603,2.0395577,2.0009742,2.1045344,1.9903958,2.1536682,2.0371778,2.2420385,2.2074745,1.708492,1.6737299,1.7684904,1.762905,1.7458214,1.756994,1.7118752,1.7364823,1.7869208,1.7791606,1.3511707,1.2208642,1.3248016,1.2252734,1.3290378,1.2500273,1.3759718,1.3262078,FALSE,FALSE,FALSE,FALSE,FALSE,FALSE,FALSE,FALSE,FALSE,FALSE,FALSE,FALSE,FALSE,FALSE,FALSE,FALSE,FALSE,FALSE,FALSE,FALSE,FALSE,FALSE,FALSE,FALSE,FALSE,FALSE,FALSE,FALSE,FALSE,FALSE,FALSE,FALSE,FALSE,FALSE,FALSE,FALSE,FALSE,FALSE,FALSE,FALSE,FALSE,FALSE,FALSE,FALSE,FALSE,FALSE,FALSE,FALSE,FALSE,FALSE,FALSE,FALSE,FALSE,FALSE,FALSE,FALSE,FALSE,FALSE,FALSE,FALSE,FALSE,FALSE,FALSE,FALSE,FALSE,FALSE,FALSE,-40.1,-20.1,0,19.8,40.17,FALSE,FALSE,FALSE,FALSE,FALSE,1.15,0.96,1.04,1.04,1.08,FALSE,FALSE,FALSE,FALSE,FALSE,49.1,99.908966,50,80.79399,20.00299,FALSE,FALSE,FALSE,FALSE,FALSE,1.09,FALSE,7.96,FALSE,25.4,FALSE
2026-02-25 09:13:54,1144,14,107,335,191,122,111,125,211,290,244,306,201,277,254,298,603,670,629,218,282,298,205,211,232,316,367,373,380,298,247,236,322,455,387,600,411,427,386,387,282,469,447,649,497,342,369,540,620,296,272,203,406,298,355,276,252,322,307,134,194,257,239,231,175,355,208,FALSE,FALSE,FALSE,FALSE,FALSE,FALSE,FALSE,FALSE,FALSE,FALSE,FALSE,FALSE,FALSE,FALSE,FALSE,FALSE,FALSE,FALSE,FALSE,FALSE,FALSE,FALSE,FALSE,FALSE,FALSE,FALSE,FALSE,FALSE,FALSE,FALSE,FALSE,FALSE,FALSE,FALSE,FALSE,FALSE,FALSE,FALSE,FALSE,FALSE,FALSE,FALSE,FALSE,FALSE,FALSE,FALSE,FALSE,FALSE,FALSE,FALSE,FALSE,FALSE,FALSE,FALSE,FALSE,FALSE,FALSE,FALSE,FALSE,FALSE,FALSE,FALSE,FALSE,FALSE,FALSE,FALSE,FALSE,2.6393929,4.95893,3.463992,1.5670696,1.317093,2.0206878,2.2358387,2.3847885,2.5833423,2.634525,2.4495177,2.2169442,1.9546065,1.8700246,1.8715345,1.9102007,1.9489266,2.026683,2.074306,0.91089076,1.0855559,1.1095078,1.2079215,1.2758778,1.1124067,0.9526842,0.80408984,0.8862881,0.8087845,0.8451182,0.8608493,0.90522116,0.9276592,0.9991348,1.090719,2.365156,2.2812088,2.271621,2.3525953,2.3366463,2.380016,2.4147847,2.3729708,2.4181504,2.3145864,2.4021623,2.3254824,2.4881988,2.4416485,2.0550728,2.0268555,2.1353774,2.1440947,2.1058671,2.099927,2.0179875,2.056357,2.082039,2.0681481,1.4528456,1.3936089,1.4754468,1.3842055,1.4814731,1.3843095,1.5426258,1.5031127,FALSE,FALSE,FALSE,FALSE,FALSE,FALSE,FALSE,FALSE,FALSE,FALSE,FALSE,FALSE,FALSE,FALSE,FALSE,FALSE,FALSE,FALSE,FALSE,FALSE,FALSE,FALSE,FALSE,FALSE,FALSE,FALSE,FALSE,FALSE,FALSE,FALSE,FALSE,FALSE,FALSE,FALSE,FALSE,FALSE,FALSE,FALSE,FALSE,FALSE,FALSE,FALSE,FALSE,FALSE,FALSE,FALSE,FALSE,FALSE,FALSE,FALSE,FALSE,FALSE,FALSE,FALSE,FALSE,FALSE,FALSE,FALSE,FALSE,FALSE,FALSE,FALSE,FALSE,FALSE,FALSE,FALSE,FALSE,-40,-20.08,0,19.75,40.03,FALSE,FALSE,FALSE,FALSE,FALSE,1.15,0.96,1.04,1.04,1.08,FALSE,FALSE,FALSE,FALSE,FALSE,49.1,99.908966,50,80.79399,19.977068,FALSE,FALSE,FALSE,FALSE,FALSE,1.09,FALSE,14,FALSE,25.8,FALSE
2026-02-24 09:15:46,1144,14,107,335,191,122,111,125,211,290,244,306,201,277,254,298,603,670,629,218,282,298,205,211,232,316,367,373,380,298,247,236,322,455,387,600,411,427,386,387,282,469,447,649,497,342,369,540,620,296,272,203,406,298,355,276,252,322,307,134,194,257,239,231,175,355,208,FALSE,FALSE,FALSE,FALSE,FALSE,FALSE,FALSE,FALSE,FALSE,FALSE,FALSE,FALSE,FALSE,FALSE,FALSE,FALSE,FALSE,FALSE,FALSE,FALSE,FALSE,FALSE,FALSE,FALSE,FALSE,FALSE,FALSE,FALSE,FALSE,FALSE,FALSE,FALSE,FALSE,FALSE,FALSE,FALSE,FALSE,FALSE,FALSE,FALSE,FALSE,FALSE,FALSE,FALSE,FALSE,FALSE,FALSE,FALSE,FALSE,FALSE,FALSE,FALSE,FALSE,FALSE,FALSE,FALSE,FALSE,FALSE,FALSE,FALSE,FALSE,FALSE,FALSE,FALSE,FALSE,FALSE,FALSE,2.4999797,5.045203,3.3239887,1.2422682,1.759294,2.5260632,2.7203956,2.901053,3.0503685,3.1078122,2.9200711,2.6740665,2.4397624,2.3361855,2.3105712,2.3173733,2.3162265,2.3755994,2.4068198,0.8551241,1.0009861,1.0165076,1.1108292,1.1709636,1.0291326,0.9005364,0.7802216,0.8574647,0.7610065,0.8093239,0.8535445,0.91372913,0.9416179,1.0094602,1.158691,2.2633562,2.1921687,2.1648288,2.264989,2.2301745,2.2944047,2.2874172,2.2585402,2.285095,2.21138,2.3716156,2.248141,2.4520938,2.4182968,1.9612461,1.9436089,2.035922,2.0692437,2.0389466,2.0397694,1.9923998,2.0256004,2.046421,2.0594356,1.4078064,1.3760437,1.465961,1.3888067,1.4945518,1.4013747,1.5621741,1.4930289,FALSE,FALSE,FALSE,FALSE,FALSE,FALSE,FALSE,FALSE,FALSE,FALSE,FALSE,FALSE,FALSE,FALSE,FALSE,FALSE,FALSE,FALSE,FALSE,FALSE,FALSE,FALSE,FALSE,FALSE,FALSE,FALSE,FALSE,FALSE,FALSE,FALSE,FALSE,FALSE,FALSE,FALSE,FALSE,FALSE,FALSE,FALSE,FALSE,FALSE,FALSE,FALSE,FALSE,FALSE,FALSE,FALSE,FALSE,FALSE,FALSE,FALSE,FALSE,FALSE,FALSE,FALSE,FALSE,FALSE,FALSE,FALSE,FALSE,FALSE,FALSE,FALSE,FALSE,FALSE,FALSE,FALSE,FALSE,-40.12,-20.1,0,19.8,40.18,FALSE,FALSE,FALSE,FALSE,FALSE,1.15,0.96,1.04,1.04,1.08,FALSE,FALSE,FALSE,FALSE,FALSE,49.1,99.908966,50,80.79399,19.996012,FALSE,FALSE,FALSE,FALSE,FALSE,1.09,FALSE,13.62,FALSE,25.4,FALSE
2026-02-23 12:01:27,1144,14,107,335,191,122,111,125,211,290,244,306,201,277,254,298,603,670,629,218,282,298,205,211,232,316,367,373,380,298,247,236,322,455,387,600,411,427,386,387,282,469,447,649,497,342,369,540,620,296,272,203,406,298,355,276,252,322,307,134,194,257,239,231,175,355,208,FALSE,FALSE,FALSE,FALSE,FALSE,FALSE,FALSE,FALSE,FALSE,FALSE,FALSE,FALSE,FALSE,FALSE,FALSE,FALSE,FALSE,FALSE,FALSE,FALSE,FALSE,FALSE,FALSE,FALSE,FALSE,FALSE,FALSE,FALSE,FALSE,FALSE,FALSE,FALSE,FALSE,FALSE,FALSE,FALSE,FALSE,FALSE,FALSE,FALSE,FALSE,FALSE,FALSE,FALSE,FALSE,FALSE,FALSE,FALSE,FALSE,FALSE,FALSE,FALSE,FALSE,FALSE,FALSE,FALSE,FALSE,FALSE,FALSE,FALSE,FALSE,FALSE,FALSE,FALSE,FALSE,FALSE,FALSE,2.7198226,5.0366335,3.39433,1.2525233,2.0760667,2.8667831,3.0613525,3.2247472,3.407242,3.4401715,3.2402203,2.9064045,2.665214,2.5496612,2.4822745,2.4584408,2.4573147,2.5289838,2.5526066,1.0539804,1.2580988,1.2957172,1.4321955,1.5051655,1.352995,1.1809781,0.9048548,0.97699547,0.85517496,0.871359,0.9028903,0.9713457,0.9797141,1.059265,1.170302,2.3184364,2.222236,2.2221415,2.3106382,2.273836,2.339362,2.3559706,2.3251781,2.3565857,2.2592914,2.3714118,2.2888691,2.470565,2.4694514,1.5585668,1.508652,1.6219633,1.6017824,1.579405,1.6422691,1.5467609,1.6177065,1.6447964,1.648738,1.4788489,1.3788905,1.4598695,1.3691632,1.4779987,1.4025196,1.5218583,1.510864,FALSE,FALSE,FALSE,FALSE,FALSE,FALSE,FALSE,FALSE,FALSE,FALSE,FALSE,FALSE,FALSE,FALSE,FALSE,FALSE,FALSE,FALSE,FALSE,FALSE,FALSE,FALSE,FALSE,FALSE,FALSE,FALSE,FALSE,FALSE,FALSE,FALSE,FALSE,FALSE,FALSE,FALSE,FALSE,FALSE,FALSE,FALSE,FALSE,FALSE,FALSE,FALSE,FALSE,FALSE,FALSE,FALSE,FALSE,FALSE,FALSE,FALSE,FALSE,FALSE,FALSE,FALSE,FALSE,FALSE,FALSE,FALSE,FALSE,FALSE,FALSE,FALSE,FALSE,FALSE,FALSE,FALSE,FALSE,-40.15,-20.1,0,19.78,40.08,FALSE,FALSE,FALSE,FALSE,FALSE,1.15,0.96,1.04,1.04,1.09,FALSE,FALSE,FALSE,FALSE,FALSE,49.1,99.908966,50,80.84444,19.97408,FALSE,FALSE,FALSE,FALSE,FALSE,1.09,FALSE,15.23,FALSE,26.4,FALSE
2026-02-23 09:21:19,1144,15,108,342,196,124,113,127,212,289,236,290,202,284,293,379,783,901,859,218,283,297,201,207,226,301,343,355,372,295,282,294,410,601,522,577,388,394,352,363,268,455,457,728,593,419,469,691,803,277,273,207,421,323,431,361,337,446,432,138,222,327,321,319,241,496,299,FALSE,FALSE,FALSE,FALSE,FALSE,FALSE,FALSE,FALSE,FALSE,FALSE,FALSE,FALSE,FALSE,FALSE,FALSE,FALSE,FALSE,FALSE,FALSE,FALSE,FALSE,FALSE,FALSE,FALSE,FALSE,FALSE,FALSE,FALSE,FALSE,FALSE,FALSE,FALSE,FALSE,FALSE,FALSE,FALSE,FALSE,FALSE,FALSE,FALSE,FALSE,FALSE,FALSE,FALSE,FALSE,FALSE,FALSE,FALSE,FALSE,FALSE,FALSE,FALSE,FALSE,FALSE,FALSE,FALSE,FALSE,FALSE,FALSE,FALSE,FALSE,FALSE,FALSE,FALSE,FALSE,FALSE,FALSE,2.2136676,4.986857,3.0103319,1.104837,1.4568635,1.9591225,2.0868971,2.1809044,2.4057007,2.5578086,2.6385555,2.6635427,1.828642,1.8771857,3.5434284,5.257627,5.8812814,6.434634,6.4935975,0.758972,0.877895,0.9739035,1.1032022,1.20576,1.1779016,1.3944999,1.8311607,1.2042933,0.7334563,0.8630907,3.0186636,4.6317215,5.0848975,5.710658,5.7618017,2.2365012,2.2128646,2.4124858,2.514866,2.1480625,2.0789135,2.0156307,2.3004065,3.664669,4.4078407,4.85716,5.1916237,5.617486,5.706082,1.858969,1.4289904,2.009022,2.2324328,3.0025008,4.6450105,5.7515774,6.1344686,6.7265787,6.859234,2.4118571,3.3934135,5.482428,6.462994,6.545716,6.4384155,6.8563914,7.0204077,FALSE,FALSE,FALSE,FALSE,FALSE,FALSE,FALSE,FALSE,FALSE,FALSE,FALSE,FALSE,FALSE,FALSE,FALSE,FALSE,FALSE,TRUE,TRUE,FALSE,FALSE,FALSE,FALSE,FALSE,FALSE,FALSE,FALSE,FALSE,FALSE,FALSE,FALSE,FALSE,FALSE,FALSE,FALSE,FALSE,FALSE,FALSE,FALSE,FALSE,FALSE,FALSE,FALSE,FALSE,FALSE,FALSE,FALSE,FALSE,FALSE,FALSE,FALSE,FALSE,FALSE,FALSE,FALSE,FALSE,TRUE,TRUE,TRUE,FALSE,FALSE,FALSE,TRUE,TRUE,TRUE,TRUE,TRUE,-40.22,-20.15,0,19.75,39.97,FALSE,FALSE,FALSE,FALSE,FALSE,1.15,0.96,1.04,1.04,1.08,FALSE,FALSE,FALSE,FALSE,FALSE,49.1,99.908966,50,80.84444,19.952145,FALSE,FALSE,FALSE,FALSE,FALSE,1.09,FALSE,4.53,FALSE,26,FALSE
2026-02-20 08:34:28,1144,14,107,345,196,126,114,130,220,303,255,314,210,286,262,310,618,689,649,218,284,298,203,211,233,316,366,371,379,296,247,234,317,450,385,595,411,422,385,382,279,471,443,653,495,339,370,537,616,300,276,205,408,298,358,279,253,327,309,133,193,253,236,229,173,350,206,FALSE,FALSE,FALSE,FALSE,FALSE,FALSE,FALSE,FALSE,FALSE,FALSE,FALSE,FALSE,FALSE,FALSE,FALSE,FALSE,FALSE,FALSE,FALSE,FALSE,FALSE,FALSE,FALSE,FALSE,FALSE,FALSE,FALSE,FALSE,FALSE,FALSE,FALSE,FALSE,FALSE,FALSE,FALSE,FALSE,FALSE,FALSE,FALSE,FALSE,FALSE,FALSE,FALSE,FALSE,FALSE,FALSE,FALSE,FALSE,FALSE,FALSE,FALSE,FALSE,FALSE,FALSE,FALSE,FALSE,FALSE,FALSE,FALSE,FALSE,FALSE,FALSE,FALSE,FALSE,FALSE,FALSE,FALSE,2.1495783,4.801227,3.0420566,1.3003224,1.2261621,1.7925212,1.9214346,2.0303004,2.1806915,2.231732,2.0771866,1.906438,1.7189794,1.6763108,1.7007377,1.7267557,1.7347627,1.8901166,1.9012538,0.686,0.7824537,0.827456,0.8716164,0.91601413,0.80098194,0.7107052,0.626288,0.69508314,0.6281652,0.64596146,0.70181745,0.7508909,0.7938169,0.88076496,0.9968564,2.0805025,1.9792781,1.9464662,1.9894117,1.9207739,2.0105145,1.9745178,1.9600388,2.055365,1.9718531,2.1117477,2.0335562,2.191956,2.1748729,2.0322008,2.0110755,2.0792224,2.1032887,2.0562987,2.0596845,2.0235457,2.020944,2.0601354,2.0776076,1.3690903,1.2523416,1.318761,1.2404928,1.3471955,1.2402813,1.3932394,1.3660867,FALSE,FALSE,FALSE,FALSE,FALSE,FALSE,FALSE,FALSE,FALSE,FALSE,FALSE,FALSE,FALSE,FALSE,FALSE,FALSE,FALSE,FALSE,FALSE,FALSE,FALSE,FALSE,FALSE,FALSE,FALSE,FALSE,FALSE,FALSE,FALSE,FALSE,FALSE,FALSE,FALSE,FALSE,FALSE,FALSE,FALSE,FALSE,FALSE,FALSE,FALSE,FALSE,FALSE,FALSE,FALSE,FALSE,FALSE,FALSE,FALSE,FALSE,FALSE,FALSE,FALSE,FALSE,FALSE,FALSE,FALSE,FALSE,FALSE,FALSE,FALSE,FALSE,FALSE,FALSE,FALSE,FALSE,FALSE,-40,-20.08,0,19.72,40.05,FALSE,FALSE,FALSE,FALSE,FALSE,1.14,0.96,1.04,1.04,1.07,FALSE,FALSE,FALSE,FALSE,FALSE,49.1,100,50.038235,80.89489,20.015951,FALSE,FALSE,FALSE,FALSE,FALSE,1.09,FALSE,8.66,FALSE,24.5,FALSE
2026-02-19 08:47:25,1144,14,107,345,196,126,114,130,220,303,255,314,210,286,262,310,618,689,649,218,284,298,203,211,233,316,366,371,379,296,247,234,317,450,385,595,411,422,385,382,279,471,443,653,495,339,370,537,616,300,276,205,408,298,358,279,253,327,309,133,193,253,236,229,173,350,206,FALSE,FALSE,FALSE,FALSE,FALSE,FALSE,FALSE,FALSE,FALSE,FALSE,FALSE,FALSE,FALSE,FALSE,FALSE,FALSE,FALSE,FALSE,FALSE,FALSE,FALSE,FALSE,FALSE,FALSE,FALSE,FALSE,FALSE,FALSE,FALSE,FALSE,FALSE,FALSE,FALSE,FALSE,FALSE,FALSE,FALSE,FALSE,FALSE,FALSE,FALSE,FALSE,FALSE,FALSE,FALSE,FALSE,FALSE,FALSE,FALSE,FALSE,FALSE,FALSE,FALSE,FALSE,FALSE,FALSE,FALSE,FALSE,FALSE,FALSE,FALSE,FALSE,FALSE,FALSE,FALSE,FALSE,FALSE,2.2791245,4.949758,3.1078255,2.0388868,1.1017832,1.194536,1.2558752,1.320625,1.4590544,1.5287933,1.3553164,1.2604654,1.136556,1.1776652,1.1819711,1.2660531,1.3879893,1.5883837,1.6304632,0.734803,0.8365757,0.887584,0.9291531,0.97971827,0.86656773,0.7586967,0.65926063,0.7002751,0.6236115,0.65425277,0.6956161,0.76270556,0.8025513,0.8830216,1.0190572,2.157736,2.0101917,2.0102155,2.0634441,2.0135345,2.0837688,2.0696635,2.0363967,2.1204019,2.0527055,2.1561797,2.0449991,2.2554352,2.196293,1.7289495,1.6595293,1.7584535,1.7623603,1.7431071,1.7648814,1.723676,1.7438745,1.7647303,1.77714,1.3120034,1.2701224,1.3279756,1.2339703,1.3421124,1.2496015,1.3720421,1.3531078,FALSE,FALSE,FALSE,FALSE,FALSE,FALSE,FALSE,FALSE,FALSE,FALSE,FALSE,FALSE,FALSE,FALSE,FALSE,FALSE,FALSE,FALSE,FALSE,FALSE,FALSE,FALSE,FALSE,FALSE,FALSE,FALSE,FALSE,FALSE,FALSE,FALSE,FALSE,FALSE,FALSE,FALSE,FALSE,FALSE,FALSE,FALSE,FALSE,FALSE,FALSE,FALSE,FALSE,FALSE,FALSE,FALSE,FALSE,FALSE,FALSE,FALSE,FALSE,FALSE,FALSE,FALSE,FALSE,FALSE,FALSE,FALSE,FALSE,FALSE,FALSE,FALSE,FALSE,FALSE,FALSE,FALSE,FALSE,-40.1,-20.1,0,19.78,40.15,FALSE,FALSE,FALSE,FALSE,FALSE,1.15,0.96,1.04,1.04,1.07,FALSE,FALSE,FALSE,FALSE,FALSE,49.1,99.908966,50,80.84444,20.00997,FALSE,FALSE,FALSE,FALSE,FALSE,1.09,FALSE,8.91,FALSE,25.4,FALSE
2026-02-18 09:45:56,1144,14,107,346,196,125,114,129,218,304,254,315,208,288,264,309,619,684,648,218,282,298,203,211,231,314,364,367,373,294,246,232,317,447,384,592,409,421,383,384,278,472,442,638,487,339,368,529,612,302,270,203,411,296,353,276,251,321,308,136,194,252,237,229,173,350,205,FALSE,FALSE,FALSE,FALSE,FALSE,FALSE,FALSE,FALSE,FALSE,FALSE,FALSE,FALSE,FALSE,FALSE,FALSE,FALSE,FALSE,FALSE,FALSE,FALSE,FALSE,FALSE,FALSE,FALSE,FALSE,FALSE,FALSE,FALSE,FALSE,FALSE,FALSE,FALSE,FALSE,FALSE,FALSE,FALSE,FALSE,FALSE,FALSE,FALSE,FALSE,FALSE,FALSE,FALSE,FALSE,FALSE,FALSE,FALSE,FALSE,FALSE,FALSE,FALSE,FALSE,FALSE,FALSE,FALSE,FALSE,FALSE,FALSE,FALSE,FALSE,FALSE,FALSE,FALSE,FALSE,FALSE,FALSE,2.2289076,4.905671,3.1114237,1.8665569,1.0557475,1.1858747,1.2459933,1.3055241,1.441793,1.4955516,1.3336838,1.2386258,1.1305095,1.1613055,1.1982481,1.2660412,1.3608943,1.5911274,1.6220798,0.638975,0.7309879,0.7529816,0.7912921,0.837781,0.73659706,0.6627773,0.6175296,0.65226793,0.6070939,0.64317745,0.69314533,0.7350725,0.7818546,0.8857376,1.0201273,2.108502,1.9904965,1.9569917,2.0207243,1.9351637,2.0610156,2.0106788,1.9881659,2.0993943,1.9929466,2.139455,2.029933,2.241507,2.1657548,1.7091439,1.6764107,1.7831677,1.7704974,1.7693732,1.7871028,1.7327573,1.7605653,1.7934895,1.8074621,1.3269145,1.2422138,1.3435048,1.2351112,1.3502443,1.2353487,1.3889897,1.3429189,FALSE,FALSE,FALSE,FALSE,FALSE,FALSE,FALSE,FALSE,FALSE,FALSE,FALSE,FALSE,FALSE,FALSE,FALSE,FALSE,FALSE,FALSE,FALSE,FALSE,FALSE,FALSE,FALSE,FALSE,FALSE,FALSE,FALSE,FALSE,FALSE,FALSE,FALSE,FALSE,FALSE,FALSE,FALSE,FALSE,FALSE,FALSE,FALSE,FALSE,FALSE,FALSE,FALSE,FALSE,FALSE,FALSE,FALSE,FALSE,FALSE,FALSE,FALSE,FALSE,FALSE,FALSE,FALSE,FALSE,FALSE,FALSE,FALSE,FALSE,FALSE,FALSE,FALSE,FALSE,FALSE,FALSE,FALSE,-40,-20.05,0,19.8,40.15,FALSE,FALSE,FALSE,FALSE,FALSE,1.15,0.97,1.04,1.04,1.07,FALSE,FALSE,FALSE,FALSE,FALSE,49.1,99.908966,50,80.79399,20.055832,FALSE,FALSE,FALSE,FALSE,FALSE,1.09,FALSE,7.89,FALSE,25.1,FALSE
2026-02-17 08:37:14,1144,14,106,348,198,127,116,132,220,305,256,319,211,290,272,323,655,728,690,219,281,296,203,211,230,313,363,370,376,296,253,244,333,475,410,589,404,416,377,378,276,466,449,658,508,353,387,561,650,298,275,206,410,302,368,293,268,347,332,131,198,264,249,243,184,374,222,FALSE,FALSE,FALSE,FALSE,FALSE,FALSE,FALSE,FALSE,FALSE,FALSE,FALSE,FALSE,FALSE,FALSE,FALSE,FALSE,FALSE,FALSE,FALSE,FALSE,FALSE,FALSE,FALSE,FALSE,FALSE,FALSE,FALSE,FALSE,FALSE,FALSE,FALSE,FALSE,FALSE,FALSE,FALSE,FALSE,FALSE,FALSE,FALSE,FALSE,FALSE,FALSE,FALSE,FALSE,FALSE,FALSE,FALSE,FALSE,FALSE,FALSE,FALSE,FALSE,FALSE,FALSE,FALSE,FALSE,FALSE,FALSE,FALSE,FALSE,FALSE,FALSE,FALSE,FALSE,FALSE,FALSE,FALSE,2.269409,4.9431844,3.137895,1.9816027,1.0542561,1.2515352,1.3511579,1.4084634,1.4939846,1.5625851,1.5275879,1.6412811,1.2600765,1.2638065,1.8944849,2.6654308,3.0336561,3.3892517,3.5001516,0.6725013,0.7611989,0.7538901,0.8255218,0.91764015,0.8427525,0.9279978,1.124549,1.0654349,0.8920015,0.7177455,1.2250942,2.086814,2.423653,2.6676774,2.8437314,2.3780596,2.3644128,2.510456,2.6474652,2.4959104,2.4463563,2.3374207,2.0071511,2.3359828,2.540708,2.8656597,2.9214625,3.2499988,3.2808368,2.2698016,1.8607631,1.7842803,1.6458654,1.5937543,2.1136851,2.5735064,2.8343775,3.065038,3.1738367,1.3535962,1.6679502,2.5259252,2.9023576,3.1950247,3.123306,3.3029134,3.411331,FALSE,FALSE,FALSE,FALSE,FALSE,FALSE,FALSE,FALSE,FALSE,FALSE,FALSE,FALSE,FALSE,FALSE,FALSE,FALSE,FALSE,FALSE,FALSE,FALSE,FALSE,FALSE,FALSE,FALSE,FALSE,FALSE,FALSE,FALSE,FALSE,FALSE,FALSE,FALSE,FALSE,FALSE,FALSE,FALSE,FALSE,FALSE,FALSE,FALSE,FALSE,FALSE,FALSE,FALSE,FALSE,FALSE,FALSE,FALSE,FALSE,FALSE,FALSE,FALSE,FALSE,FALSE,FALSE,FALSE,FALSE,FALSE,FALSE,FALSE,FALSE,FALSE,FALSE,FALSE,FALSE,FALSE,FALSE,-39.95,-20.03,0,19.77,40.05,FALSE,FALSE,FALSE,FALSE,FALSE,1.15,0.96,1.04,1.05,1.07,FALSE,FALSE,FALSE,FALSE,FALSE,49.1,99.908966,49.958576,80.79399,20.020939,FALSE,FALSE,FALSE,FALSE,FALSE,1.09,FALSE,8.88,FALSE,25.4,FALSE
2026-02-16 08:46:13,1144,14,108,335,189,121,110,125,209,288,242,302,200,274,251,294,589,650,616,219,283,299,203,212,232,314,366,372,378,295,246,233,317,447,384,593,408,422,382,384,278,466,441,633,486,338,369,531,613,300,275,205,407,298,355,278,253,323,309,131,193,253,235,228,172,349,205,FALSE,FALSE,FALSE,FALSE,FALSE,FALSE,FALSE,FALSE,FALSE,FALSE,FALSE,FALSE,FALSE,FALSE,FALSE,FALSE,FALSE,FALSE,FALSE,FALSE,FALSE,FALSE,FALSE,FALSE,FALSE,FALSE,FALSE,FALSE,FALSE,FALSE,FALSE,FALSE,FALSE,FALSE,FALSE,FALSE,FALSE,FALSE,FALSE,FALSE,FALSE,FALSE,FALSE,FALSE,FALSE,FALSE,FALSE,FALSE,FALSE,FALSE,FALSE,FALSE,FALSE,FALSE,FALSE,FALSE,FALSE,FALSE,FALSE,FALSE,FALSE,FALSE,FALSE,FALSE,FALSE,FALSE,FALSE,2.2010977,4.8636684,3.103889,1.2516717,1.6895761,2.2232106,2.3569937,2.4553294,2.6102936,2.6436198,2.5141122,2.3362916,2.1740103,2.1335492,2.1071138,2.1016946,2.0956073,2.204732,2.234559,0.6885655,0.7690969,0.78553164,0.8333205,0.88499224,0.76962125,0.6933556,0.63597155,0.69814897,0.6296901,0.6409846,0.70355797,0.76612204,0.7814796,0.8835667,1.0169249,2.091781,2.0197113,1.9833512,2.038861,1.9539955,2.039455,2.0031857,1.9796305,2.0784638,2.0010195,2.1221375,2.00944,2.2099283,2.1777008,2.0334742,1.9904866,2.0692215,2.066643,2.0273,2.0429573,1.9946245,2.030031,2.0521562,2.0536444,1.3622537,1.2732176,1.3612529,1.2519921,1.3877764,1.2693608,1.4126542,1.3929036,FALSE,FALSE,FALSE,FALSE,FALSE,FALSE,FALSE,FALSE,FALSE,FALSE,FALSE,FALSE,FALSE,FALSE,FALSE,FALSE,FALSE,FALSE,FALSE,FALSE,FALSE,FALSE,FALSE,FALSE,FALSE,FALSE,FALSE,FALSE,FALSE,FALSE,FALSE,FALSE,FALSE,FALSE,FALSE,FALSE,FALSE,FALSE,FALSE,FALSE,FALSE,FALSE,FALSE,FALSE,FALSE,FALSE,FALSE,FALSE,FALSE,FALSE,FALSE,FALSE,FALSE,FALSE,FALSE,FALSE,FALSE,FALSE,FALSE,FALSE,FALSE,FALSE,FALSE,FALSE,FALSE,FALSE,FALSE,-40.03,-20.03,0,19.72,40.08,FALSE,FALSE,FALSE,FALSE,FALSE,1.14,0.96,1.04,1.04,1.07,FALSE,FALSE,FALSE,FALSE,FALSE,49.1,100,50.038235,80.89489,20.061815,FALSE,FALSE,FALSE,FALSE,FALSE,1.09,FALSE,7.93,FALSE,24.4,FALSE
2026-02-13 08:20:04,1144,14,106,342,194,123,112,128,215,295,249,308,206,280,265,311,634,700,665,217,282,296,203,210,231,313,361,373,378,297,254,245,334,476,410,592,403,423,377,382,278,462,449,665,510,351,384,560,644,299,279,208,412,307,372,292,268,344,330,128,194,262,247,238,182,368,219,FALSE,FALSE,FALSE,FALSE,FALSE,FALSE,FALSE,FALSE,FALSE,FALSE,FALSE,FALSE,FALSE,FALSE,FALSE,FALSE,FALSE,FALSE,FALSE,FALSE,FALSE,FALSE,FALSE,FALSE,FALSE,FALSE,FALSE,FALSE,FALSE,FALSE,FALSE,FALSE,FALSE,FALSE,FALSE,FALSE,FALSE,FALSE,FALSE,FALSE,FALSE,FALSE,FALSE,FALSE,FALSE,FALSE,FALSE,FALSE,FALSE,FALSE,FALSE,FALSE,FALSE,FALSE,FALSE,FALSE,FALSE,FALSE,FALSE,FALSE,FALSE,FALSE,FALSE,FALSE,FALSE,FALSE,FALSE,2.191824,4.8801413,3.0119152,1.1342673,1.4689822,2.0614896,2.2071807,2.3046427,2.4621449,2.4972875,2.2789798,2.0754447,1.9392846,1.9553974,2.0681372,2.2921643,2.4845238,2.688346,2.730847,0.6232032,0.7135028,0.7210888,0.7664171,0.8276595,0.74470943,0.7368042,0.8080383,0.8029466,0.7123233,0.69961953,0.7899381,1.1979139,1.4398232,1.6270572,1.7841343,2.1787243,2.092363,2.0967326,2.1523223,2.0874295,2.1487436,2.0844617,1.9529207,2.1122725,2.1398149,2.3838558,2.3706095,2.5645251,2.6050622,1.8121282,1.7215011,1.7707556,1.6965545,1.6010845,1.7836449,1.8785294,2.1008143,2.1861064,2.2496655,1.3807609,1.2879995,1.6217272,1.7263016,1.9859318,1.9206033,2.0627356,2.1145322,FALSE,FALSE,FALSE,FALSE,FALSE,FALSE,FALSE,FALSE,FALSE,FALSE,FALSE,FALSE,FALSE,FALSE,FALSE,FALSE,FALSE,FALSE,FALSE,FALSE,FALSE,FALSE,FALSE,FALSE,FALSE,FALSE,FALSE,FALSE,FALSE,FALSE,FALSE,FALSE,FALSE,FALSE,FALSE,FALSE,FALSE,FALSE,FALSE,FALSE,FALSE,FALSE,FALSE,FALSE,FALSE,FALSE,FALSE,FALSE,FALSE,FALSE,FALSE,FALSE,FALSE,FALSE,FALSE,FALSE,FALSE,FALSE,FALSE,FALSE,FALSE,FALSE,FALSE,FALSE,FALSE,FALSE,FALSE,-40,-20.05,0,19.78,40.05,FALSE,FALSE,FALSE,FALSE,FALSE,1.15,0.96,1.04,1.04,1.07,FALSE,FALSE,FALSE,FALSE,FALSE,49.1,99.908966,50,80.84444,20.01296,FALSE,FALSE,FALSE,FALSE,FALSE,1.09,FALSE,7.85,FALSE,25.4,FALSE
2026-02-12 08:35:56,1144,14,108,343,196,126,114,129,216,294,243,294,203,286,294,382,793,899,863,218,281,294,202,206,225,301,342,355,367,295,278,289,406,593,516,577,392,397,354,359,265,456,458,719,583,414,462,685,793,281,270,204,421,323,427,357,334,441,427,141,222,322,317,315,237,490,294,FALSE,FALSE,FALSE,FALSE,FALSE,FALSE,FALSE,FALSE,FALSE,FALSE,FALSE,FALSE,FALSE,FALSE,FALSE,FALSE,FALSE,FALSE,FALSE,FALSE,FALSE,FALSE,FALSE,FALSE,FALSE,FALSE,FALSE,FALSE,FALSE,FALSE,FALSE,FALSE,FALSE,FALSE,FALSE,FALSE,FALSE,FALSE,FALSE,FALSE,FALSE,FALSE,FALSE,FALSE,FALSE,FALSE,FALSE,FALSE,FALSE,FALSE,FALSE,FALSE,FALSE,FALSE,FALSE,FALSE,FALSE,FALSE,FALSE,FALSE,FALSE,FALSE,FALSE,FALSE,FALSE,FALSE,FALSE,2.2163665,4.869758,3.0573726,1.2262118,1.1341786,1.7101895,1.8488175,1.9815348,2.1995575,2.294414,2.2229578,2.1579185,1.6887443,1.7442739,2.8936956,4.1631536,4.6342893,5.202669,5.250972,0.75120986,0.86367,0.9185382,0.9933928,1.0687027,1.028292,1.1781273,1.5221908,1.0213999,0.66380364,0.83842456,2.4521437,3.7218928,4.1057396,4.5669785,4.6198215,2.1123302,2.0561247,2.1455348,2.2459443,2.0140471,2.0101686,1.9934589,2.1770864,3.118667,3.736137,4.058927,4.3004827,4.69606,4.752616,1.8114028,1.6600049,1.9391216,2.1504261,2.670807,3.931194,4.823583,5.088749,5.5015554,5.6456256,2.2668128,2.9641855,4.636556,5.413367,5.478982,5.3748465,5.7201033,5.8906016,FALSE,FALSE,FALSE,FALSE,FALSE,FALSE,FALSE,FALSE,FALSE,FALSE,FALSE,FALSE,FALSE,FALSE,FALSE,FALSE,FALSE,FALSE,FALSE,FALSE,FALSE,FALSE,FALSE,FALSE,FALSE,FALSE,FALSE,FALSE,FALSE,FALSE,FALSE,FALSE,FALSE,FALSE,FALSE,FALSE,FALSE,FALSE,FALSE,FALSE,FALSE,FALSE,FALSE,FALSE,FALSE,FALSE,FALSE,FALSE,FALSE,FALSE,FALSE,FALSE,FALSE,FALSE,FALSE,FALSE,FALSE,FALSE,FALSE,FALSE,FALSE,FALSE,FALSE,FALSE,FALSE,FALSE,FALSE,-40.1,-20.1,0,19.85,40.15,FALSE,FALSE,FALSE,FALSE,FALSE,1.15,0.96,1.04,1.04,1.07,FALSE,FALSE,FALSE,FALSE,FALSE,49.1,99.908966,50,80.84444,20.01296,FALSE,FALSE,FALSE,FALSE,FALSE,1.09,FALSE,9.19,FALSE,25.6,FALSE
2026-02-11 08:58:33,1144,14,107,345,196,125,114,129,218,303,254,316,208,284,264,309,631,692,658,217,283,299,205,211,232,316,365,373,379,296,247,236,321,455,391,601,408,424,382,383,280,471,447,654,493,339,371,539,623,295,267,200,402,296,353,279,252,323,307,133,195,258,239,232,175,356,209,FALSE,FALSE,FALSE,FALSE,FALSE,FALSE,FALSE,FALSE,FALSE,FALSE,FALSE,FALSE,FALSE,FALSE,FALSE,FALSE,FALSE,FALSE,FALSE,FALSE,FALSE,FALSE,FALSE,FALSE,FALSE,FALSE,FALSE,FALSE,FALSE,FALSE,FALSE,FALSE,FALSE,FALSE,FALSE,FALSE,FALSE,FALSE,FALSE,FALSE,FALSE,FALSE,FALSE,FALSE,FALSE,FALSE,FALSE,FALSE,FALSE,FALSE,FALSE,FALSE,FALSE,FALSE,FALSE,FALSE,FALSE,FALSE,FALSE,FALSE,FALSE,FALSE,FALSE,FALSE,FALSE,FALSE,FALSE,2.2576737,4.8932996,3.1057951,1.1169317,1.4686577,2.0621688,2.2141693,2.3436854,2.4855716,2.5338945,2.3664541,2.177037,1.9672096,1.9194627,1.8965725,1.923565,1.9498265,2.0785184,2.1179543,0.76428634,0.89114535,0.9563244,1.0128789,1.066719,0.93071973,0.7948869,0.67842513,0.726774,0.6623557,0.6517167,0.7359493,0.7810545,0.81007236,0.91320944,1.0758417,2.1516652,2.053395,1.9917226,2.0768046,2.0213907,2.1120944,2.0961444,2.0712862,2.1589985,2.0651176,2.2343738,2.0940495,2.311907,2.2620716,1.7857481,1.7420461,1.8429339,1.8448396,1.8228723,1.8325988,1.780892,1.8375037,1.8580105,1.8801104,1.3713676,1.288729,1.3625718,1.2692541,1.38491,1.2767258,1.4291773,1.448864,FALSE,FALSE,FALSE,FALSE,FALSE,FALSE,FALSE,FALSE,FALSE,FALSE,FALSE,FALSE,FALSE,FALSE,FALSE,FALSE,FALSE,FALSE,FALSE,FALSE,FALSE,FALSE,FALSE,FALSE,FALSE,FALSE,FALSE,FALSE,FALSE,FALSE,FALSE,FALSE,FALSE,FALSE,FALSE,FALSE,FALSE,FALSE,FALSE,FALSE,FALSE,FALSE,FALSE,FALSE,FALSE,FALSE,FALSE,FALSE,FALSE,FALSE,FALSE,FALSE,FALSE,FALSE,FALSE,FALSE,FALSE,FALSE,FALSE,FALSE,FALSE,FALSE,FALSE,FALSE,FALSE,FALSE,FALSE,-40.12,-20.08,0,19.78,40.1,FALSE,FALSE,FALSE,FALSE,FALSE,1.15,0.96,1.04,1.04,1.08,FALSE,FALSE,FALSE,FALSE,FALSE,49.1,99.908966,50,80.84444,19.989033,FALSE,FALSE,FALSE,FALSE,FALSE,1.08,FALSE,9.43,FALSE,26,FALSE
2026-02-09 09:21:22,1144,14,107,345,196,125,114,129,218,303,254,316,208,284,264,309,631,692,658,217,283,299,205,211,232,316,365,373,379,296,247,236,321,455,391,601,408,424,382,383,280,471,447,654,493,339,371,539,623,295,267,200,402,296,353,279,252,323,307,133,195,258,239,232,175,356,209,FALSE,FALSE,FALSE,FALSE,FALSE,FALSE,FALSE,FALSE,FALSE,FALSE,FALSE,FALSE,FALSE,FALSE,FALSE,FALSE,FALSE,FALSE,FALSE,FALSE,FALSE,FALSE,FALSE,FALSE,FALSE,FALSE,FALSE,FALSE,FALSE,FALSE,FALSE,FALSE,FALSE,FALSE,FALSE,FALSE,FALSE,FALSE,FALSE,FALSE,FALSE,FALSE,FALSE,FALSE,FALSE,FALSE,FALSE,FALSE,FALSE,FALSE,FALSE,FALSE,FALSE,FALSE,FALSE,FALSE,FALSE,FALSE,FALSE,FALSE,FALSE,FALSE,FALSE,FALSE,FALSE,FALSE,FALSE,2.2281249,4.9100194,3.1101313,1.1560298,1.5143596,2.1603606,2.306933,2.4324505,2.597761,2.621034,2.4444206,2.2200072,2.040481,1.9841535,1.9627504,1.9710777,2.0461206,2.1554182,2.1442556,0.71524733,0.83847994,0.87759507,0.94954985,0.99449754,0.86665833,0.7451994,0.6518418,0.7055387,0.6341584,0.6766722,0.73506385,0.7891614,0.81344694,0.88798285,1.0258934,2.1792622,2.0909731,2.0309753,2.1009524,2.036448,2.1435792,2.1003416,2.0954626,2.191356,2.085585,2.2016487,2.1142168,2.2865498,2.264768,1.8590107,1.81949,1.9148837,1.924377,1.909011,1.9132982,1.8526266,1.9113419,1.9552404,1.939748,1.3512238,1.3106885,1.3829167,1.2976272,1.4137819,1.3047647,1.433603,1.4042503,FALSE,FALSE,FALSE,FALSE,FALSE,FALSE,FALSE,FALSE,FALSE,FALSE,FALSE,FALSE,FALSE,FALSE,FALSE,FALSE,FALSE,FALSE,FALSE,FALSE,FALSE,FALSE,FALSE,FALSE,FALSE,FALSE,FALSE,FALSE,FALSE,FALSE,FALSE,FALSE,FALSE,FALSE,FALSE,FALSE,FALSE,FALSE,FALSE,FALSE,FALSE,FALSE,FALSE,FALSE,FALSE,FALSE,FALSE,FALSE,FALSE,FALSE,FALSE,FALSE,FALSE,FALSE,FALSE,FALSE,FALSE,FALSE,FALSE,FALSE,FALSE,FALSE,FALSE,FALSE,FALSE,FALSE,FALSE,-40.32,-20.18,0,19.9,40.3,FALSE,FALSE,FALSE,FALSE,FALSE,1.15,0.96,1.04,1.04,1.07,FALSE,FALSE,FALSE,FALSE,FALSE,49.1,99.908966,50,80.84444,20.00997,FALSE,FALSE,FALSE,FALSE,FALSE,1.08,FALSE,10.81,FALSE,25.9,FALSE
2026-02-06 15:01:51,1144,14,107,345,196,125,114,129,218,303,254,316,208,284,264,309,631,692,658,217,283,299,205,211,232,316,365,373,379,296,247,236,321,455,391,601,408,424,382,383,280,471,447,654,493,339,371,539,623,295,267,200,402,296,353,279,252,323,307,133,195,258,239,232,175,356,209,FALSE,FALSE,FALSE,FALSE,FALSE,FALSE,FALSE,FALSE,FALSE,FALSE,FALSE,FALSE,FALSE,FALSE,FALSE,FALSE,FALSE,FALSE,FALSE,FALSE,FALSE,FALSE,FALSE,FALSE,FALSE,FALSE,FALSE,FALSE,FALSE,FALSE,FALSE,FALSE,FALSE,FALSE,FALSE,FALSE,FALSE,FALSE,FALSE,FALSE,FALSE,FALSE,FALSE,FALSE,FALSE,FALSE,FALSE,FALSE,FALSE,FALSE,FALSE,FALSE,FALSE,FALSE,FALSE,FALSE,FALSE,FALSE,FALSE,FALSE,FALSE,FALSE,FALSE,FALSE,FALSE,FALSE,FALSE,2.2990122,4.935463,3.0687935,1.8084732,1.067711,1.2441697,1.3121004,1.3881648,1.5247127,1.5868455,1.4358329,1.3351026,1.1888088,1.205786,1.2532982,1.3491967,1.4868419,1.7179528,1.7717513,0.81708866,0.9626794,1.0195922,1.0795153,1.1228825,1.0061203,0.87721485,0.7591402,0.7699979,0.66831946,0.6777962,0.7343292,0.80192006,0.8443812,0.9619205,1.1129599,2.1361942,2.0881581,2.0153017,2.0797045,2.0207546,2.0881433,2.080274,2.0382118,2.2032702,2.1441126,2.2896514,2.2280145,2.4071374,2.4625065,1.4142226,1.3873626,1.5010741,1.4532313,1.470581,1.5911447,1.5393748,1.6218029,1.6885631,1.7377331,1.3921137,1.312827,1.4539821,1.3888303,1.5222726,1.4122795,1.55925,1.6284881,FALSE,FALSE,FALSE,FALSE,FALSE,FALSE,FALSE,FALSE,FALSE,FALSE,FALSE,FALSE,FALSE,FALSE,FALSE,FALSE,FALSE,FALSE,FALSE,FALSE,FALSE,FALSE,FALSE,FALSE,FALSE,FALSE,FALSE,FALSE,FALSE,FALSE,FALSE,FALSE,FALSE,FALSE,FALSE,FALSE,FALSE,FALSE,FALSE,FALSE,FALSE,FALSE,FALSE,FALSE,FALSE,FALSE,FALSE,FALSE,FALSE,FALSE,FALSE,FALSE,FALSE,FALSE,FALSE,FALSE,FALSE,FALSE,FALSE,FALSE,FALSE,FALSE,FALSE,FALSE,FALSE,FALSE,FALSE,-40.12,-20.08,0,19.8,40.12,FALSE,FALSE,FALSE,FALSE,FALSE,1.15,0.96,1.04,1.04,1.07,FALSE,FALSE,FALSE,FALSE,FALSE,49.1,99.908966,50,80.84444,20.04985,FALSE,FALSE,FALSE,FALSE,FALSE,1.08,FALSE,9.51,FALSE,26.2,FALSE
2026-02-06 10:35:11,1144,14,107,344,196,126,114,130,219,299,249,304,205,285,276,345,704,796,760,216,281,296,202,209,229,305,352,356,369,293,261,261,361,522,454,588,397,408,367,366,268,458,450,687,539,381,418,615,713,282,263,200,402,307,387,313,291,380,366,135,205,284,277,272,205,421,252,FALSE,FALSE,FALSE,FALSE,FALSE,FALSE,FALSE,FALSE,FALSE,FALSE,FALSE,FALSE,FALSE,FALSE,FALSE,FALSE,FALSE,FALSE,FALSE,FALSE,FALSE,FALSE,FALSE,FALSE,FALSE,FALSE,FALSE,FALSE,FALSE,FALSE,FALSE,FALSE,FALSE,FALSE,FALSE,FALSE,FALSE,FALSE,FALSE,FALSE,FALSE,FALSE,FALSE,FALSE,FALSE,FALSE,FALSE,FALSE,FALSE,FALSE,FALSE,FALSE,FALSE,FALSE,FALSE,FALSE,FALSE,FALSE,FALSE,FALSE,FALSE,FALSE,FALSE,FALSE,FALSE,FALSE,FALSE,2.6899471,5.0436854,3.4624393,2.096211,1.0614777,1.6328117,1.801895,1.9408667,2.1185193,2.1411152,2.0426314,2.0345461,1.5134349,1.6251929,2.902154,4.2424874,4.854176,5.286883,5.3167033,1.039981,1.2014627,1.2134509,1.3228049,1.4564998,1.3652713,1.4557608,1.741365,1.4436762,1.0063437,0.8189273,2.3165648,3.6818433,4.067826,4.576298,4.6464014,2.7297816,2.8422728,3.0584412,3.288969,3.021634,2.831174,2.6778853,2.209077,2.8979475,3.5512805,3.9177566,4.0920095,4.5512853,4.5732265,2.481976,1.5263308,1.6151167,1.7422427,2.150696,3.470093,4.3392673,4.6705117,5.0785213,5.2434726,1.6778028,2.3980477,4.093193,4.9101768,5.107959,4.9950776,5.317379,5.538166,FALSE,FALSE,FALSE,FALSE,FALSE,FALSE,FALSE,FALSE,FALSE,FALSE,FALSE,FALSE,FALSE,FALSE,FALSE,FALSE,FALSE,FALSE,FALSE,FALSE,FALSE,FALSE,FALSE,FALSE,FALSE,FALSE,FALSE,FALSE,FALSE,FALSE,FALSE,FALSE,FALSE,FALSE,FALSE,FALSE,FALSE,FALSE,FALSE,FALSE,FALSE,FALSE,FALSE,FALSE,FALSE,FALSE,FALSE,FALSE,FALSE,FALSE,FALSE,FALSE,FALSE,FALSE,FALSE,FALSE,FALSE,FALSE,FALSE,FALSE,FALSE,FALSE,FALSE,FALSE,FALSE,FALSE,FALSE,-40.15,-20.08,0,19.9,40.35,FALSE,FALSE,FALSE,FALSE,FALSE,1.15,0.96,1.04,1.04,1.07,FALSE,FALSE,FALSE,FALSE,FALSE,49.1,99.908966,50,80.84444,19.977068,FALSE,FALSE,FALSE,FALSE,FALSE,1.08,FALSE,14.46,FALSE,25.5,FALSE
2026-02-05 14:54:20,1144,14,106,346,196,125,114,129,218,300,254,313,208,284,263,312,623,698,661,218,283,295,203,210,231,312,362,371,378,295,249,236,321,456,392,594,406,419,379,380,278,465,441,643,492,342,373,542,623,299,275,204,405,300,359,281,256,331,315,128,194,254,238,231,175,356,211,FALSE,FALSE,FALSE,FALSE,FALSE,FALSE,FALSE,FALSE,FALSE,FALSE,FALSE,FALSE,FALSE,FALSE,FALSE,FALSE,FALSE,FALSE,FALSE,FALSE,FALSE,FALSE,FALSE,FALSE,FALSE,FALSE,FALSE,FALSE,FALSE,FALSE,FALSE,FALSE,FALSE,FALSE,FALSE,FALSE,FALSE,FALSE,FALSE,FALSE,FALSE,FALSE,FALSE,FALSE,FALSE,FALSE,FALSE,FALSE,FALSE,FALSE,FALSE,FALSE,FALSE,FALSE,FALSE,FALSE,FALSE,FALSE,FALSE,FALSE,FALSE,FALSE,FALSE,FALSE,FALSE,FALSE,FALSE,2.274962,4.8953657,3.0695903,1.1196382,1.4840561,2.121491,2.2911763,2.4221027,2.5929236,2.6260533,2.4455698,2.2302525,2.0126643,1.931518,1.9644251,1.9935513,2.044541,2.145008,2.1759782,0.7280834,0.8549611,0.93032104,0.9771158,1.0242652,0.9058088,0.7866588,0.6700076,0.7304213,0.657726,0.6813842,0.7345134,0.80611044,0.8334519,0.9424716,1.1138105,2.1759315,2.0577621,2.0379686,2.1126955,2.0541527,2.1506128,2.1208847,2.089237,2.1942644,2.1022413,2.234431,2.1639147,2.3601081,2.3145905,1.5041296,1.477733,1.5768597,1.5141412,1.502832,1.6233047,1.5558484,1.6040696,1.6849691,1.6714072,1.4149276,1.2749138,1.3734603,1.2926657,1.4132545,1.3176333,1.4464457,1.4541663,FALSE,FALSE,FALSE,FALSE,FALSE,FALSE,FALSE,FALSE,FALSE,FALSE,FALSE,FALSE,FALSE,FALSE,FALSE,FALSE,FALSE,FALSE,FALSE,FALSE,FALSE,FALSE,FALSE,FALSE,FALSE,FALSE,FALSE,FALSE,FALSE,FALSE,FALSE,FALSE,FALSE,FALSE,FALSE,FALSE,FALSE,FALSE,FALSE,FALSE,FALSE,FALSE,FALSE,FALSE,FALSE,FALSE,FALSE,FALSE,FALSE,FALSE,FALSE,FALSE,FALSE,FALSE,FALSE,FALSE,FALSE,FALSE,FALSE,FALSE,FALSE,FALSE,FALSE,FALSE,FALSE,FALSE,FALSE,-40.08,-20.03,0,19.83,40.15,FALSE,FALSE,FALSE,FALSE,FALSE,1.15,0.96,1.04,1.04,1.08,FALSE,FALSE,FALSE,FALSE,FALSE,49.1,99.908966,50,80.84444,19.919243,FALSE,FALSE,FALSE,FALSE,FALSE,1.08,FALSE,9.2,FALSE,26.2,FALSE
2026-02-05 09:12:55,1144,14,106,346,196,125,114,129,218,300,254,313,208,284,263,312,623,698,661,218,283,295,203,210,231,312,362,371,378,295,249,236,321,456,392,594,406,419,379,380,278,465,441,643,492,342,373,542,623,299,275,204,405,300,359,281,256,331,315,128,194,254,238,231,175,356,211,FALSE,FALSE,FALSE,FALSE,FALSE,FALSE,FALSE,FALSE,FALSE,FALSE,FALSE,FALSE,FALSE,FALSE,FALSE,FALSE,FALSE,FALSE,FALSE,FALSE,FALSE,FALSE,FALSE,FALSE,FALSE,FALSE,FALSE,FALSE,FALSE,FALSE,FALSE,FALSE,FALSE,FALSE,FALSE,FALSE,FALSE,FALSE,FALSE,FALSE,FALSE,FALSE,FALSE,FALSE,FALSE,FALSE,FALSE,FALSE,FALSE,FALSE,FALSE,FALSE,FALSE,FALSE,FALSE,FALSE,FALSE,FALSE,FALSE,FALSE,FALSE,FALSE,FALSE,FALSE,FALSE,FALSE,FALSE,2.2041457,4.856051,3.074671,1.3301336,1.1599773,1.7203268,1.8306364,1.92182,2.0624902,2.1312015,1.9552695,1.8004067,1.6470896,1.6213732,1.6322192,1.6730543,1.7382443,1.8970748,1.9337022,0.6473415,0.7349624,0.78410125,0.80397594,0.8434384,0.7438009,0.6591763,0.6267627,0.699374,0.6268819,0.66971236,0.7445616,0.81769174,0.8626617,0.97062004,1.0759112,2.1199813,2.044893,2.0185997,2.0763876,2.000083,2.11006,2.0622191,2.0352466,2.16683,2.0251307,2.2088616,2.0930474,2.3063846,2.233031,1.7198901,1.7030344,1.8123385,1.7724477,1.7642068,1.8246287,1.782803,1.820599,1.8657154,1.8739303,1.3494102,1.2685978,1.3583091,1.2589521,1.3927649,1.2919197,1.4524527,1.3951066,FALSE,FALSE,FALSE,FALSE,FALSE,FALSE,FALSE,FALSE,FALSE,FALSE,FALSE,FALSE,FALSE,FALSE,FALSE,FALSE,FALSE,FALSE,FALSE,FALSE,FALSE,FALSE,FALSE,FALSE,FALSE,FALSE,FALSE,FALSE,FALSE,FALSE,FALSE,FALSE,FALSE,FALSE,FALSE,FALSE,FALSE,FALSE,FALSE,FALSE,FALSE,FALSE,FALSE,FALSE,FALSE,FALSE,FALSE,FALSE,FALSE,FALSE,FALSE,FALSE,FALSE,FALSE,FALSE,FALSE,FALSE,FALSE,FALSE,FALSE,FALSE,FALSE,FALSE,FALSE,FALSE,FALSE,FALSE,-40.2,-20.1,0,19.83,40.18,FALSE,FALSE,FALSE,FALSE,FALSE,1.15,0.96,1.04,1.04,1.07,FALSE,FALSE,FALSE,FALSE,FALSE,49.1,99.908966,50,80.84444,19.996012,FALSE,FALSE,FALSE,FALSE,FALSE,1.09,FALSE,9.62,FALSE,25.6,FALSE
2026-02-04 08:59:01,1144,14,106,342,192,123,112,127,213,290,245,306,204,277,255,302,609,675,640,217,282,297,203,211,231,312,364,373,381,294,250,236,320,454,390,588,403,417,381,381,277,464,442,641,491,340,371,539,619,300,279,209,411,303,362,283,257,332,315,127,193,254,237,230,174,354,208,FALSE,FALSE,FALSE,FALSE,FALSE,FALSE,FALSE,FALSE,FALSE,FALSE,FALSE,FALSE,FALSE,FALSE,FALSE,FALSE,FALSE,FALSE,FALSE,FALSE,FALSE,FALSE,FALSE,FALSE,FALSE,FALSE,FALSE,FALSE,FALSE,FALSE,FALSE,FALSE,FALSE,FALSE,FALSE,FALSE,FALSE,FALSE,FALSE,FALSE,FALSE,FALSE,FALSE,FALSE,FALSE,FALSE,FALSE,FALSE,FALSE,FALSE,FALSE,FALSE,FALSE,FALSE,FALSE,FALSE,FALSE,FALSE,FALSE,FALSE,FALSE,FALSE,FALSE,FALSE,FALSE,FALSE,FALSE,2.3282716,4.9233427,3.342719,1.1809187,2.0629876,2.8004653,2.983458,3.1298208,3.302925,3.3132925,3.1246462,2.8730507,2.6047416,2.550023,2.5194042,2.4973946,2.4819887,2.5814612,2.5855165,0.713833,0.77009624,0.75686073,0.8086991,0.87075615,0.7600133,0.70083725,0.7090395,0.78980553,0.75933504,0.8401326,0.8550438,0.9306383,0.96324086,1.07657,1.1890886,2.2888508,2.1677732,2.174297,2.2722352,2.2222054,2.3028698,2.2847204,2.2544637,2.2729535,2.2056413,2.3221653,2.2237074,2.4249644,2.361447,2.0238247,2.0024047,2.089376,2.104381,2.0996518,2.0833259,2.0107667,2.047606,2.0924392,2.1104856,1.4871271,1.377988,1.4388291,1.3468263,1.4662925,1.3645205,1.5164527,1.4985809,FALSE,FALSE,FALSE,FALSE,FALSE,FALSE,FALSE,FALSE,FALSE,FALSE,FALSE,FALSE,FALSE,FALSE,FALSE,FALSE,FALSE,FALSE,FALSE,FALSE,FALSE,FALSE,FALSE,FALSE,FALSE,FALSE,FALSE,FALSE,FALSE,FALSE,FALSE,FALSE,FALSE,FALSE,FALSE,FALSE,FALSE,FALSE,FALSE,FALSE,FALSE,FALSE,FALSE,FALSE,FALSE,FALSE,FALSE,FALSE,FALSE,FALSE,FALSE,FALSE,FALSE,FALSE,FALSE,FALSE,FALSE,FALSE,FALSE,FALSE,FALSE,FALSE,FALSE,FALSE,FALSE,FALSE,FALSE,-39.97,-20,0,19.83,40.1,FALSE,FALSE,FALSE,FALSE,FALSE,1.15,0.96,1.04,1.04,1.07,FALSE,FALSE,FALSE,FALSE,FALSE,49.1,99.908966,50,80.84444,19.986042,FALSE,FALSE,FALSE,FALSE,FALSE,1.09,FALSE,11.16,FALSE,25,FALSE
2026-02-03 14:16:47,1144,14,107,337,191,122,111,125,212,293,246,307,203,278,257,300,600,667,632,218,281,298,202,210,231,313,365,372,378,300,248,235,318,451,386,594,408,423,384,385,278,472,444,643,486,340,369,533,617,299,273,204,410,297,357,277,253,326,309,135,196,253,237,230,173,353,206,FALSE,FALSE,FALSE,FALSE,FALSE,FALSE,FALSE,FALSE,FALSE,FALSE,FALSE,FALSE,FALSE,FALSE,FALSE,FALSE,FALSE,FALSE,FALSE,FALSE,FALSE,FALSE,FALSE,FALSE,FALSE,FALSE,FALSE,FALSE,FALSE,FALSE,FALSE,FALSE,FALSE,FALSE,FALSE,FALSE,FALSE,FALSE,FALSE,FALSE,FALSE,FALSE,FALSE,FALSE,FALSE,FALSE,FALSE,FALSE,FALSE,FALSE,FALSE,FALSE,FALSE,FALSE,FALSE,FALSE,FALSE,FALSE,FALSE,FALSE,FALSE,FALSE,FALSE,FALSE,FALSE,FALSE,FALSE,2.3413415,4.9626293,3.2237508,1.2292424,2.0243237,2.6872132,2.8746188,2.9890234,3.1432986,3.169639,3.0031645,2.7666664,2.536211,2.4631038,2.4235601,2.4186401,2.44373,2.5291579,2.5187182,0.7226258,0.83509225,0.86136657,0.9312007,0.9859039,0.8564012,0.7526831,0.67277217,0.7317558,0.667853,0.7399341,0.77121794,0.80899715,0.85321677,0.94749814,1.0702125,2.2426038,2.1460066,2.1057286,2.2026038,2.1655223,2.2222004,2.2286081,2.1848626,2.2545874,2.170481,2.2684267,2.1805444,2.3684149,2.3363917,1.9696332,1.9437124,2.0488193,2.0562327,2.0358877,2.0035954,1.9484835,1.9949195,2.011581,2.0347567,1.3888813,1.3234968,1.3984891,1.3022109,1.4078463,1.312053,1.4445856,1.4243153,FALSE,FALSE,FALSE,FALSE,FALSE,FALSE,FALSE,FALSE,FALSE,FALSE,FALSE,FALSE,FALSE,FALSE,FALSE,FALSE,FALSE,FALSE,FALSE,FALSE,FALSE,FALSE,FALSE,FALSE,FALSE,FALSE,FALSE,FALSE,FALSE,FALSE,FALSE,FALSE,FALSE,FALSE,FALSE,FALSE,FALSE,FALSE,FALSE,FALSE,FALSE,FALSE,FALSE,FALSE,FALSE,FALSE,FALSE,FALSE,FALSE,FALSE,FALSE,FALSE,FALSE,FALSE,FALSE,FALSE,FALSE,FALSE,FALSE,FALSE,FALSE,FALSE,FALSE,FALSE,FALSE,FALSE,FALSE,-40.3,-20.15,0,19.9,40.27,FALSE,FALSE,FALSE,FALSE,FALSE,1.15,0.96,1.04,1.04,1.08,FALSE,FALSE,FALSE,FALSE,FALSE,49.1,99.908966,50,80.84444,20.037888,FALSE,FALSE,FALSE,FALSE,FALSE,1.08,FALSE,10.96,FALSE,26.4,FALSE
2026-01-16 09:54:04,1144,14,105,345,195,125,114,130,219,302,254,318,210,287,269,315,628,706,666,217,280,293,203,209,230,312,364,368,378,295,249,235,321,455,391,585,403,423,383,382,278,465,449,653,489,342,374,543,626,299,275,205,408,302,363,282,257,331,315,130,195,257,240,232,175,355,209,FALSE,FALSE,FALSE,FALSE,FALSE,FALSE,FALSE,FALSE,FALSE,FALSE,FALSE,FALSE,FALSE,FALSE,FALSE,FALSE,FALSE,FALSE,FALSE,FALSE,FALSE,FALSE,FALSE,FALSE,FALSE,FALSE,FALSE,FALSE,FALSE,FALSE,FALSE,FALSE,FALSE,FALSE,FALSE,FALSE,FALSE,FALSE,FALSE,FALSE,FALSE,FALSE,FALSE,FALSE,FALSE,FALSE,FALSE,FALSE,FALSE,FALSE,FALSE,FALSE,FALSE,FALSE,FALSE,FALSE,FALSE,FALSE,FALSE,FALSE,FALSE,FALSE,FALSE,FALSE,FALSE,FALSE,FALSE,2.292316,4.9057145,3.131216,2.0018728,1.0595665,1.3854895,1.5136409,1.6010555,1.759448,1.819392,1.6312158,1.4677365,1.2828866,1.2870208,1.3169589,1.3511257,1.4356954,1.6662923,1.654068,0.6544295,0.72420835,0.7743437,0.8068018,0.8699188,0.7511457,0.6569597,0.65868825,0.7370597,0.70990324,0.7960851,0.8399247,0.88660455,0.93356466,1.030229,1.1315628,2.2163465,2.102618,2.050967,2.1695685,2.1036332,2.1759562,2.1630785,2.152125,2.2055233,2.1276906,2.2273366,2.1408157,2.3112168,2.306282,1.7258266,1.7073663,1.8156346,1.8157961,1.8149879,1.829552,1.7657416,1.8112315,1.8633269,1.898056,1.374643,1.2938149,1.3533504,1.2578118,1.3598031,1.2800066,1.407812,1.4190887,FALSE,FALSE,FALSE,FALSE,FALSE,FALSE,FALSE,FALSE,FALSE,FALSE,FALSE,FALSE,FALSE,FALSE,FALSE,FALSE,FALSE,FALSE,FALSE,FALSE,FALSE,FALSE,FALSE,FALSE,FALSE,FALSE,FALSE,FALSE,FALSE,FALSE,FALSE,FALSE,FALSE,FALSE,FALSE,FALSE,FALSE,FALSE,FALSE,FALSE,FALSE,FALSE,FALSE,FALSE,FALSE,FALSE,FALSE,FALSE,FALSE,FALSE,FALSE,FALSE,FALSE,FALSE,FALSE,FALSE,FALSE,FALSE,FALSE,FALSE,FALSE,FALSE,FALSE,FALSE,FALSE,FALSE,FALSE,-40.05,-20,0,19.88,40.27,FALSE,FALSE,FALSE,FALSE,FALSE,1.15,0.96,1.04,1.04,1.06,FALSE,FALSE,FALSE,FALSE,FALSE,49.1,99.908966,50,80.84444,20.041874,FALSE,FALSE,FALSE,FALSE,FALSE,1.08,FALSE,11.85,FALSE,25.9,FALSE
2026-01-14 11:18:41,1144,14,105,345,195,125,114,130,219,302,254,318,210,287,269,315,628,706,666,217,280,293,203,209,230,312,364,368,378,295,249,235,321,455,391,585,403,423,383,382,278,465,449,653,489,342,374,543,626,299,275,205,408,302,363,282,257,331,315,130,195,257,240,232,175,355,209,FALSE,FALSE,FALSE,FALSE,FALSE,FALSE,FALSE,FALSE,FALSE,FALSE,FALSE,FALSE,FALSE,FALSE,FALSE,FALSE,FALSE,FALSE,FALSE,FALSE,FALSE,FALSE,FALSE,FALSE,FALSE,FALSE,FALSE,FALSE,FALSE,FALSE,FALSE,FALSE,FALSE,FALSE,FALSE,FALSE,FALSE,FALSE,FALSE,FALSE,FALSE,FALSE,FALSE,FALSE,FALSE,FALSE,FALSE,FALSE,FALSE,FALSE,FALSE,FALSE,FALSE,FALSE,FALSE,FALSE,FALSE,FALSE,FALSE,FALSE,FALSE,FALSE,FALSE,FALSE,FALSE,FALSE,FALSE,2.278826,4.894812,3.1188338,2.206,1.2171994,1.2777756,1.3478118,1.3916254,1.5192513,1.5710669,1.4264983,1.3170929,1.1886274,1.2060826,1.2168703,1.3090291,1.4382088,1.6341735,1.7272612,0.6207889,0.68729305,0.70916027,0.7461832,0.8012051,0.686996,0.6208745,0.65124744,0.7407115,0.71136075,0.804325,0.87038773,0.912761,0.97419107,1.0850722,1.2093071,2.1819592,2.0762835,2.0616229,2.1168985,2.08598,2.1684933,2.130377,2.1419775,2.1859488,2.1388276,2.2145958,2.1705077,2.3608797,2.3391805,1.5826676,1.5670443,1.6846756,1.6646888,1.6532348,1.7026048,1.6490026,1.7141118,1.767173,1.7823077,1.4039787,1.3135654,1.3636277,1.2860174,1.4279346,1.317874,1.4858228,1.4496405,FALSE,FALSE,FALSE,FALSE,FALSE,FALSE,FALSE,FALSE,FALSE,FALSE,FALSE,FALSE,FALSE,FALSE,FALSE,FALSE,FALSE,FALSE,FALSE,FALSE,FALSE,FALSE,FALSE,FALSE,FALSE,FALSE,FALSE,FALSE,FALSE,FALSE,FALSE,FALSE,FALSE,FALSE,FALSE,FALSE,FALSE,FALSE,FALSE,FALSE,FALSE,FALSE,FALSE,FALSE,FALSE,FALSE,FALSE,FALSE,FALSE,FALSE,FALSE,FALSE,FALSE,FALSE,FALSE,FALSE,FALSE,FALSE,FALSE,FALSE,FALSE,FALSE,FALSE,FALSE,FALSE,FALSE,FALSE,-39.78,-19.88,0,19.78,40.03,FALSE,FALSE,FALSE,FALSE,FALSE,1.15,0.97,1.04,1.04,1.06,FALSE,FALSE,FALSE,FALSE,FALSE,49.1,99.908966,50,80.89489,20.015951,FALSE,FALSE,FALSE,FALSE,FALSE,1.08,FALSE,10.42,FALSE,26.5,FALSE
2026-01-13 14:32:01,1063,17,101,339,197,127,115,132,226,309,253,317,213,282,266,315,622,680,715,230,290,302,205,210,231,317,362,379,387,294,251,237,316,444,419,611,411,420,380,385,282,469,440,647,499,341,370,539,694,300,276,209,406,299,358,282,253,330,338,124,185,245,233,223,168,344,219,FALSE,FALSE,FALSE,FALSE,FALSE,FALSE,FALSE,FALSE,FALSE,FALSE,FALSE,FALSE,FALSE,FALSE,FALSE,FALSE,FALSE,FALSE,FALSE,FALSE,FALSE,FALSE,FALSE,FALSE,FALSE,FALSE,FALSE,FALSE,FALSE,FALSE,FALSE,FALSE,FALSE,FALSE,FALSE,FALSE,FALSE,FALSE,FALSE,FALSE,FALSE,FALSE,FALSE,FALSE,FALSE,FALSE,FALSE,FALSE,FALSE,FALSE,FALSE,FALSE,FALSE,FALSE,FALSE,FALSE,FALSE,FALSE,FALSE,FALSE,FALSE,FALSE,FALSE,FALSE,FALSE,FALSE,FALSE,2.260064,4.743629,2.109321,3.0411682,1.7164859,1.885722,1.9541731,1.9896839,2.0197668,2.0951614,1.9906998,1.9089735,1.7288363,1.7592238,1.811135,1.7871459,1.9087954,2.030986,2.644197,1.4607036,1.4361523,1.5445188,1.6477637,1.6625164,1.5450578,1.4519358,1.470897,1.3497216,1.2356932,1.5755875,1.6406653,1.5143486,1.5263432,1.7160496,2.5465963,1.9591739,1.766344,1.7738557,1.7914861,1.8898284,1.8732572,1.8123839,1.9140462,1.8626524,1.8909296,1.9369689,1.8761158,1.9747672,2.1470313,0.96801335,1.0123072,1.1135619,0.917538,1.1831272,1.0626361,1.1191219,1.1720191,1.0664959,1.4721979,1.4993781,1.6781492,1.389081,1.3992766,1.4185249,1.3181232,1.394281,2.007505,FALSE,FALSE,FALSE,FALSE,FALSE,FALSE,FALSE,FALSE,FALSE,FALSE,FALSE,FALSE,FALSE,FALSE,FALSE,FALSE,FALSE,FALSE,FALSE,FALSE,FALSE,FALSE,FALSE,FALSE,FALSE,FALSE,FALSE,FALSE,FALSE,FALSE,FALSE,FALSE,FALSE,FALSE,FALSE,FALSE,FALSE,FALSE,FALSE,FALSE,FALSE,FALSE,FALSE,FALSE,FALSE,FALSE,FALSE,FALSE,FALSE,FALSE,FALSE,FALSE,FALSE,FALSE,FALSE,FALSE,FALSE,FALSE,FALSE,FALSE,FALSE,FALSE,FALSE,FALSE,FALSE,FALSE,FALSE,-40.05,-20,0,19.95,40.1,FALSE,FALSE,FALSE,FALSE,FALSE,1.15,0.96,1.04,1.04,1.06,FALSE,FALSE,FALSE,FALSE,FALSE,49.1,99.908966,50,80.84444,19.971087,FALSE,FALSE,FALSE,FALSE,FALSE,1.09,FALSE,12.41,FALSE,26.2,FALSE
2026-01-13 14:15:49,1063,15,103,335,197,126,115,132,225,307,255,315,211,283,265,313,620,675,703,230,287,302,206,211,231,315,358,368,377,290,241,230,311,437,403,615,416,428,383,384,279,472,443,646,494,341,368,534,686,297,268,203,406,295,351,276,249,324,332,131,187,246,234,224,168,344,216,FALSE,FALSE,FALSE,FALSE,FALSE,FALSE,FALSE,FALSE,FALSE,FALSE,FALSE,FALSE,FALSE,FALSE,FALSE,FALSE,FALSE,FALSE,FALSE,FALSE,FALSE,FALSE,FALSE,FALSE,FALSE,FALSE,FALSE,FALSE,FALSE,FALSE,FALSE,FALSE,FALSE,FALSE,FALSE,FALSE,FALSE,FALSE,FALSE,FALSE,FALSE,FALSE,FALSE,FALSE,FALSE,FALSE,FALSE,FALSE,FALSE,FALSE,FALSE,FALSE,FALSE,FALSE,FALSE,FALSE,FALSE,FALSE,FALSE,FALSE,FALSE,FALSE,FALSE,FALSE,FALSE,FALSE,FALSE,2.4231932,5.612902,2.184329,3.2537677,1.9632028,1.8671304,1.9146564,1.9093782,1.9384984,1.9585696,1.8997729,1.8505799,1.7639061,1.82462,1.8647648,1.8654,1.9543333,2.1284645,2.702075,1.8694825,1.6914331,1.6553872,1.6386781,1.6466488,1.6635768,1.7668453,2.141339,2.2333193,2.3237054,2.570939,2.5989928,2.4693255,2.5117056,2.598413,3.190802,2.0273483,1.8513838,1.8989347,1.8666992,1.983326,1.9730223,1.8791844,2.0050895,1.9287527,1.9227574,1.9834423,1.9080799,2.0669718,2.143573,1.0282664,1.0801502,1.16286,0.95455366,1.2166955,1.1148936,1.1543188,1.2208295,1.1117518,1.48979,1.6089641,1.7509263,1.4971617,1.5339878,1.5557249,1.4225775,1.4741057,2.0527878,FALSE,FALSE,FALSE,FALSE,FALSE,FALSE,FALSE,FALSE,FALSE,FALSE,FALSE,FALSE,FALSE,FALSE,FALSE,FALSE,FALSE,FALSE,FALSE,FALSE,FALSE,FALSE,FALSE,FALSE,FALSE,FALSE,FALSE,FALSE,FALSE,FALSE,FALSE,FALSE,FALSE,FALSE,FALSE,FALSE,FALSE,FALSE,FALSE,FALSE,FALSE,FALSE,FALSE,FALSE,FALSE,FALSE,FALSE,FALSE,FALSE,FALSE,FALSE,FALSE,FALSE,FALSE,FALSE,FALSE,FALSE,FALSE,FALSE,FALSE,FALSE,FALSE,FALSE,FALSE,FALSE,FALSE,FALSE,-39.9,-20.08,0,19.8,40.22,FALSE,FALSE,FALSE,FALSE,FALSE,1.15,0.96,1.04,1.04,1.06,FALSE,FALSE,FALSE,FALSE,FALSE,49.1,99.908966,50,80.89489,19.978065,FALSE,FALSE,FALSE,FALSE,FALSE,1.09,FALSE,13.14,FALSE,26.5,FALSE
2026-01-12 18:53:54,1063,17,104,359,200,128,115,133,225,309,252,319,214,281,266,313,617,677,728,239,301,316,213,218,238,325,376,386,400,300,254,240,326,458,442,634,428,432,393,400,289,479,452,661,509,347,375,549,724,301,279,211,403,299,356,279,252,329,346,121,183,246,233,224,169,347,226,FALSE,FALSE,FALSE,FALSE,FALSE,FALSE,FALSE,FALSE,FALSE,FALSE,FALSE,FALSE,FALSE,FALSE,FALSE,FALSE,FALSE,FALSE,FALSE,FALSE,FALSE,FALSE,FALSE,FALSE,FALSE,FALSE,FALSE,FALSE,FALSE,FALSE,FALSE,FALSE,FALSE,FALSE,FALSE,FALSE,FALSE,FALSE,FALSE,FALSE,FALSE,FALSE,FALSE,FALSE,FALSE,FALSE,FALSE,FALSE,FALSE,FALSE,FALSE,FALSE,FALSE,FALSE,FALSE,FALSE,FALSE,FALSE,FALSE,FALSE,FALSE,FALSE,FALSE,FALSE,FALSE,FALSE,FALSE,2.7311466,5.3053513,2.148771,3.8238857,1.8697342,1.698278,1.7083719,1.7308818,1.7243519,1.7812276,1.7179208,1.7389996,1.6499718,1.7446773,1.7916912,1.7711319,1.9051052,2.0405061,2.7928228,1.3485926,1.1937194,1.3080313,1.3758184,1.3663846,1.3221048,1.3023567,1.463431,1.3181564,1.2324306,1.6687366,1.6962554,1.5769233,1.5759904,1.7840879,2.7275558,2.109952,1.9366118,1.9262162,1.880606,1.9818721,1.9628091,1.870998,1.9737899,1.8819664,1.9242233,1.972461,1.9070717,2.0445287,2.324707,0.96534455,1.0668546,1.149783,0.947632,1.2154737,1.0754197,1.1210601,1.1908731,1.0746349,1.6566873,1.6318053,1.7336239,1.4080431,1.420743,1.4316357,1.3189828,1.4033837,2.1677458,FALSE,FALSE,FALSE,FALSE,FALSE,FALSE,FALSE,FALSE,FALSE,FALSE,FALSE,FALSE,FALSE,FALSE,FALSE,FALSE,FALSE,FALSE,FALSE,FALSE,FALSE,FALSE,FALSE,FALSE,FALSE,FALSE,FALSE,FALSE,FALSE,FALSE,FALSE,FALSE,FALSE,FALSE,FALSE,FALSE,FALSE,FALSE,FALSE,FALSE,FALSE,FALSE,FALSE,FALSE,FALSE,FALSE,FALSE,FALSE,FALSE,FALSE,FALSE,FALSE,FALSE,FALSE,FALSE,FALSE,FALSE,FALSE,FALSE,FALSE,FALSE,FALSE,FALSE,FALSE,FALSE,FALSE,FALSE,-40,-20.1,0,19.97,40.18,FALSE,FALSE,FALSE,FALSE,FALSE,1.15,0.95,1.04,1.05,1.06,FALSE,FALSE,FALSE,FALSE,FALSE,49.1,99.908966,50,80.84444,20.014956,FALSE,FALSE,FALSE,FALSE,FALSE,1.09,FALSE,10.4,FALSE,26,FALSE
2026-01-12 18:50:18,1063,17,104,359,200,128,115,133,225,309,252,319,214,281,266,313,617,677,728,239,301,316,213,218,238,325,376,386,400,300,254,240,326,458,442,634,428,432,393,400,289,479,452,661,509,347,375,549,724,301,279,211,403,299,356,279,252,329,346,121,183,246,233,224,169,347,226,FALSE,FALSE,FALSE,FALSE,FALSE,FALSE,FALSE,FALSE,FALSE,FALSE,FALSE,FALSE,FALSE,FALSE,FALSE,FALSE,FALSE,FALSE,FALSE,FALSE,FALSE,FALSE,FALSE,FALSE,FALSE,FALSE,FALSE,FALSE,FALSE,FALSE,FALSE,FALSE,FALSE,FALSE,FALSE,FALSE,FALSE,FALSE,FALSE,FALSE,FALSE,FALSE,FALSE,FALSE,FALSE,FALSE,FALSE,FALSE,FALSE,FALSE,FALSE,FALSE,FALSE,FALSE,FALSE,FALSE,FALSE,FALSE,FALSE,FALSE,FALSE,FALSE,FALSE,FALSE,FALSE,FALSE,FALSE,2.7472,5.1329665,2.1329782,4.199518,2.1048746,1.66956,1.66854,1.6647657,1.6684892,1.6947939,1.6383516,1.6649309,1.5871488,1.695309,1.735688,1.7212149,1.8168241,2.0056868,2.7218578,1.3484519,1.1658853,1.2799504,1.3687613,1.3570263,1.300206,1.2821888,1.4095781,1.2847632,1.2164271,1.6227258,1.6788529,1.5489383,1.567862,1.7596163,2.7619529,2.104057,1.9276361,1.961904,1.9101881,1.9829199,1.968616,1.8535773,1.9439496,1.9118414,1.9197359,1.9496882,1.8941118,2.033793,2.3182817,0.9443245,1.022589,1.1166705,0.9180342,1.167069,1.0409677,1.0815973,1.145913,1.0219184,1.6275864,1.6945375,1.7464904,1.3765938,1.3826998,1.4113071,1.3052629,1.3468512,2.1559558,FALSE,FALSE,FALSE,FALSE,FALSE,FALSE,FALSE,FALSE,FALSE,FALSE,FALSE,FALSE,FALSE,FALSE,FALSE,FALSE,FALSE,FALSE,FALSE,FALSE,FALSE,FALSE,FALSE,FALSE,FALSE,FALSE,FALSE,FALSE,FALSE,FALSE,FALSE,FALSE,FALSE,FALSE,FALSE,FALSE,FALSE,FALSE,FALSE,FALSE,FALSE,FALSE,FALSE,FALSE,FALSE,FALSE,FALSE,FALSE,FALSE,FALSE,FALSE,FALSE,FALSE,FALSE,FALSE,FALSE,FALSE,FALSE,FALSE,FALSE,FALSE,FALSE,FALSE,FALSE,FALSE,FALSE,FALSE,-39.97,-20.07,0,20,40.35,FALSE,FALSE,FALSE,FALSE,FALSE,1.15,0.95,1.04,1.05,1.06,FALSE,FALSE,FALSE,FALSE,FALSE,49.1,99.908966,49.958576,80.84444,20.052843,FALSE,FALSE,FALSE,FALSE,FALSE,1.09,FALSE,10.87,FALSE,25.9,FALSE
2026-01-12 18:12:52,1063,17,122,345,201,129,116,135,228,313,257,324,215,283,269,314,614,673,699,241,302,319,214,220,241,326,375,387,408,310,260,246,330,458,424,628,430,433,394,402,293,487,468,687,513,353,382,556,707,307,284,212,411,305,366,282,260,335,340,126,190,254,239,225,166,353,220,FALSE,FALSE,FALSE,FALSE,FALSE,FALSE,FALSE,FALSE,FALSE,FALSE,FALSE,FALSE,FALSE,FALSE,FALSE,FALSE,FALSE,FALSE,FALSE,FALSE,FALSE,FALSE,FALSE,FALSE,FALSE,FALSE,FALSE,FALSE,FALSE,FALSE,FALSE,FALSE,FALSE,FALSE,FALSE,FALSE,FALSE,FALSE,FALSE,FALSE,FALSE,FALSE,FALSE,FALSE,FALSE,FALSE,FALSE,FALSE,FALSE,FALSE,FALSE,FALSE,FALSE,FALSE,FALSE,FALSE,FALSE,FALSE,FALSE,FALSE,FALSE,FALSE,FALSE,FALSE,FALSE,FALSE,FALSE,2.8315706,5.2956605,2.2462358,2.8850284,1.7390364,1.7226192,1.7617848,1.752366,1.762163,1.7760407,1.724991,1.7503115,1.6619474,1.7488984,1.7924687,1.777933,1.9337505,2.106702,2.6449516,1.350879,1.2106329,1.3014034,1.3721266,1.3579136,1.3278558,1.3052964,1.464818,1.3493623,1.3291881,1.696529,1.7598814,1.6323808,1.6539186,1.8335117,2.633382,2.162296,1.9758949,2.0219421,1.982324,2.0347886,2.0256197,1.9276196,2.0250332,1.9581729,1.9970158,2.0068538,1.9422727,2.1063194,2.1939306,0.97537774,1.0632256,1.1632721,0.9568072,1.2051313,1.0886024,1.130008,1.1767436,1.0794863,1.4868217,1.7047666,1.8627735,1.5899571,1.6250478,1.6605271,1.5614762,1.6452363,2.3664303,FALSE,FALSE,FALSE,FALSE,FALSE,FALSE,FALSE,FALSE,FALSE,FALSE,FALSE,FALSE,FALSE,FALSE,FALSE,FALSE,FALSE,FALSE,FALSE,FALSE,FALSE,FALSE,FALSE,FALSE,FALSE,FALSE,FALSE,FALSE,FALSE,FALSE,FALSE,FALSE,FALSE,FALSE,FALSE,FALSE,FALSE,FALSE,FALSE,FALSE,FALSE,FALSE,FALSE,FALSE,FALSE,FALSE,FALSE,FALSE,FALSE,FALSE,FALSE,FALSE,FALSE,FALSE,FALSE,FALSE,FALSE,FALSE,FALSE,FALSE,FALSE,FALSE,FALSE,FALSE,FALSE,FALSE,FALSE,-39.92,-20.05,0,20.02,39.68,FALSE,FALSE,FALSE,FALSE,FALSE,1.15,0.95,1.04,1.05,1.06,FALSE,FALSE,FALSE,FALSE,FALSE,49.1,99.908966,50,80.89489,20.003988,FALSE,FALSE,FALSE,FALSE,FALSE,1.09,FALSE,11.8,FALSE,25.9,FALSE
2026-01-12 17:51:33,1063,17,113,313,183,118,106,121,205,278,230,291,194,252,242,283,555,610,631,242,302,318,216,221,241,329,381,394,409,309,262,247,331,460,429,590,404,410,370,381,277,455,440,644,491,336,364,534,675,306,284,213,412,304,369,282,260,336,342,126,191,257,240,227,168,357,223,FALSE,FALSE,FALSE,FALSE,FALSE,FALSE,FALSE,FALSE,FALSE,FALSE,FALSE,FALSE,FALSE,FALSE,FALSE,FALSE,FALSE,FALSE,FALSE,FALSE,FALSE,FALSE,FALSE,FALSE,FALSE,FALSE,FALSE,FALSE,FALSE,FALSE,FALSE,FALSE,FALSE,FALSE,FALSE,FALSE,FALSE,FALSE,FALSE,FALSE,FALSE,FALSE,FALSE,FALSE,FALSE,FALSE,FALSE,FALSE,FALSE,FALSE,FALSE,FALSE,FALSE,FALSE,FALSE,FALSE,FALSE,FALSE,FALSE,FALSE,FALSE,FALSE,FALSE,FALSE,FALSE,FALSE,FALSE,2.30927,4.8382797,2.1294558,2.3520133,1.9073595,2.2869887,2.4494236,2.4619107,2.4140449,2.4392984,2.3379683,2.2640216,2.0748777,2.084397,2.0725474,2.0533302,2.1451392,2.197142,2.6894453,1.7924439,1.7846872,1.8603424,1.923202,1.9214865,1.8192251,1.7585533,1.7634863,1.6744405,1.5854157,1.84464,1.8940227,1.7979738,1.8032111,1.904325,2.6967402,1.9409524,1.7530932,1.7882345,1.7202771,1.8094735,1.8002542,1.6756617,1.8347061,1.7917428,1.8464307,1.8706594,1.7912126,1.9794391,2.0756118,1.0038365,1.0853956,1.1741543,0.9913006,1.2209439,1.0845485,1.1345154,1.2023681,1.0949705,1.5046285,1.410352,1.6002474,1.2873354,1.3111556,1.33639,1.2098576,1.3059741,2.0072184,FALSE,FALSE,FALSE,FALSE,FALSE,FALSE,FALSE,FALSE,FALSE,FALSE,FALSE,FALSE,FALSE,FALSE,FALSE,FALSE,FALSE,FALSE,FALSE,FALSE,FALSE,FALSE,FALSE,FALSE,FALSE,FALSE,FALSE,FALSE,FALSE,FALSE,FALSE,FALSE,FALSE,FALSE,FALSE,FALSE,FALSE,FALSE,FALSE,FALSE,FALSE,FALSE,FALSE,FALSE,FALSE,FALSE,FALSE,FALSE,FALSE,FALSE,FALSE,FALSE,FALSE,FALSE,FALSE,FALSE,FALSE,FALSE,FALSE,FALSE,FALSE,FALSE,FALSE,FALSE,FALSE,FALSE,FALSE,-39.85,-20.02,0,20,39.58,FALSE,FALSE,FALSE,FALSE,FALSE,1.15,0.94,1.04,1.05,1.08,FALSE,FALSE,FALSE,FALSE,FALSE,49.1,99.908966,50,80.84444,20.011965,FALSE,FALSE,FALSE,FALSE,FALSE,1.09,FALSE,13.15,FALSE,25.9,FALSE
2026-01-12 17:47:38,1063,17,113,313,183,118,106,121,205,278,230,291,194,252,242,283,555,610,631,242,302,318,216,221,241,329,381,394,409,309,262,247,331,460,429,590,404,410,370,381,277,455,440,644,491,336,364,534,675,306,284,213,412,304,369,282,260,336,342,126,191,257,240,227,168,357,223,FALSE,FALSE,FALSE,FALSE,FALSE,FALSE,FALSE,FALSE,FALSE,FALSE,FALSE,FALSE,FALSE,FALSE,FALSE,FALSE,FALSE,FALSE,FALSE,FALSE,FALSE,FALSE,FALSE,FALSE,FALSE,FALSE,FALSE,FALSE,FALSE,FALSE,FALSE,FALSE,FALSE,FALSE,FALSE,FALSE,FALSE,FALSE,FALSE,FALSE,FALSE,FALSE,FALSE,FALSE,FALSE,FALSE,FALSE,FALSE,FALSE,FALSE,FALSE,FALSE,FALSE,FALSE,FALSE,FALSE,FALSE,FALSE,FALSE,FALSE,FALSE,FALSE,FALSE,FALSE,FALSE,FALSE,FALSE,2.3861852,5.008865,2.2921362,2.359921,1.8777698,2.0351896,2.1610844,2.167559,2.0993793,2.1085138,2.0863223,2.0727577,1.9112216,1.9756775,1.9696699,2.0114024,2.0822806,2.2137532,2.6992943,1.8354933,1.8217027,1.924892,1.9770699,1.9823034,1.8868052,1.8256657,1.8335024,1.756477,1.6462203,1.9011095,1.9912266,1.8346347,1.8434474,1.9826008,2.7568238,2.0312636,1.7754949,1.8422468,1.7695984,1.8725157,1.8354714,1.7442912,1.889674,1.8354723,1.8695881,1.8923578,1.8850508,1.9809448,2.1317391,1.0842904,1.1328018,1.2465097,1.0579271,1.2727717,1.1669713,1.1966424,1.2419461,1.1434386,1.5276543,1.4615793,1.6259965,1.3163344,1.3308412,1.360703,1.227818,1.3408809,2.1052077,FALSE,FALSE,FALSE,FALSE,FALSE,FALSE,FALSE,FALSE,FALSE,FALSE,FALSE,FALSE,FALSE,FALSE,FALSE,FALSE,FALSE,FALSE,FALSE,FALSE,FALSE,FALSE,FALSE,FALSE,FALSE,FALSE,FALSE,FALSE,FALSE,FALSE,FALSE,FALSE,FALSE,FALSE,FALSE,FALSE,FALSE,FALSE,FALSE,FALSE,FALSE,FALSE,FALSE,FALSE,FALSE,FALSE,FALSE,FALSE,FALSE,FALSE,FALSE,FALSE,FALSE,FALSE,FALSE,FALSE,FALSE,FALSE,FALSE,FALSE,FALSE,FALSE,FALSE,FALSE,FALSE,FALSE,FALSE,-40.25,-20,0,20.03,39.15,FALSE,FALSE,FALSE,FALSE,FALSE,1.15,0.94,1.04,1.05,1.08,FALSE,FALSE,FALSE,FALSE,FALSE,49.1,99.908966,50,80.84444,20.017946,FALSE,FALSE,FALSE,FALSE,FALSE,1.09,FALSE,14.37,FALSE,25.8,FALSE
2026-01-12 17:43:06,1063,17,113,333,185,119,107,123,207,282,232,291,192,253,242,282,553,608,623,242,304,319,215,223,242,331,380,388,407,311,262,248,330,457,422,592,405,409,366,375,277,457,436,647,484,335,362,527,673,305,279,211,413,303,365,281,259,334,336,129,192,258,242,226,168,357,222,FALSE,FALSE,FALSE,FALSE,FALSE,FALSE,FALSE,FALSE,FALSE,FALSE,FALSE,FALSE,FALSE,FALSE,FALSE,FALSE,FALSE,FALSE,FALSE,FALSE,FALSE,FALSE,FALSE,FALSE,FALSE,FALSE,FALSE,FALSE,FALSE,FALSE,FALSE,FALSE,FALSE,FALSE,FALSE,FALSE,FALSE,FALSE,FALSE,FALSE,FALSE,FALSE,FALSE,FALSE,FALSE,FALSE,FALSE,FALSE,FALSE,FALSE,FALSE,FALSE,FALSE,FALSE,FALSE,FALSE,FALSE,FALSE,FALSE,FALSE,FALSE,FALSE,FALSE,FALSE,FALSE,FALSE,FALSE,2.3429623,4.9428043,2.2332392,4.0137825,1.8871152,2.527776,2.6942427,2.6936407,2.657038,2.640655,2.5234346,2.406204,2.1538892,2.1242054,2.1157205,2.1407661,2.175337,2.2099533,2.7364416,1.745164,1.7349713,1.8331474,1.9014038,1.9200159,1.8224599,1.7490938,1.7512656,1.6884638,1.568421,1.873275,1.9236842,1.7962492,1.8053876,1.9455496,2.668267,1.9808244,1.7783576,1.8109875,1.7580353,1.854234,1.8259671,1.7289333,1.8436506,1.7947236,1.8597239,1.889411,1.7940763,1.972074,2.1457727,1.0502257,1.1696868,1.2486078,1.0190092,1.2492392,1.1231579,1.1649407,1.2372457,1.1358827,1.5693552,1.5306346,1.6524246,1.3314292,1.3472993,1.3649199,1.2522644,1.3357435,2.0781112,FALSE,FALSE,FALSE,FALSE,FALSE,FALSE,FALSE,FALSE,FALSE,FALSE,FALSE,FALSE,FALSE,FALSE,FALSE,FALSE,FALSE,FALSE,FALSE,FALSE,FALSE,FALSE,FALSE,FALSE,FALSE,FALSE,FALSE,FALSE,FALSE,FALSE,FALSE,FALSE,FALSE,FALSE,FALSE,FALSE,FALSE,FALSE,FALSE,FALSE,FALSE,FALSE,FALSE,FALSE,FALSE,FALSE,FALSE,FALSE,FALSE,FALSE,FALSE,FALSE,FALSE,FALSE,FALSE,FALSE,FALSE,FALSE,FALSE,FALSE,FALSE,FALSE,FALSE,FALSE,FALSE,FALSE,FALSE,-39.7,-20.08,0,20.05,40.35,FALSE,FALSE,FALSE,FALSE,FALSE,1.15,0.94,1.04,1.05,1.08,FALSE,FALSE,FALSE,FALSE,FALSE,49.1,99.908966,49.958576,80.84444,19.992023,FALSE,FALSE,FALSE,FALSE,FALSE,1.09,FALSE,14.99,FALSE,25.8,FALSE
2026-01-12 17:38:43,1063,17,113,337,184,118,107,123,205,280,228,291,194,243,237,280,552,616,726,242,303,316,214,220,240,325,375,389,407,292,251,242,322,464,517,585,401,404,364,376,276,441,421,629,480,331,359,537,797,306,288,215,400,293,358,279,257,339,399,109,172,245,234,218,163,359,271,FALSE,FALSE,FALSE,FALSE,FALSE,FALSE,FALSE,FALSE,FALSE,FALSE,FALSE,FALSE,FALSE,FALSE,FALSE,FALSE,FALSE,FALSE,FALSE,FALSE,FALSE,FALSE,FALSE,FALSE,FALSE,FALSE,FALSE,FALSE,FALSE,FALSE,FALSE,FALSE,FALSE,FALSE,FALSE,FALSE,FALSE,FALSE,FALSE,FALSE,FALSE,FALSE,FALSE,FALSE,FALSE,FALSE,FALSE,FALSE,FALSE,FALSE,FALSE,FALSE,FALSE,FALSE,FALSE,FALSE,FALSE,FALSE,FALSE,FALSE,FALSE,FALSE,FALSE,FALSE,FALSE,FALSE,FALSE,2.2777348,4.83275,2.0288072,3.6772537,1.7037591,2.1443577,2.284655,2.3009107,2.2501647,2.2391255,2.1595733,2.138724,1.9583073,2.0691223,1.9784126,1.9757897,2.021633,2.2491019,3.6443233,1.8730611,1.8590631,1.9627551,2.019509,2.0143707,1.9353261,1.8877,1.8847438,1.8287079,1.75492,2.053479,2.0460274,1.8640347,1.8543819,2.0498936,3.741685,1.8960649,1.6748773,1.7120646,1.609246,1.7340819,1.706824,1.665166,1.8793836,1.743663,1.7758466,1.7745641,1.7291222,1.9023169,2.9348445,1.0601664,1.1187733,1.2326081,1.1204538,1.3994554,1.1524762,1.1682286,1.2391846,1.1913261,2.3219638,2.0500116,2.1158128,1.4540801,1.4309098,1.4228704,1.2956667,1.4055697,2.7524693,FALSE,FALSE,FALSE,FALSE,FALSE,FALSE,FALSE,FALSE,FALSE,FALSE,FALSE,FALSE,FALSE,FALSE,FALSE,FALSE,FALSE,FALSE,FALSE,FALSE,FALSE,FALSE,FALSE,FALSE,FALSE,FALSE,FALSE,FALSE,FALSE,FALSE,FALSE,FALSE,FALSE,FALSE,FALSE,FALSE,FALSE,FALSE,FALSE,FALSE,FALSE,FALSE,FALSE,FALSE,FALSE,FALSE,FALSE,FALSE,FALSE,FALSE,FALSE,FALSE,FALSE,FALSE,FALSE,FALSE,FALSE,FALSE,FALSE,FALSE,FALSE,FALSE,FALSE,FALSE,FALSE,FALSE,FALSE,-39.72,-19.85,0,20.03,40.3,FALSE,FALSE,FALSE,FALSE,FALSE,1.15,0.94,1.04,1.05,1.08,FALSE,FALSE,FALSE,FALSE,FALSE,49.1,99.908966,50,80.84444,20.01296,FALSE,FALSE,FALSE,FALSE,FALSE,1.09,FALSE,11.11,FALSE,25.8,FALSE
2026-01-12 17:33:03,1063,17,114,314,185,118,105,120,204,278,227,284,195,244,236,281,545,617,724,243,303,319,214,221,239,324,374,389,406,293,251,241,322,463,518,593,402,404,365,376,278,445,422,636,482,331,359,537,800,305,288,215,398,293,362,279,257,336,397,107,172,244,233,219,163,360,271,FALSE,FALSE,FALSE,FALSE,FALSE,FALSE,FALSE,FALSE,FALSE,FALSE,FALSE,FALSE,FALSE,FALSE,FALSE,FALSE,FALSE,FALSE,FALSE,FALSE,FALSE,FALSE,FALSE,FALSE,FALSE,FALSE,FALSE,FALSE,FALSE,FALSE,FALSE,FALSE,FALSE,FALSE,FALSE,FALSE,FALSE,FALSE,FALSE,FALSE,FALSE,FALSE,FALSE,FALSE,FALSE,FALSE,FALSE,FALSE,FALSE,FALSE,FALSE,FALSE,FALSE,FALSE,FALSE,FALSE,FALSE,FALSE,FALSE,FALSE,FALSE,FALSE,FALSE,FALSE,FALSE,FALSE,FALSE,2.3022122,5.1325126,2.0543504,2.471515,1.6579452,1.8041557,1.9010462,1.8839976,1.8316995,1.8786297,1.8481342,1.8915884,1.7593781,1.9316766,1.8771175,1.8516573,1.9672751,2.1629064,3.510328,1.3270564,1.1616583,1.2819086,1.3618914,1.3559145,1.2834291,1.2589631,1.3867383,1.2775457,1.2070935,1.6716275,1.7169423,1.5054075,1.4992603,1.7632104,3.475755,1.9851989,1.7750618,1.7852492,1.7342964,1.8109094,1.799811,1.7483411,1.9233313,1.7539078,1.7946568,1.8118799,1.7409725,1.9328548,2.8256083,1.0508416,1.118848,1.2156037,1.1397145,1.3825563,1.1755182,1.1792768,1.2480257,1.1853709,2.2316256,2.0083394,2.1120694,1.4821601,1.4047036,1.4049162,1.275363,1.3731998,2.6366928,FALSE,FALSE,FALSE,FALSE,FALSE,FALSE,FALSE,FALSE,FALSE,FALSE,FALSE,FALSE,FALSE,FALSE,FALSE,FALSE,FALSE,FALSE,FALSE,FALSE,FALSE,FALSE,FALSE,FALSE,FALSE,FALSE,FALSE,FALSE,FALSE,FALSE,FALSE,FALSE,FALSE,FALSE,FALSE,FALSE,FALSE,FALSE,FALSE,FALSE,FALSE,FALSE,FALSE,FALSE,FALSE,FALSE,FALSE,FALSE,FALSE,FALSE,FALSE,FALSE,FALSE,FALSE,FALSE,FALSE,FALSE,FALSE,FALSE,FALSE,FALSE,FALSE,FALSE,FALSE,FALSE,FALSE,FALSE,-39.53,-19.93,0,20.28,39.5,FALSE,FALSE,FALSE,FALSE,FALSE,1.15,0.95,1.04,1.05,1.08,FALSE,FALSE,FALSE,FALSE,FALSE,49.1,99.908966,50,80.84444,19.983051,FALSE,FALSE,FALSE,FALSE,FALSE,1.09,FALSE,11.65,FALSE,25.8,FALSE
2026-01-12 10:33:34,1063,17,116,341,202,128,115,132,225,307,252,319,215,279,265,311,600,663,691,241,300,318,214,222,242,329,373,389,406,304,259,246,328,460,433,606,410,417,378,389,284,468,447,654,491,343,370,543,690,315,294,219,418,311,376,289,267,352,381,123,191,254,240,222,168,354,226,FALSE,FALSE,FALSE,FALSE,FALSE,FALSE,FALSE,FALSE,FALSE,FALSE,FALSE,FALSE,FALSE,FALSE,FALSE,FALSE,FALSE,FALSE,FALSE,FALSE,FALSE,FALSE,FALSE,FALSE,FALSE,FALSE,FALSE,FALSE,FALSE,FALSE,FALSE,FALSE,FALSE,FALSE,FALSE,FALSE,FALSE,FALSE,FALSE,FALSE,FALSE,FALSE,FALSE,FALSE,FALSE,FALSE,FALSE,FALSE,FALSE,FALSE,FALSE,FALSE,FALSE,FALSE,FALSE,FALSE,FALSE,FALSE,FALSE,FALSE,FALSE,FALSE,FALSE,FALSE,FALSE,FALSE,FALSE,2.3801033,4.9659643,2.5066626,3.0778105,3.2698941,3.6367104,3.7086082,3.731588,3.7719839,3.8375816,3.7704222,3.7031486,3.548522,3.5275795,3.4517295,3.4408655,3.443187,3.470165,3.692454,3.0688949,3.2403111,3.3807733,3.4525883,3.5211499,3.445269,3.3811588,3.2359514,3.1910543,2.9911296,2.895935,2.8275685,2.6879237,2.570954,2.3845167,2.660554,2.1776006,1.9886888,2.026629,2.0586367,2.1309423,2.1161878,2.0820034,2.1884224,2.1360862,2.1440923,2.1453614,2.1191025,2.2646453,2.4682143,0.9582909,1.0920883,1.2138934,1.1220169,1.3327318,1.2301031,1.3376071,1.7820911,2.6559782,4.329122,1.6513271,1.8329697,1.5136607,1.5323935,1.5408511,1.4157999,1.4563919,2.1202574,FALSE,FALSE,FALSE,FALSE,FALSE,FALSE,FALSE,FALSE,FALSE,FALSE,FALSE,FALSE,FALSE,FALSE,FALSE,FALSE,FALSE,FALSE,FALSE,FALSE,FALSE,FALSE,FALSE,FALSE,FALSE,FALSE,FALSE,FALSE,FALSE,FALSE,FALSE,FALSE,FALSE,FALSE,FALSE,FALSE,FALSE,FALSE,FALSE,FALSE,FALSE,FALSE,FALSE,FALSE,FALSE,FALSE,FALSE,FALSE,FALSE,FALSE,FALSE,FALSE,FALSE,FALSE,FALSE,FALSE,FALSE,FALSE,FALSE,FALSE,FALSE,FALSE,FALSE,FALSE,FALSE,FALSE,FALSE,-38.75,-19.33,0,20.72,38.47,FALSE,FALSE,FALSE,FALSE,FALSE,1.15,0.95,1.04,1.05,1.06,FALSE,FALSE,FALSE,FALSE,FALSE,49.1,99.908966,50,80.84444,20.034895,FALSE,FALSE,FALSE,FALSE,FALSE,1.09,FALSE,16.8,FALSE,26.1,FALSE
